muni,yhat_1
1011001,0.101988964
1011002,0.316858
1011003,0.2052276
1011004,0.2115831
1011005,0.09744069
1011006,0.17595568
1011007,0.2512227
1011008,0.23577587
1011009,0.21767537
1011010,0.28094655
1011011,0.08698289
1021001,0.064273134
1021002,0.100405306
1021003,0.08118534
1021004,0.06822667
1021005,0.07688713
1031001,0.10544584
1031002,0.07017294
1031003,0.0451501
1031008,0.04156307
1031009,0.04072221
1041001,0.16546157
1041002,0.15379004
1041003,0.07672746
1041004,0.2971981
1041005,0.1966441
1041006,0.40025398
1041007,0.36267206
1041008,0.19648376
1041009,0.37820703
1041010,0.49883977
1041011,0.34241116
1051002,0.032066736
1051003,0.08338509
1051004,0.14783978
1051006,0.07531015
1051007,0.25124258
1051008,0.15744369
1051009,0.17072684
1051010,0.060278933
1051011,0.27703878
1051014,0.208463
1051017,0.15828313
1051018,0.12333917
1051019,0.14040607
1051020,0.07659486
1051021,0.1036978
1051022,0.06154606
1051023,0.18981208
1051024,0.12639046
1051025,0.11722935
1051026,0.1673465
1051027,0.07192387
1051028,0.13794343
1051029,0.22905989
1051030,0.08452412
1051031,0.046493813
1051032,0.08721624
1051033,0.15799631
1051034,0.09740723
1051035,0.10036384
1051036,0.23782913
1051037,0.154795
1051038,0.17209615
1061001,0.22348177
1061002,0.10352516
1061003,0.11423001
1061004,0.16944501
1061005,0.13380848
1061006,0.3443625
1061007,0.117314085
1061008,0.21336348
1061009,0.15881246
1061010,0.07822855
1071001,0.278287
1071002,0.3456302
1071003,0.46644744
1071004,0.62392473
1071005,0.6569232
1071006,0.68844265
1071007,0.42958683
1071008,0.67951643
1071009,0.40879467
1071011,0.7686067
1071012,0.28464127
1071013,0.56607634
1071014,0.85488236
1071015,0.5184504
1071016,0.41930178
1071017,0.21094978
1071018,0.55425173
1071019,0.20400068
1071020,0.52549785
1071021,0.544533
1071022,0.9139877
1071023,0.8107777
1071025,0.5284715
1071026,0.8876605
1071027,0.49301207
1071028,0.29735574
1071029,0.3954401
1071030,0.62740093
1071031,0.63697916
1071032,0.5713533
1071034,0.6075837
1071035,0.556051
1071037,0.5478631
1071039,0.6091018
1071040,0.17982005
1071041,0.6509533
1071042,0.49293274
1071043,0.5044485
1071044,0.10342292
1071045,0.7060635
1071046,0.6760761
1071047,0.6046461
1071048,0.1607598
1071049,0.4326486
1071050,0.40650403
1071051,0.53500056
1071052,0.47038242
1071054,0.44348764
1071055,0.35333836
1071057,0.5399047
1071059,0.2316381
1071060,0.63140553
1071061,0.2971939
1071062,0.14262457
1071063,0.4531011
1071064,0.56596196
1071065,0.5555074
1071066,0.7027182
1071067,0.72123426
1071068,0.5053898
1071069,0.62799174
1071071,0.30931577
1071072,0.61792713
1071073,0.5043675
1071074,0.092886664
1071075,0.4823913
1071076,0.7022339
1071077,0.5325612
1071078,0.28300613
1071079,0.22160973
1071080,0.8630956
1071081,0.49894312
1071082,0.53086877
1071083,0.2936064
1071084,0.5758843
1071085,0.43529472
1071086,0.35171583
1071087,0.36708987
1071089,0.18005934
1071091,0.40735158
1071092,0.57840014
1071093,0.88409334
1071094,0.5413534
1071096,0.46931845
1071097,0.41886833
1071099,0.46406764
1071100,0.64455
1071101,0.097987294
1071102,0.34262758
1071103,0.29070202
1071104,0.3249908
1071105,0.5711646
1071106,0.6214501
1071107,0.65343
1071108,0.5285312
1071109,0.2535335
1071111,0.763321
1071112,0.9046358
1071113,0.24666041
1071114,0.3640124
1071116,0.7084666
1071117,0.5517468
1081001,0.28938657
1081002,0.11635018
1081003,0.31941602
1081004,0.1941017
1081005,0.321066
1081006,0.0937423
1081007,0.26200312
1081008,0.3487501
1081009,0.20498972
1081011,0.1387763
1081013,0.11188092
1081016,0.13874169
1081017,0.14134221
1081018,0.29974213
1081019,0.065228656
1081020,0.2473227
1081021,0.15588902
1081022,0.20414671
1081023,0.18437462
1081025,0.20073582
1081027,0.36325824
1081028,0.11634044
1081029,0.52719253
1081030,0.301769
1081031,0.06688855
1081032,0.10489301
1081034,0.2066554
1081035,0.3481376
1081036,0.09195317
1081037,0.13781309
1081038,0.20217918
1081039,0.22513139
1081040,0.10795053
1081043,0.2689384
1081044,0.19188438
1081045,0.13941735
1081046,0.39833346
1081048,0.16250758
1081050,0.06525288
1081051,0.2695909
1081052,0.12965956
1081053,0.18915024
1081054,0.11632567
1081055,0.19451489
1081058,0.25555745
1081059,0.2543726
1081060,0.18704104
1081061,0.11317164
1081062,0.17914057
1081066,0.45889202
1081067,0.28204665
1091002,0.094286196
1091003,0.07341606
1091004,0.05436143
1091005,0.07515714
1091006,0.09656686
1091007,0.10735115
1091008,0.08793399
1091009,0.15791239
1091010,0.056274164
1091011,0.07362538
1091012,0.09150597
1091013,0.1088785
1091014,0.084520355
1091015,0.09046432
1091016,0.07522645
1091017,0.08654037
1101001,0.30479148
1101002,0.2444653
1101004,0.11433174
1101005,0.100924686
1101006,0.25635666
1101007,0.15204686
1101008,0.22640339
1101009,0.06503559
1101010,0.26374462
1101011,0.29467267
1101012,0.11887396
1101013,0.19397067
1101014,0.33041888
1101015,0.3905158
1101016,0.21601613
1101017,0.13010225
1101018,0.19860263
1101020,0.5208151
1101021,0.30260482
1101022,0.20205308
1101023,0.045986578
1101024,0.2791633
1101026,0.37099636
1101028,0.34088087
1101031,0.2354072
1101032,0.18278778
1101033,0.26009798
1101034,0.19237603
1101035,0.28013983
1101036,0.15865614
1101037,0.38294217
1101038,0.18630122
1101039,0.16193368
1111001,0.12801284
1111002,0.24257609
1111003,0.10178022
1111004,0.19644582
1111005,0.124620505
1111007,0.10203878
1111008,0.2294782
1111009,0.27317166
1111010,0.07259993
1111011,0.12894242
1111012,0.17384315
1111013,0.27772626
1111014,0.12607138
1111015,0.12435605
1111016,0.24186036
1111017,0.1266904
1111018,0.18141578
1111019,0.31856
1111020,0.09997774
1111021,0.14922309
1111022,0.19762881
1111023,0.07208489
1111024,0.09570475
1111025,0.19231084
1111026,0.18131721
1111027,0.09484923
1111028,0.22620115
1111029,0.28093082
1111030,0.23873939
1111031,0.117092274
1111032,0.13020831
1111033,0.14862734
1111034,0.45928863
1111035,0.22981308
1111036,0.13570262
1111037,0.1033339
1111038,0.16955225
1111039,0.24813955
1111040,0.39755058
1111041,0.056354243
1111042,0.11881166
1111043,0.42635974
1111044,0.20737293
1111046,0.21428095
1121001,0.1373599
1121002,0.44443867
1121003,0.36886886
1121004,0.3898824
1121005,0.45059186
1121006,0.3652433
1121007,0.40035993
1121008,0.35077116
1121010,0.764081
1121011,0.30920166
1121012,0.4935935
1121013,0.24321042
1121014,0.37702146
1121015,0.35091653
1121016,0.5688201
1121017,0.16417712
1121018,0.41197667
1121019,0.32814285
1121020,0.5357555
1121021,0.29776153
1121022,0.21803086
1121023,0.38412148
1121024,0.51645434
1121025,0.44549382
1121027,0.49498597
1121028,0.47185114
1121029,0.2682799
1121030,0.38257664
1121032,0.30327192
1121033,0.5509625
1121034,0.26448837
1121035,0.21399748
1121036,0.32847047
1121037,0.33221152
1121038,0.22382747
1121039,0.35308155
1121040,0.31149074
1121041,0.69213784
1121042,0.5346799
1121044,0.36537743
1121045,0.33831486
1121046,0.39787456
1121048,0.18539765
1121049,0.35089377
1121050,0.17637046
1121051,0.740504
1121052,0.38904873
1121053,0.44155902
1121054,0.3971434
1121055,0.3052512
1121056,0.67676616
1121057,0.17487705
1121058,0.43715954
1121059,0.369056
1121060,0.6362484
1121061,0.27179873
1121062,0.55354214
1121064,0.4170964
1121065,0.64849615
1121066,0.1405534
1121067,0.5041514
1121068,0.36081487
1121069,0.5028627
1121070,0.393983
1121071,0.3690939
1121072,0.6543814
1121073,0.25789097
1121074,0.57888407
1121075,0.4021158
1121076,0.81064177
1121077,0.2493577
1121079,0.58854413
1121080,0.3282458
1121081,0.50788176
1131001,0.19104154
1131002,0.3122527
1131003,0.12113235
1131004,0.51585746
1131005,0.28204727
1131006,0.42239267
1131007,0.32827926
1131008,0.21269362
1131009,0.15609495
1131010,0.161436
1131011,0.48321185
1131012,0.2295016
1131013,0.06714746
1131014,0.6058185
1131015,0.64561605
1131016,0.3524587
1131017,0.4497963
1131018,0.64081365
1131019,0.4036935
1131021,0.13692787
1131022,0.1854248
1131023,0.29467604
1131024,0.29015064
1131025,0.63873845
1131026,0.47630155
1131027,0.74502647
1131028,0.3090223
1131029,0.19993144
1131030,0.16206715
1131031,0.33054802
1131032,0.4104772
1131034,0.63613665
1131035,0.20093799
1131036,0.2260809
1131037,0.36998925
1131038,0.28449732
1131039,0.14870848
1131040,0.57132477
1131041,0.111741
1131042,0.4242484
1131044,0.29755187
1131045,0.3863272
1131046,0.46187395
1131048,0.099261224
1131049,0.553326
1131050,0.11661348
1131051,0.07947577
1131052,0.2027249
1131053,0.34742448
1131054,0.4836767
1131055,0.28917015
1131056,0.101211384
1131057,0.3142445
1131058,0.38778448
1131059,0.2500033
1131060,0.6160403
1131061,0.27846715
1131062,0.44321108
1131063,0.06484874
1131064,0.45268717
1131065,0.2775522
1131066,0.16625717
1131067,0.28510523
1131068,0.40383378
1131069,0.11936468
1131070,0.09972815
1131072,0.2195044
1131073,0.5507914
1131074,0.098281674
1131075,0.15107377
1131076,0.16905597
1131077,0.13258484
1131078,0.8580315
1131079,0.24247143
1131080,0.91971415
1131081,0.20483544
1131082,0.23243295
1131083,0.104055904
1131084,0.40192667
1141001,0.30662936
1141002,0.16210833
1141003,0.1302679
1141004,0.41128674
1141005,0.1226023
1141006,0.10424379
1141007,0.24833049
1141008,0.17361555
1141009,0.1350427
1141010,0.1970897
1141011,0.31253287
1141012,0.3339451
1141013,0.18044633
1141014,0.24935916
1141015,0.10135189
1141016,0.27993885
1141017,0.2717237
1141018,0.20390323
1141019,0.24506858
1141020,0.42838374
1141021,0.12937456
1141022,0.21636061
1141023,0.07448961
1141024,0.23298712
1141025,0.14256953
1141026,0.26830283
1141027,0.22385015
1141029,0.25443414
1141030,0.20188867
1141032,0.14772338
1141033,0.16539411
1141035,0.16132066
1141036,0.14578497
1141037,0.19558977
1141038,0.30828494
1141039,0.11920629
1141040,0.1723876
1141041,0.292146
1141042,0.21568781
1141043,0.30449817
1141044,0.12987244
1141045,0.31772774
1141046,0.14673068
1141047,0.28142312
1141048,0.19396743
1141049,0.3281726
1141050,0.0843516
1141051,0.15631261
1141052,0.26695302
1141053,0.09641174
1141054,0.5178185
1141055,0.18603098
1141057,0.25986427
1141058,0.24796106
1141059,0.14432976
1141060,0.24015036
1141061,0.2741546
1141063,0.20027263
1141064,0.36818957
1141065,0.26706925
1141066,0.1821325
1141067,0.16708137
1141068,0.3131533
1141069,0.19847046
1141070,0.06988176
1141072,0.31678382
1141073,0.117259376
1141074,0.19503553
1141075,0.13808744
1141076,0.27695227
1141077,0.22417273
1141078,0.22377607
1141079,0.17053649
1141080,0.29819655
1141082,0.08268607
1141083,0.1638416
1141084,0.15511638
1141085,0.1495924
1141086,0.18653125
1141087,0.22435264
1141088,0.20154892
1141089,0.23204039
1141090,0.21371326
1141091,0.22449677
1141092,0.27844992
1141093,0.15048775
1141094,0.6264064
1141095,0.29700014
1141096,0.21404012
1141097,0.06974295
1141098,0.044802938
1141099,0.2573444
1141100,0.351081
1141101,0.078463174
1141102,0.12682961
1141103,0.2350191
1141104,0.3731783
1141105,0.16454418
1141106,0.3055002
1141107,0.349373
1141108,0.3344731
1141109,0.26093513
1141110,0.24252419
1141111,0.22096835
1141112,0.38820282
1141113,0.20485522
1141114,0.14819676
1141115,0.24061373
1141116,0.23395692
1141117,0.19717811
1141118,0.18721844
1141119,0.16772076
1141120,0.061704874
1141121,0.04408165
1141122,0.46570963
1141123,0.24602304
1141124,0.09408057
1141125,0.19105291
1151001,0.28162226
1151002,0.10833186
1151003,0.2863886
1151004,0.41176248
1151005,0.10841492
1151006,0.104938634
1151007,0.21228075
1151008,0.38134623
1151009,0.14861009
1151010,0.15141283
1151011,0.10359836
1151012,0.1629073
1151013,0.088406
1151014,0.11845611
1151015,0.28141254
1151016,0.1925842
1151017,0.2074084
1151018,0.29487795
1151019,0.1081746
1151020,0.039892044
1151021,0.19978262
1151022,0.23562104
1151023,0.11303253
1151024,0.068055615
1151025,0.0918142
1151026,0.25882947
1151027,0.10303865
1151028,0.15013723
1151029,0.13457772
1151030,0.22814229
1151031,0.13398647
1151032,0.36499423
1151033,0.0995367
1151034,0.26746702
1151035,0.059976626
1151036,0.22360344
1151037,0.06597316
1151038,0.23912707
1151039,0.12669908
1151040,0.15046024
1151042,0.120463975
1151043,0.1651347
1151044,0.26058182
1151045,0.12179825
1151046,0.06263022
1151047,0.26077858
1151048,0.1814819
1151049,0.2733604
1151050,0.15401226
1151051,0.039594267
1151052,0.20233415
1151053,0.17037939
1151054,0.046075147
1151055,0.12978338
1151056,0.24381275
1151057,0.122257575
1151058,0.140427
1151059,0.10660634
1151060,0.15901084
1151061,0.17831221
1151062,0.1753614
1151063,0.39692953
1151064,0.12373577
1151065,0.15954117
1151067,0.101962194
1151068,0.19715098
1151069,0.17718412
1151070,0.16211425
1151071,0.26366666
1151072,0.19061537
1151073,0.15877125
1151074,0.21362874
1151075,0.08720325
1151076,0.21862854
1151077,0.38370445
1151078,0.4566993
1151079,0.21608491
1151080,0.43347046
1151081,0.07040912
1151082,0.42546088
1151083,0.14137514
1151084,0.28417912
1151085,0.21303958
1151086,0.5420946
1151087,0.14683273
1151088,0.21595792
1151089,0.2656732
1151090,0.20221414
1151091,0.12864493
1151092,0.1251343
1151093,0.12411173
1151094,0.19594859
1151095,0.08234893
1151096,0.11626492
1151097,0.4961755
1151098,0.1246017
1151099,0.12785242
1151100,0.17790924
1151101,0.16883983
1151102,0.3245192
1151103,0.106705114
1151104,0.10054073
1151105,0.5438831
1151106,0.076500446
1151107,0.22870271
1151108,0.10810317
1151109,0.10253457
1151110,0.15438244
1151111,0.21611723
1151112,0.24414223
1151113,0.4482047
1151114,0.34768102
1151115,0.045925215
1151116,0.2801041
1151117,0.5084285
1151118,0.10620682
1151119,0.20638241
1151120,0.08614823
1151121,0.096709274
1151122,0.07824688
1151123,0.4153899
1151124,0.27781528
1151125,0.13230865
1161001,0.2638679
1161002,0.20455867
1161003,0.32553452
1161004,0.29912147
1161005,0.28135985
1161006,0.3089263
1161007,0.4382406
1161008,0.46027687
1161009,0.2135839
1161010,0.1780303
1161011,0.29449135
1161012,0.19418585
1161013,0.2953149
1161014,0.32571885
1161015,0.11963284
1161016,0.23392764
1161017,0.3067829
1161018,0.38077456
1161019,0.22684523
1161020,0.2927448
1161021,0.51812
1161022,0.21079148
1161023,0.24341786
1161024,0.32025412
1161025,0.41095203
1161028,0.21466869
1161029,0.43321523
1161030,0.28876534
1161031,0.32142577
1161032,0.3529246
1161033,0.28571385
1161034,0.2279998
1161035,0.2297199
1161036,0.45373195
1161037,0.23204146
1161038,0.30036122
1161039,0.30436084
1161040,0.30057272
1161041,0.2378504
1161042,0.33492753
1161043,0.03809237
1161044,0.33002076
1161045,0.16035262
1161046,0.37744486
1161047,0.5812671
1161048,0.21390268
1161049,0.33950776
1161050,0.4611531
1161051,0.2661633
1161052,0.14163332
1161053,0.1139356
1161054,0.22519727
1161055,0.13575605
1161056,0.37906528
1161057,0.51725465
1161058,0.45706096
1161059,0.30579802
1161060,0.20426579
1161061,0.5491862
1161062,0.44883534
1161063,0.33415344
1161064,0.3644158
1161065,0.27868396
1161066,0.28849205
1161067,0.37055668
1161068,0.29263046
1161069,0.050249178
1161070,0.19574344
1161071,0.20628971
1161072,0.37980604
1161073,0.34597692
1161074,0.26953396
1161075,0.31920218
1161076,0.065790385
1161077,0.42786756
1161078,0.40809542
1161079,0.28411603
1161080,0.3414262
1161081,0.33153713
1161082,0.2797453
1161083,0.34578294
1161084,0.313689
1161085,0.2556973
1161086,0.31188154
1161087,0.27441785
1161088,0.16611843
1161089,0.14757538
1161090,0.38467306
1161091,0.1892128
1161092,0.4314822
1161093,0.45269915
1161094,0.34681526
1161095,0.30239636
1161096,0.35294008
1161097,0.439258
1161098,0.34988797
1161099,0.42210072
1161100,0.3283159
1161101,0.40472415
1161102,0.11839388
1161103,0.24351667
1161104,0.3344889
1161105,0.27503124
1161106,0.14165172
1161107,0.20393097
1161108,0.06758946
1161109,0.4332463
1161110,0.33549368
1161111,0.21614906
1161112,0.20694987
1161113,0.3120296
1171001,0.108511746
1171002,0.22309531
1171003,0.22682711
1171004,0.14683805
1171005,0.36958835
1171006,0.08331887
1171007,0.09041027
1171008,0.047373194
1171009,0.11949193
1171010,0.0782652
1171011,0.063936025
1171012,0.124993615
1171013,0.15915543
1171014,0.1106047
1171015,0.18862489
1171016,0.16405956
1171017,0.08385531
1171018,0.098016515
1171019,0.27162707
1171020,0.07694364
1171021,0.39950988
1171022,0.23991019
1171023,0.25706285
1171024,0.17528866
1171025,0.19222467
1171026,0.1868125
1171027,0.23276576
1171028,0.08948727
1171029,0.17512639
1171030,0.088330455
1171031,0.057237267
1171032,0.14794964
1171033,0.088847555
1181001,0.28235772
1181002,0.14818612
1181003,0.09946121
1181004,0.16817082
1181005,0.39333415
1181006,0.08229144
1181007,0.20034312
1181008,0.1139081
1181009,0.4418122
1181010,0.19467129
1181011,0.11105731
1181012,0.25558907
1181013,0.21641883
1181014,0.21749279
1181015,0.23927009
1181016,0.2039485
1181017,0.079259805
1181018,0.16457167
1181019,0.2665054
1181020,0.12773018
1191001,0.07745783
1191004,0.10003352
1191005,0.07864109
1191006,0.06315738
1191007,0.22219434
1191008,0.09315933
1191009,0.116837755
1191010,0.06316883
1191011,0.14895453
1191012,0.06947117
1191013,0.17246927
1191014,0.08295066
1191016,0.28063908
1191017,0.32572877
1191018,0.08121681
1191019,0.04616875
1191020,0.21953942
1191021,0.053252574
1191022,0.26782823
1191025,0.05035169
1191026,0.052617215
1191029,0.15016174
1191030,0.29775172
1191031,0.07066248
1191032,0.24846058
1191033,0.18598653
1191034,0.107344635
1191037,0.2832015
1191038,0.08166078
1191039,0.07441132
1191041,0.08073094
1191042,0.25778338
1191044,0.11089008
1191045,0.11916104
1191046,0.116166286
1191047,0.15107526
1191048,0.062072773
1191049,0.06792003
1191051,0.09994314
1201002,0.40459722
1201005,0.30593708
1201006,0.26689148
1201010,0.16256966
1201012,0.67630446
1201014,0.116703324
1201021,0.14551769
1201023,0.20986402
1201025,0.30998355
1201026,0.3497847
1201028,0.4128814
1201029,0.6125557
1201030,0.18517578
1201031,0.66756797
1201033,0.15664548
1201039,0.06733491
1201040,0.48430955
1201041,0.727092
1201042,0.18077746
1201043,0.19776534
1201044,0.37859452
1201045,0.13403505
1201051,0.36416686
1201058,0.6218829
1201059,0.6202865
1201063,0.20754191
1201064,0.2995686
1201066,0.23965032
1201067,0.0747172
1201068,0.12043835
1201070,0.454415
1201072,0.35055825
1201073,0.46735272
1201075,0.23727925
1201077,0.24705775
1201079,0.085930854
1201083,0.134046
1201084,0.39449394
1201085,0.66064364
1201087,0.25331107
1201090,0.30562568
1201091,0.29194117
1201095,0.5098069
1201102,0.2267699
1201103,0.26824352
1201107,0.08653987
1201115,0.1110635
1201124,0.28206855
1201126,0.36189306
1201131,0.31918603
1201134,0.66459394
1201135,0.38324964
1201136,0.5453231
1201141,0.49352196
1201143,0.25252953
1201145,0.027422626
1201150,0.27393416
1201153,0.48025134
1201157,0.23281959
1201166,0.5071056
1201171,0.5504202
1201174,0.19407704
1201177,0.18659863
1201178,0.3241828
1201184,0.15431482
1201185,0.3750909
1201188,0.55570155
1201190,0.55128694
1201197,0.3578982
1201198,0.45900583
1201202,0.6274208
1201205,0.70379555
1201207,0.55419254
1201217,0.08246381
1201218,0.46564886
1201219,0.4972243
1201220,0.43377152
1201221,0.5018925
1201222,0.4504603
1201223,0.47678888
1201224,0.38819107
1201225,0.41636765
1201226,0.37641722
1201227,0.06605602
1201228,0.39928585
1201229,0.18530999
1201230,0.26833105
1201231,0.40391698
1201232,0.43862128
1201233,0.37113488
1201234,0.12215687
1201235,0.6927881
1201236,0.07004381
1201237,0.40199912
1201238,0.18798095
1201239,0.41882917
1201240,0.2998526
1201241,0.35794628
1201242,0.28537828
1201243,0.5273282
1201244,0.122016534
1201245,0.37640405
1201246,0.20952359
1201247,0.400671
1201248,0.110755794
1201249,0.4565682
1201250,0.23457527
1201251,0.45002976
1201252,0.18696685
1201253,0.53800863
1201254,0.39523026
1201255,0.46387178
1201256,0.12018664
1201257,0.13193393
1201258,0.32861435
1201259,0.26143152
1201260,0.4183562
1201261,0.10577172
1201262,0.34208056
1201263,0.10232043
1201264,0.6023899
1201265,0.07471778
1201266,0.18896474
1201267,0.35720026
1201268,0.5948301
1201269,0.3023771
1201270,0.38602793
1201271,0.4080851
1201272,0.64877844
1201273,0.4706437
1201274,0.27396077
1201275,0.3299184
1201276,0.23103431
1201277,0.3293589
1201278,0.50807786
1201279,0.38842943
1201280,0.6022762
1201281,0.28011066
1201282,0.11358279
1201283,0.4419151
1201284,0.3376363
1201285,0.28887853
1201286,0.3879883
1201287,0.58538914
1201288,0.5245681
1201289,0.38309452
1201290,0.5946368
1201291,0.45424378
1201292,0.42859653
1201293,0.60577
1201294,0.39152005
1201295,0.30073598
1201296,0.21684495
1201297,0.38472736
1201298,0.2901678
1201299,0.56469125
1201300,0.47155496
1201301,0.3348519
1201302,0.59368086
1201303,0.16423728
1201304,0.35456088
1201305,0.34357494
1201306,0.45175263
1201307,0.42404333
1201308,0.27365538
1201309,0.2234022
1201310,0.30443108
1201311,0.12716064
1201312,0.58309776
1201313,0.3648891
1201314,0.15178123
1201315,0.35795325
1211001,0.1939985
1211002,0.27163136
1211003,0.26009214
1211004,0.22476003
1211005,0.7541686
1211006,0.72614276
1211008,0.32058513
1211010,0.31253144
1211012,0.32269946
1211013,0.1598073
1211014,0.7173691
1211015,0.12398483
1211016,0.4180154
1211017,0.21965897
1211019,0.18910976
1211020,0.43593296
1211022,0.32201943
1211023,0.2969717
1211025,0.5261343
1211026,0.25072727
1211029,0.5752042
1211033,0.33209142
1211034,0.42177382
1211035,0.24819161
1211036,0.6479871
1211038,0.09362431
1211039,0.60146147
1211040,0.17362918
1211041,0.057763748
1211043,0.49990577
1211044,0.41407946
1211045,0.5224821
1211046,0.33431226
1211047,0.253893
1211048,0.25828135
1211049,0.6830612
1211050,0.64313775
1211051,0.28356615
1211053,0.27224422
1211054,0.25494653
1211055,0.38515878
1211057,0.4769992
1211058,0.5782794
1211060,0.35754043
1211061,0.72242886
1211062,0.43748844
1211063,0.2770248
1211064,0.24778502
1211065,0.33653322
1211067,0.22363095
1211068,0.6882205
1211069,0.28582087
1211070,0.3219388
1211071,0.10476344
1211072,0.7206708
1211073,0.442467
1211074,0.15774795
1211075,0.4577141
1211076,0.45985422
1211077,0.6131903
1211078,0.6453159
1211079,0.37431622
1211082,0.3510944
1211083,0.31062993
1211084,0.55590636
1211085,0.16084294
1211086,0.7014344
1211087,0.41913477
1211088,0.26905233
1211089,0.7180221
1211090,0.32325757
1211091,0.18405448
1211092,0.6735347
1211093,0.42656192
1211094,0.28106725
1211098,0.57501024
1211099,0.34410933
1211100,0.6277765
1211101,0.37473404
1211102,0.2852465
1211103,0.53946024
1211104,0.16581084
1211105,0.32523593
1211106,0.1073897
1211107,0.7195823
1211108,0.24135435
1211109,0.6957523
1211110,0.25710732
1211111,0.26384526
1211112,0.3474586
1211113,0.5250379
1211114,0.11192454
1211115,0.11262811
1211116,0.6956687
1211117,0.29305848
1211118,0.3110815
1211119,0.12342594
1211120,0.49627343
1211122,0.22846586
1211123,0.6376118
1211124,0.3837966
1211125,0.2118695
1211126,0.36349025
1211128,0.3928269
1211129,0.3408066
1211132,0.07600346
1211134,0.39091244
1211136,0.13131885
1211137,0.351743
1211139,0.5150978
1211140,0.21410997
1211141,0.5288295
1211142,0.3434802
1211143,0.20673867
1211144,0.18123816
1211145,0.555634
1211147,0.4815153
1211148,0.29157382
1211149,0.14169407
1211150,0.5357128
1211151,0.2685413
1211152,0.42772433
1211153,0.24603117
1211154,0.15124021
1211155,0.36393
1211156,0.14231506
1211157,0.372159
1211158,0.42713952
1211159,0.45691103
1211161,0.24379492
1211162,0.3346511
1211163,0.2555717
1211164,0.43090883
1211166,0.29049346
1211167,0.625229
1211168,0.38425553
1211169,0.19391042
1211170,0.362541
1211171,0.31150365
1211172,0.36737266
1211173,0.204886
1211174,0.11666278
1211175,0.4806275
1211176,0.44561857
1211177,0.39164966
1211178,0.7157759
1211179,0.48001236
1211180,0.3191524
1211181,0.29347843
1211182,0.34829542
1211183,0.64709216
1211184,0.6253927
1211185,0.66628325
1211186,0.41792852
1211187,0.6995931
1211188,0.38223785
1211189,0.2855978
1211191,0.4165861
1211192,0.55987895
1211193,0.43584585
1211194,0.21456742
1211195,0.4604515
1211197,0.22281918
1211199,0.2813236
1211200,0.57327425
1211202,0.6599925
1211203,0.45189407
1211204,0.5113463
1211205,0.25560948
1211206,0.43487647
1211207,0.22591819
1211208,0.11057352
1211209,0.46110559
1211210,0.58337337
1211211,0.2642466
1211212,0.424934
1211213,0.72607505
1211214,0.17121023
1211215,0.5838011
1211216,0.718636
1221001,0.26041505
1221002,0.38757443
1221003,0.34287843
1221004,0.26059976
1221005,0.14651169
1221006,0.102318116
1221007,0.20828873
1221008,0.19927758
1221009,0.25667608
1221010,0.47428763
1221011,0.0756035
1221012,0.107612334
1221013,0.39605936
1221014,0.09276685
1221015,0.39661777
1221016,0.09912908
1221017,0.14838836
1221018,0.21164472
1231001,0.082457274
1231002,0.26102468
1231003,0.1438982
1231004,0.14947654
1231005,0.08634966
1231006,0.35915616
1231007,0.2638114
1231008,0.05920061
1231009,0.10399868
1231010,0.43259406
1241001,0.5383732
1241003,0.63912827
1241004,0.2304401
1241005,0.266627
1241006,0.2677032
1241007,0.21349476
1241008,0.26009783
1241009,0.28123683
1241010,0.2676558
1241011,0.19840296
1241012,0.37113476
1241013,0.14702125
1241014,0.7757059
1241015,0.41053295
1241016,0.22826968
1241017,0.3677866
1241018,0.7456732
1241020,0.1404173
1241021,0.25470194
1241022,0.4066466
1241023,0.39173597
1241024,0.22195524
1241025,0.3961544
1241026,0.5526232
1241027,0.33134747
1241028,0.09913193
1241029,0.48436454
1241031,0.5094872
1241032,0.25218272
1241033,0.45400703
1241034,0.3935938
1241035,0.115235165
1241036,0.6243526
1241037,0.35667384
1241038,0.4444417
1241039,0.24688649
1241040,0.32323945
1241041,0.7313383
1241042,0.3672552
1241043,0.32690683
1241044,0.25902474
1241045,0.39166722
1241046,0.33993194
1241047,0.5059243
1241048,0.2808495
1241049,0.3738356
1241050,0.1329917
1241051,0.2027714
1241052,0.39691165
1241053,0.62436
1241054,0.48551342
1241055,0.12130351
1241056,0.33937222
1241057,0.3235769
1241058,0.22264789
1251001,0.11332908
1251002,0.29603502
1251003,0.25591618
1251004,0.15207946
1251005,0.32112744
1251006,0.076983675
1251007,0.19637062
1251008,0.117765255
1251009,0.13812022
1251010,0.25665346
1251011,0.12834527
1251012,0.08747593
1251013,0.2768905
1251014,0.09900294
1251015,0.11698832
1251016,0.26975387
1251017,0.30289438
1251018,0.15403852
1261001,0.18093857
1261002,0.115153275
1261003,0.12594588
1261004,0.16402847
1261006,0.21104662
1261012,0.09566224
1261014,0.08724868
1261016,0.13666807
1261017,0.07368616
1261018,0.088872485
1261019,0.035849277
1261020,0.15124166
1261021,0.19779082
1261023,0.12317085
1261025,0.15256016
1261026,0.25095704
1261027,0.056443356
1261029,0.1211145
1261030,0.07574812
1261033,0.27464736
1261035,0.116126634
1261036,0.09091542
1261038,0.124275245
1261039,0.11762981
1261041,0.043811392
1261042,0.107651465
1261043,0.07254542
1261045,0.1310998
1261047,0.17908959
1261048,0.18673655
1261049,0.3848917
1261051,0.1971021
1261052,0.073746294
1261055,0.15018979
1261056,0.14162405
1261058,0.10816019
1261066,0.10775491
1261069,0.20173284
1261071,0.1218269
1261072,0.20713975
1271001,0.24312508
1271002,0.18616992
1271003,0.2640305
1271004,0.1142392
1271005,0.14889923
1271006,0.11522626
1271007,0.28183427
1271008,0.16358404
1271009,0.26427597
1271010,0.15141022
1271011,0.5047828
1271012,0.23726511
1271013,0.063226946
1271014,0.08846538
1271015,0.55473155
1271016,0.24005435
1271017,0.28061196
1281001,0.2657172
1281002,0.16843496
1281003,0.10954906
1281004,0.28841978
1281007,0.08048826
1281008,0.35836187
1281009,0.10287153
1281011,0.16435345
1281012,0.29778016
1281013,0.21849309
1281014,0.19336957
1281015,0.10716666
1281016,0.33403885
1281017,0.30252647
1281018,0.27020994
1281019,0.32090974
1281021,0.16536066
1281022,0.11120789
1281023,0.22032425
1281024,0.06886846
1281025,0.10763629
1281027,0.19496223
1281028,0.4344779
1281029,0.5581608
1281030,0.23234381
1281032,0.20633054
1281033,0.109438606
1281034,0.5273064
1281035,0.18530339
1281037,0.38941002
1281038,0.06538705
1281039,0.47247577
1281040,0.12272702
1281041,0.12630382
1281042,0.36627138
1281043,0.27361524
1291001,0.2524922
1291002,0.17705223
1291003,0.25214487
1291004,0.37104225
1291005,0.30178607
1291006,0.17933777
1291007,0.31110853
1291008,0.23367834
1291009,0.28326774
1291010,0.13892867
1291011,0.35946423
1291012,0.26874986
1291013,0.23606382
1291014,0.4903184
1291015,0.20764026
1291016,0.21337266
1291017,0.23553549
1291018,0.35877144
1291019,0.26242673
1291020,0.27131963
1291021,0.15516374
1291022,0.35664073
1291023,0.18689504
1291024,0.19636625
1291025,0.08457088
1291026,0.068656094
1291027,0.21715735
1291028,0.16593628
1291029,0.21197136
1291030,0.27657256
1291031,0.15393743
1291032,0.33690777
1291033,0.077523164
1291034,0.28552482
1291035,0.28140247
1291036,0.22125298
1291037,0.19752885
1291038,0.17106582
1291039,0.23228975
1291040,0.22137652
1291041,0.2624088
1291042,0.19189934
1291043,0.06587249
1291044,0.19419158
1291045,0.2474621
1291046,0.27647656
1291047,0.29611468
1291048,0.27727863
1291049,0.2885261
1291050,0.30984604
1291051,0.3088219
1291052,0.26793268
1291053,0.14793038
1291054,0.20622468
1291056,0.27392623
1291057,0.20637491
1291058,0.23648894
1291059,0.23959519
1291060,0.22816415
1301001,0.5946613
1301002,0.37178814
1301003,0.17470662
1301004,0.3975302
1301005,0.32547557
1301006,0.47937903
1301007,0.41095603
1301008,0.6691529
1301009,0.2642832
1301010,0.5442892
1301011,0.24348411
1301012,0.3592802
1301013,0.2709055
1301014,0.14625941
1301015,0.32302496
1301016,0.10531907
1301017,0.12609872
1301019,0.4339967
1301020,0.5333046
1301021,0.25294775
1301022,0.34813347
1301023,0.72490925
1301024,0.41101584
1301025,0.512592
1301026,0.15414587
1301027,0.5788627
1301028,0.036561303
1301029,0.4444261
1301030,0.13030484
1301031,0.43499365
1301032,0.27707508
1301033,0.5421156
1301034,0.25074622
1301035,0.71547383
1301036,0.34911236
1301037,0.6905815
1301038,0.15136905
1301039,0.090681225
1301040,0.11902181
1301042,0.47155553
1301043,0.47440755
1301044,0.10826181
1301045,0.27933902
1301046,0.6657977
1301047,0.2376772
1301048,0.1445934
1301049,0.25114134
1301050,0.48238105
1301051,0.47993088
1301052,0.30234873
1301053,0.27172133
1301054,0.23880896
1301055,0.45405778
1301056,0.39180654
1301057,0.7403656
1301058,0.22158699
1301059,0.14049366
1301060,0.4063097
1301061,0.41014883
1301062,0.25299686
1301063,0.24972244
1301065,0.1656389
1301066,0.6124089
1301067,0.520474
1301068,0.08687004
1301069,0.26730672
1301070,0.4905451
1301071,0.3121057
1301072,0.50816905
1301073,0.4370241
1301074,0.1709301
1301075,0.38337258
1301076,0.6928342
1301077,0.29884633
1301078,0.57025003
1301079,0.697237
1301080,0.70355713
1301081,0.16605933
1301082,0.23761037
1301083,0.4975131
1301084,0.3094559
1301085,0.11963927
1301086,0.4252577
1301087,0.10088201
1301088,0.48083693
1301089,0.22683625
1301090,0.4020215
1301091,0.31650335
1301092,0.5559707
1301093,0.30412322
1301094,0.2200296
1301095,0.65516937
1301097,0.17008208
1301099,0.1945057
1301100,0.24544577
1301101,0.15977713
1301102,0.23857962
1301103,0.86821187
1301104,0.35074964
1301105,0.32730564
1301106,0.645855
1301108,0.094124936
1301109,0.41280246
1301110,0.78127813
1301111,0.13480602
1301112,0.34907892
1301113,0.54022276
1301114,0.3621816
1301115,0.21230964
1301116,0.26168162
1301117,0.450877
1301118,0.099091575
1301119,0.20731586
1301120,0.24211653
1301121,0.35857868
1301122,0.3708543
1301123,0.28240073
1301124,0.16226369
1301125,0.25382596
1301126,0.3035135
1301127,0.4518955
1301128,0.22666796
1301129,0.35509884
1301130,0.2322474
1301131,0.07774022
1301132,0.26266325
1301133,0.15797508
1301134,0.26302454
1301135,0.12606223
1301136,0.046557568
1301137,0.67497146
1301138,0.14783853
1301139,0.49029997
1301140,0.58285904
1301141,0.27608523
1301142,0.24029572
1301143,0.32172403
1301144,0.32022482
1301145,0.21277143
1301146,0.5682061
1301147,0.3896851
1301148,0.25502104
1301149,0.44369143
1301150,0.41795743
1301151,0.5767517
1301152,0.37548655
1301153,0.3520729
1301154,0.47489515
1301155,0.32009757
1301156,0.608298
1301157,0.22924912
1301158,0.39435804
1301159,0.6410283
1301160,0.1161052
1301161,0.25322884
1301162,0.7248483
1301163,0.56343883
1301164,0.07398401
1301165,0.71123594
1301166,0.50664425
1301167,0.5821939
1301168,0.6501836
1301169,0.30794045
1301170,0.48039928
1301171,0.56751657
1301172,0.33019674
1301173,0.48653287
1301174,0.13110457
1301175,0.118739866
1301176,0.4172539
1301177,0.6592004
1301178,0.29793856
1301179,0.45176584
1301180,0.4353863
1301181,0.29201758
1301182,0.40494928
1301183,0.19795275
1301184,0.59389126
1301185,0.2160654
1301186,0.38750276
1301187,0.6511037
1301188,0.67216146
1301189,0.14828573
1301191,0.17138429
1301192,0.19489297
1301193,0.09670399
1301194,0.2353085
1301195,0.5093647
1301196,0.2990385
1301197,0.72090846
1301198,0.39293778
1301199,0.24572958
1301200,0.4760553
1301201,0.6392524
1301202,0.50392634
1301203,0.62441283
1301204,0.1305097
1301205,0.36372223
1301206,0.14159712
1301207,0.29919416
1301208,0.26430836
1301209,0.41209784
1301210,0.45507875
1301211,0.18429649
1301212,0.4604664
1311001,0.23829815
1311002,0.13682115
1311003,0.36231717
1311004,0.20157611
1311005,0.3646479
1311006,0.1857831
1311007,0.2121179
1311008,0.46602863
1311009,0.28135762
1311011,0.22661914
1311012,0.38092896
1311013,0.050238613
1311015,0.23784107
1311017,0.4779575
1311018,0.25860634
1311019,0.19541006
1311020,0.10173179
1311021,0.49291402
1311023,0.3102051
1311024,0.19383945
1311025,0.31755778
1311026,0.25614202
1311027,0.25223812
1311028,0.28159335
1311029,0.3385126
1311030,0.5135756
1311032,0.23752308
1311033,0.17025134
1311034,0.43971103
1311035,0.380557
1311036,0.15575728
1311037,0.27122924
1311038,0.23895276
1311039,0.26427725
1311040,0.10570436
1311041,0.04377901
1311042,0.42038253
1311043,0.3633537
1311044,0.17283428
1311045,0.48022223
1311046,0.4619876
1311047,0.46372133
1311048,0.13610703
1311049,0.36587718
1311050,0.10027622
1311051,0.31263745
1311052,0.19862925
1311053,0.3693813
1311054,0.352728
1311055,0.23845834
1311056,0.2775746
1311057,0.23905864
1311058,0.3468874
1311059,0.34616232
1311061,0.29445085
1311062,0.2797269
1311063,0.16683018
1311066,0.5175654
1311067,0.25853616
1311068,0.24912645
1311069,0.22721928
1311070,0.28108564
1311073,0.8390262
1311074,0.18780194
1311075,0.2914078
1311076,0.117523976
1311078,0.44831374
1311079,0.41461468
1311080,0.1680986
1311082,0.26410905
1311084,0.30526882
1311085,0.779041
1311087,0.20261581
1311089,0.12709078
1311090,0.25241238
1311091,0.39861286
1311092,0.7604833
1311093,0.26473358
1311094,0.41119826
1311095,0.10796329
1311096,0.29285923
1311097,0.53101397
1311098,0.30111396
1311099,0.42755383
1311100,0.29297394
1311101,0.17682531
1311102,0.22833242
1311103,0.4220166
1311104,0.41314718
1311105,0.18357782
1321001,0.14958918
1321002,0.40997526
1321004,0.3310011
1321005,0.26167032
1321006,0.27405143
1321007,0.10447065
1321008,0.29927582
1321009,0.21685223
1321010,0.1266978
1321012,0.37575758
1321013,0.3302956
1321014,0.3439402
1321016,0.33948955
1321017,0.118437596
1321018,0.4701092
1321019,0.2207441
1321020,0.15196285
1321022,0.16250063
1321023,0.22306365
1321024,0.39949265
1321025,0.2488861
1321026,0.2656679
1321027,0.343035
1321029,0.26481065
1321031,0.10700458
1321032,0.10296587
1321034,0.1867943
1321035,0.33814952
1321036,0.30014762
1321037,0.24459368
1321038,0.46252704
1321039,0.42532644
1321040,0.19446115
1321042,0.27624458
1321044,0.3033504
1321045,0.27147272
1321046,0.19614117
1321047,0.1507133
1321048,0.19610949
1321049,0.19472353
1321050,0.28856188
1321051,0.5003138
1321052,0.298568
1321053,0.27105618
1321054,0.5884164
1321055,0.15526901
1321056,0.09997437
1321057,0.24852939
