HID,yhat_1,yhat_2
1011001.0,0.013890051041753828,0.01238390092879257
1011002.0,0.05,0.0492
1011003.0,0.025487256371814093,0.021739130434782608
1011004.0,0.04242424242424243,0.03232323232323232
1011005.0,0.021288837744533946,0.019275028768699656
1011006.0,0.025320846340617414,0.02774887270204648
1011007.0,0.03698279018674478,0.0355181252288539
1011008.0,0.043601895734597156,0.035071090047393366
1011009.0,0.043548387096774194,0.03870967741935484
1011010.0,0.05378151260504202,0.05378151260504202
1011011.0,0.01652634861241035,0.013096351730589336
1021001.0,0.02419730107026524,0.021870637505816658
1021002.0,0.009264160931709899,0.007323098641256397
1021003.0,0.01575,0.0155
1021004.0,0.010872251050160613,0.008598962194217939
1021005.0,0.01984251968503937,0.017952755905511812
1031001.0,0.021604938271604937,0.02091906721536351
1031002.0,0.040597472232860976,0.04481041746457296
1031003.0,0.021739130434782608,0.02009499451954695
1031008.0,0.012444444444444444,0.00962962962962963
1031009.0,0.03571428571428571,0.030303030303030304
1041001.0,0.10090782122905027,0.0981145251396648
1041002.0,0.041271151465125874,0.038175815105241435
1041003.0,0.03855841891106375,0.034101918232900603
1041004.0,0.09614912926171204,0.0963944076526858
1041005.0,0.10463045414069456,0.11130899376669635
1041006.0,0.23238614246788633,0.24484235110938107
1041007.0,0.0864575363427697,0.07957153787299158
1041008.0,0.06647807637906648,0.06930693069306931
1041009.0,0.12114656571119524,0.11844240129799892
1041010.0,0.18746001279590532,0.19001919385796545
1041011.0,0.2276070964950238,0.2302033751622674
1051002.0,0.015602427044206876,0.012713088702687085
1051003.0,0.011217948717948718,0.008547008547008548
1051004.0,0.05422647527910686,0.04678362573099415
1051006.0,0.026565464895635674,0.022296015180265655
1051007.0,0.06293222683264177,0.06085753803596127
1051008.0,0.05420560747663551,0.04299065420560748
1051009.0,0.033568172399502695,0.030252797347699957
1051010.0,0.012382075471698114,0.0076650943396226415
1051011.0,0.06141015921152388,0.058377558756633814
1051014.0,0.03673094582185491,0.03581267217630854
1051017.0,0.02783535682558484,0.025466390287237194
1051018.0,0.015322001436437634,0.011970313622216903
1051019.0,0.02537593984962406,0.017857142857142856
1051020.0,0.023493747631678667,0.023872679045092837
1051021.0,0.020387359836901122,0.017329255861365953
1051022.0,0.013416387158600862,0.009103977000479156
1051023.0,0.10096930533117932,0.09208400646203554
1051024.0,0.047230571060541,0.041219407471017606
1051025.0,0.013848817080207732,0.012117714945181766
1051026.0,0.04510108864696734,0.03576982892690513
1051027.0,0.013006654567453115,0.009074410163339383
1051028.0,0.010101010101010102,0.009712509712509712
1051029.0,0.025830258302583026,0.012915129151291513
1051030.0,0.01683402244536326,0.015751132112620594
1051031.0,0.013185654008438819,0.010548523206751054
1051032.0,0.016466399643969738,0.01913662661326213
1051033.0,0.05200433369447454,0.04658721560130011
1051034.0,0.029233870967741934,0.03024193548387097
1051035.0,0.012981865028242988,0.010801704489148746
1051036.0,0.10458715596330276,0.10519877675840979
1051037.0,0.04081632653061224,0.032879818594104306
1051038.0,0.017591339648173207,0.01962110960757781
1061001.0,0.045666356011183594,0.043336439888164026
1061002.0,0.008802816901408451,0.009557344064386318
1061003.0,0.027539503386004513,0.026636568848758466
1061004.0,0.024028629856850715,0.019427402862985686
1061005.0,0.00931174089068826,0.007692307692307693
1061006.0,0.02702702702702703,0.034594594594594595
1061007.0,0.016252821670428894,0.014672686230248307
1061008.0,0.0314410480349345,0.02794759825327511
1061009.0,0.04071576763485477,0.03760373443983402
1061010.0,0.009144018288036576,0.0063500127000254
1071001.0,0.15711252653927812,0.15074309978768577
1071002.0,0.0855457227138643,0.0752212389380531
1071003.0,0.19258957654723127,0.18973941368078176
1071004.0,0.3022044088176353,0.2993987975951904
1071005.0,0.3524027459954233,0.3287566742944317
1071006.0,0.20575461454940283,0.1992399565689468
1071007.0,0.42464736451373425,0.40905716406829995
1071008.0,0.20855213803450862,0.2010502625656414
1071009.0,0.07841369986480397,0.07661108607480847
1071011.0,0.27702702702702703,0.28209459459459457
1071012.0,0.10703703703703704,0.1025925925925926
1071013.0,0.22714036109493302,0.221316249271986
1071014.0,0.3912133891213389,0.3901673640167364
1071015.0,0.1545221530574881,0.15232515562065177
1071016.0,0.10593900481540931,0.10112359550561797
1071017.0,0.13048245614035087,0.12280701754385964
1071018.0,0.24873096446700507,0.233502538071066
1071019.0,0.12264673311184938,0.11877076411960133
1071020.0,0.21461824953445066,0.21135940409683426
1071021.0,0.16509730069052103,0.1556811048336472
1071022.0,0.6428009441384737,0.6553894571203777
1071023.0,0.5759133668781449,0.5689127105666156
1071025.0,0.36259541984732824,0.37786259541984735
1071026.0,0.6069009996775234,0.6014188971299581
1071027.0,0.08289986996098829,0.08322496749024708
1071028.0,0.06267409470752089,0.05988857938718663
1071029.0,0.07387862796833773,0.05804749340369393
1071030.0,0.22674418604651161,0.21656976744186046
1071031.0,0.4917037636584379,0.4947389720760826
1071032.0,0.2564753682072118,0.24073133570340274
1071034.0,0.14008840530431826,0.14008840530431826
1071035.0,0.17292126563649743,0.1751287711552612
1071037.0,0.15559518502006242,0.15425769059295585
1071039.0,0.3521288837744534,0.35443037974683544
1071040.0,0.13746630727762804,0.13092029264536004
1071041.0,0.37893747061589095,0.37846732487070994
1071042.0,0.2917046490428441,0.268003646308113
1071043.0,0.18895348837209303,0.18507751937984496
1071044.0,0.1979480989740495,0.19734459867229934
1071045.0,0.26666666666666666,0.253551912568306
1071046.0,0.15703893881044073,0.15062045357295678
1071047.0,0.3478628861616589,0.32120186203977996
1071048.0,0.08804071246819338,0.07938931297709924
1071049.0,0.609254498714653,0.6083976006855184
1071050.0,0.06657789613848203,0.07057256990679095
1071051.0,0.13075356415478614,0.12830957230142567
1071052.0,0.32296204107031734,0.327940261356565
1071054.0,0.16213991769547326,0.16090534979423868
1071055.0,0.08464223385689354,0.08638743455497382
1071057.0,0.26646403242147926,0.26038500506585616
1071059.0,0.22706935123042504,0.22706935123042504
1071060.0,0.5814977973568282,0.5407488986784141
1071061.0,0.18002585649644473,0.17582417582417584
1071062.0,0.19002932551319648,0.1912023460410557
1071063.0,0.12979890310786105,0.1206581352833638
1071064.0,0.5313001605136437,0.5521669341894061
1071065.0,0.14960971379011276,0.14614050303555942
1071066.0,0.44933920704845814,0.4456681350954479
1071067.0,0.3185530921820303,0.3080513418903151
1071068.0,0.11510791366906475,0.11764705882352941
1071069.0,0.15475591343734274,0.14947156517362858
1071071.0,0.20625,0.20535714285714285
1071072.0,0.2613412228796844,0.23865877712031558
1071073.0,0.15028901734104047,0.1531791907514451
1071074.0,0.035423452768729644,0.033794788273615636
1071075.0,0.18633852335509793,0.1903566047212456
1071076.0,0.3313840155945419,0.3206627680311891
1071077.0,0.32967032967032966,0.3246753246753247
1071078.0,0.09624943515589697,0.09060099412562132
1071079.0,0.09540750323415265,0.0944372574385511
1071080.0,0.44616576297443844,0.46553059643687067
1071081.0,0.34214037896984256,0.3354683746997598
1071082.0,0.4420849420849421,0.4498069498069498
1071083.0,0.17777777777777778,0.17477477477477477
1071084.0,0.2315270935960591,0.229064039408867
1071085.0,0.11702127659574468,0.11037234042553191
1071086.0,0.08164206642066421,0.08256457564575646
1071087.0,0.15998629667694417,0.15347721822541965
1071089.0,0.06775510204081632,0.06253061224489796
1071091.0,0.135605511240029,0.11747643219724438
1071092.0,0.23635427394438724,0.23223480947476827
1071093.0,0.6912123677786819,0.694060211554109
1071094.0,0.26243781094527363,0.2574626865671642
1071096.0,0.3874967708602428,0.39008008266597777
1071097.0,0.1027365491651206,0.09693877551020408
1071099.0,0.24307452204447913,0.2465860319937573
1071100.0,0.4781408191440405,0.4859641049240681
1071101.0,0.027429881813370964,0.02399012171458811
1071102.0,0.15473887814313347,0.14390715667311413
1071103.0,0.20090702947845804,0.20045351473922904
1071104.0,0.12804097311139565,0.1203585147247119
1071105.0,0.15772034459907222,0.1365142478462558
1071106.0,0.12038190120381902,0.12702366127023662
1071107.0,0.11953862285914016,0.12198531981824537
1071108.0,0.08583690987124463,0.07824364476724992
1071109.0,0.20447609359104782,0.19125127161749747
1071111.0,0.515311295883188,0.5147029000202799
1071112.0,0.7141310232809962,0.7000541418516514
1071113.0,0.6461824953445066,0.6461824953445066
1071114.0,0.20242914979757085,0.19144013880855987
1071116.0,0.35979513444302175,0.3700384122919334
1071117.0,0.3286118980169972,0.3413597733711048
1081001.0,0.03169469598965071,0.0258732212160414
1081002.0,0.011004784688995215,0.00861244019138756
1081003.0,0.01078167115902965,0.014375561545372867
1081004.0,0.008290155440414507,0.00466321243523316
1081005.0,0.04932249322493225,0.04607046070460705
1081006.0,0.018497109826589597,0.016184971098265895
1081007.0,0.20197652872143299,0.1957998764669549
1081008.0,0.3938053097345133,0.42035398230088494
1081009.0,0.09867172675521822,0.0967741935483871
1081011.0,0.006535947712418301,0.004998077662437524
1081013.0,0.043003412969283276,0.039590443686006824
1081016.0,0.01544943820224719,0.01544943820224719
1081017.0,0.016264722378014584,0.01430173864273696
1081018.0,0.03858520900321544,0.03376205787781351
1081019.0,0.012261146496815287,0.010748407643312101
1081020.0,0.2320855614973262,0.2427807486631016
1081021.0,0.011094301563287948,0.008068582955118508
1081022.0,0.04085603112840467,0.033073929961089495
1081023.0,0.04126984126984127,0.04126984126984127
1081025.0,0.0198744769874477,0.016736401673640166
1081027.0,0.20716817644742025,0.2185899960614415
1081028.0,0.028469750889679714,0.028469750889679714
1081029.0,0.27415321664014547,0.278245055694476
1081030.0,0.12989493791786055,0.12702960840496658
1081031.0,0.057692307692307696,0.05628517823639775
1081032.0,0.012835820895522388,0.01253731343283582
1081034.0,0.0107095046854083,0.006693440428380187
1081035.0,0.07887817703768624,0.06485539000876424
1081036.0,0.022406639004149378,0.018257261410788383
1081037.0,0.015067363211437998,0.011767940610393181
1081038.0,0.017741935483870968,0.017741935483870968
1081039.0,0.007352941176470588,0.007352941176470588
1081040.0,0.03307607497243661,0.03197353914002205
1081043.0,0.011494252873563218,0.007662835249042145
1081044.0,0.030973451327433628,0.025442477876106196
1081045.0,0.011494252873563218,0.0073563218390804595
1081046.0,0.4105960264900662,0.42549668874172186
1081048.0,0.02562642369020501,0.02334851936218679
1081050.0,0.010634396773010634,0.010267693436010267
1081051.0,0.09476309226932668,0.09600997506234414
1081052.0,0.020653218059558116,0.01825168107588857
1081053.0,0.020114942528735632,0.021551724137931036
1081054.0,0.07666290868094701,0.05298759864712514
1081055.0,0.006485849056603774,0.0076650943396226415
1081058.0,0.008992805755395683,0.007194244604316547
1081059.0,0.011922503725782414,0.013412816691505217
1081060.0,0.012260536398467433,0.00996168582375479
1081061.0,0.02066772655007949,0.01589825119236884
1081062.0,0.006887052341597796,0.005050505050505051
1081066.0,0.22636103151862463,0.22779369627507162
1081067.0,0.03065134099616858,0.034482758620689655
1091002.0,0.0032794565472007496,0.0023424689622862497
1091003.0,0.0046194710705624205,0.0036955768564499365
1091004.0,0.016136576239476147,0.01403180542563143
1091005.0,0.008878346323280243,0.0082006099627245
1091006.0,0.0032921810699588477,0.0022633744855967077
1091007.0,0.013396844298898482,0.011653128056819631
1091008.0,0.011409555502733539,0.009507962918944617
1091009.0,0.05250709555345317,0.04943235572374645
1091010.0,0.00660228616476153,0.005124162396531336
1091011.0,0.021378165213781653,0.019302615193026153
1091012.0,0.0190944247502417,0.017160812117305833
1091013.0,0.03937741120127711,0.03432220300651856
1091014.0,0.0006035003017501509,0.0007543753771876886
1091015.0,0.003918246320025415,0.003176956475696283
1091016.0,0.0015188912094171254,0.0009493070058857034
1091017.0,0.005190311418685121,0.0038062283737024223
1101001.0,0.037477691850089236,0.03331350386674598
1101002.0,0.28350515463917525,0.30584192439862545
1101004.0,0.036768263183357526,0.033381712626995644
1101005.0,0.028629675589434498,0.024020563729835135
1101006.0,0.11835106382978723,0.11436170212765957
1101007.0,0.025140291806958474,0.024242424242424242
1101008.0,0.029395138496325607,0.02826455624646693
1101009.0,0.1273644388398487,0.13997477931904162
1101010.0,0.03987730061349693,0.03680981595092025
1101011.0,0.05714285714285714,0.044642857142857144
1101012.0,0.040719196192490745,0.040719196192490745
1101013.0,0.056534954407294835,0.05167173252279635
1101014.0,0.3503448275862069,0.38
1101015.0,0.05652535328345802,0.04488778054862843
1101016.0,0.05489092188599578,0.04644616467276566
1101017.0,0.04994686503719448,0.04782146652497343
1101018.0,0.033763654419066536,0.03277060575968222
1101020.0,0.039029535864978905,0.02531645569620253
1101021.0,0.06502242152466367,0.05717488789237668
1101022.0,0.03688799463447351,0.035546613011401745
1101023.0,0.09281767955801105,0.09447513812154697
1101024.0,0.05472197705207414,0.04501323918799647
1101026.0,0.16605166051660517,0.17896678966789667
1101028.0,0.023010546500479387,0.02109300095877277
1101031.0,0.028688524590163935,0.02185792349726776
1101032.0,0.05194805194805195,0.0483654276757725
1101033.0,0.07142857142857142,0.06203007518796992
1101034.0,0.1902654867256637,0.19321533923303835
1101035.0,0.10034207525655645,0.09578107183580388
1101036.0,0.056707317073170734,0.04695121951219512
1101037.0,0.20901126408010012,0.21526908635794745
1101038.0,0.02037147992810066,0.014979029358897543
1101039.0,0.046681664791901015,0.0359955005624297
1111001.0,0.08288345506510003,0.08542394410924103
1111002.0,0.04056501267656646,0.0373053241579138
1111003.0,0.05345285524568393,0.04747675962815405
1111004.0,0.06964006259780908,0.0661189358372457
1111005.0,0.05254294375210509,0.04782755136409565
1111007.0,0.027861698556562606,0.02601544142329641
1111008.0,0.0582129963898917,0.05776173285198556
1111009.0,0.11147540983606558,0.11985428051001822
1111010.0,0.06153846153846154,0.05641025641025641
1111011.0,0.027058823529411764,0.025294117647058825
1111012.0,0.04644808743169399,0.04262295081967213
1111013.0,0.12989588497768964,0.12692117005453643
1111014.0,0.10157000961230375,0.099967958987504
1111015.0,0.03770988164051748,0.0368841178089733
1111016.0,0.0448456610366919,0.04309842748980781
1111017.0,0.04569055036344756,0.04138851802403204
1111018.0,0.03693444136657433,0.034164358264081256
1111019.0,0.10696517412935323,0.10074626865671642
1111020.0,0.03337323437874072,0.0305961216183864
1111021.0,0.015006252605252188,0.013755731554814505
1111022.0,0.0834319526627219,0.08698224852071006
1111023.0,0.0665024630541872,0.069376026272578
1111024.0,0.05611847233047545,0.05845674201091192
1111025.0,0.04025301897642323,0.035077630822311676
1111026.0,0.05983518452167682,0.060193479039770695
1111027.0,0.017219113215669393,0.018080068876452863
1111028.0,0.04058721934369603,0.041018998272884286
1111029.0,0.13313754282917278,0.12922173274596183
1111030.0,0.11499813918868626,0.11127651656122069
1111031.0,0.03391329991153052,0.030669419050427603
1111032.0,0.06033596160438807,0.055193692149468634
1111033.0,0.11508793582227707,0.10922554767047207
1111034.0,0.16133004926108374,0.1564039408866995
1111035.0,0.06641123882503193,0.06172839506172839
1111036.0,0.015517241379310345,0.013793103448275862
1111037.0,0.05404001039230969,0.05118212522733177
1111038.0,0.03562753036437247,0.029149797570850202
1111039.0,0.03028692879914984,0.02763018065887354
1111040.0,0.25651577503429357,0.27914951989026066
1111041.0,0.02105652013298855,0.02031769486516439
1111042.0,0.06,0.06035714285714286
1111043.0,0.25808538163001293,0.26002587322121606
1111044.0,0.027788069655427936,0.0255650240829937
1111046.0,0.04210004952947004,0.041604754829123326
1121001.0,0.05644192828958655,0.05018013381369017
1121002.0,0.358560794044665,0.3387096774193548
1121003.0,0.19196428571428573,0.17857142857142858
1121004.0,0.38046272493573263,0.36246786632390743
1121005.0,0.1707865168539326,0.16404494382022472
1121006.0,0.15584415584415584,0.1396103896103896
1121007.0,0.08074123097286565,0.08074123097286565
1121008.0,0.23076923076923078,0.21474358974358973
1121010.0,0.5343434343434343,0.5297979797979798
1121011.0,0.1182133230650751,0.11128224874855602
1121012.0,0.2754098360655738,0.2726775956284153
1121013.0,0.20580235720761558,0.1944696282864914
1121014.0,0.05638665132336018,0.059263521288837745
1121015.0,0.059755219582433405,0.05543556515478762
1121016.0,0.27672955974842767,0.28852201257861637
1121017.0,0.09807355516637478,0.08756567425569177
1121018.0,0.11941701927597555,0.1156558533145275
1121019.0,0.4306969459671104,0.41660140955364133
1121020.0,0.40219092331768386,0.4061032863849765
1121021.0,0.11421026572041591,0.10760851625680805
1121022.0,0.16736053288925895,0.1582014987510408
1121023.0,0.16907795292593392,0.15957676527747786
1121024.0,0.3526405451448041,0.35604770017035775
1121025.0,0.3520636499254102,0.33963202386872204
1121027.0,0.12721893491124261,0.126232741617357
1121028.0,0.2832634388105223,0.2683949675943576
1121029.0,0.07133058984910837,0.06584362139917696
1121030.0,0.14977307110438728,0.1449319213313162
1121032.0,0.2707808564231738,0.2707808564231738
1121033.0,0.1390284757118928,0.135678391959799
1121034.0,0.1399642644431209,0.12447885646217986
1121035.0,0.06025244105739462,0.054060490592998334
1121036.0,0.23164269492808479,0.22710068130204392
1121037.0,0.18725868725868725,0.1833976833976834
1121038.0,0.032157676348547715,0.032157676348547715
1121039.0,0.09436435124508519,0.08650065530799476
1121040.0,0.1714501510574018,0.1661631419939577
1121041.0,0.47025673137132123,0.48215403882279273
1121042.0,0.31097560975609756,0.29024390243902437
1121044.0,0.11336405529953918,0.11244239631336406
1121045.0,0.2687447346251053,0.2636899747262005
1121046.0,0.21513819095477388,0.208856783919598
1121048.0,0.07004608294930875,0.06912442396313365
1121049.0,0.11598302687411598,0.11315417256011315
1121050.0,0.05283950617283951,0.044938271604938275
1121051.0,0.2806026365348399,0.2806026365348399
1121052.0,0.3575091575091575,0.3553113553113553
1121053.0,0.16449127221261203,0.15741468784400062
1121054.0,0.25396825396825395,0.24640967498110355
1121055.0,0.08207273897650466,0.07563566140971999
1121056.0,0.32727272727272727,0.31861471861471863
1121057.0,0.05538707102952913,0.055865921787709494
1121058.0,0.16542644533485976,0.15569547796222094
1121059.0,0.1338100102145046,0.12768130745658834
1121060.0,0.1827364554637282,0.16712580348943984
1121061.0,0.14464594127806563,0.13687392055267703
1121062.0,0.24872521246458923,0.24475920679886687
1121064.0,0.08638743455497382,0.08900523560209424
1121065.0,0.2361904761904762,0.21142857142857144
1121066.0,0.17752184273232724,0.16322478157267672
1121067.0,0.0929144385026738,0.0875668449197861
1121068.0,0.08967223252937538,0.07730364873222016
1121069.0,0.4233055885850178,0.38287752675386444
1121070.0,0.14231499051233396,0.127134724857685
1121071.0,0.35164283922748935,0.3365939302733885
1121072.0,0.41467576791808874,0.40955631399317405
1121073.0,0.1494140625,0.15625
1121074.0,0.34641068447412354,0.3088480801335559
1121075.0,0.1069364161849711,0.0957886044591247
1121076.0,0.6168067226890757,0.6100840336134454
1121077.0,0.1654810932235118,0.1621115687008611
1121079.0,0.5611285266457681,0.5757575757575758
1121080.0,0.20464601769911506,0.206858407079646
1121081.0,0.41731066460587324,0.4435857805255023
1131001.0,0.10850738665308202,0.09984717269485481
1131002.0,0.2817248459958932,0.2702258726899384
1131003.0,0.06177606177606178,0.05366795366795367
1131004.0,0.11049107142857142,0.11049107142857142
1131005.0,0.04199475065616798,0.03740157480314961
1131006.0,0.09775349119611415,0.09168184578020644
1131007.0,0.0695517774343122,0.06723338485316847
1131008.0,0.0306672192291753,0.023622047244094488
1131009.0,0.07606382978723404,0.07553191489361702
1131010.0,0.02707749766573296,0.02707749766573296
1131011.0,0.26162387231089523,0.24496877168632894
1131012.0,0.10627268014515293,0.09745982374287196
1131013.0,0.028871391076115485,0.026246719160104987
1131014.0,0.15259117082533588,0.1362763915547025
1131015.0,0.13450292397660818,0.12698412698412698
1131016.0,0.08091286307053942,0.07510373443983402
1131017.0,0.10132501948558068,0.11145752143413874
1131018.0,0.15311004784688995,0.1507177033492823
1131019.0,0.11969111969111969,0.1093951093951094
1131021.0,0.01962110960757781,0.023004059539918808
1131022.0,0.031966643502432245,0.024322446143154968
1131023.0,0.03946146703806871,0.04085422469823584
1131024.0,0.10455192034139403,0.10384068278805121
1131025.0,0.31061192873741283,0.28350116189000774
1131026.0,0.27887981330221706,0.26721120186697783
1131027.0,0.3025325119780972,0.29774127310061604
1131028.0,0.18437306979617046,0.16800494132180357
1131029.0,0.08185053380782918,0.07740213523131673
1131030.0,0.08585055643879173,0.08108108108108109
1131031.0,0.07913669064748201,0.08003597122302158
1131032.0,0.14191960623461855,0.1287940935192781
1131034.0,0.18181818181818182,0.18417945690672963
1131035.0,0.09379509379509379,0.0772005772005772
1131036.0,0.0783078307830783,0.0738073807380738
1131037.0,0.10983050847457627,0.1064406779661017
1131038.0,0.11868910540301152,0.11426040744021258
1131039.0,0.03540372670807453,0.03354037267080745
1131040.0,0.2684049079754601,0.254601226993865
1131041.0,0.0379746835443038,0.037566353613719884
1131042.0,0.07657247037374658,0.0674567000911577
1131044.0,0.07744107744107744,0.0734006734006734
1131045.0,0.1095890410958904,0.10017123287671233
1131046.0,0.1880252100840336,0.17857142857142858
1131048.0,0.023293357933579336,0.018911439114391145
1131049.0,0.19741480611045828,0.199764982373678
1131050.0,0.03802281368821293,0.03530689842476915
1131051.0,0.011323196376577159,0.010676156583629894
1131052.0,0.044920235096557515,0.044920235096557515
1131053.0,0.24151857835218093,0.21405492730210016
1131054.0,0.0666948079358379,0.06542845082313212
1131055.0,0.09235294117647058,0.08705882352941176
1131056.0,0.035761011774967294,0.03488879197557784
1131057.0,0.11147540983606558,0.09901639344262295
1131058.0,0.07737594617325484,0.07737594617325484
1131059.0,0.10993052717613404,0.11156518185533307
1131060.0,0.17507002801120447,0.15826330532212884
1131061.0,0.01325214899713467,0.011461318051575931
1131062.0,0.32708177044261066,0.31282820705176295
1131063.0,0.04590818363273453,0.03992015968063872
1131064.0,0.057709648331830475,0.05500450856627592
1131065.0,0.04699537750385208,0.04699537750385208
1131066.0,0.030065359477124184,0.03137254901960784
1131067.0,0.07125562089242476,0.07056381874783813
1131068.0,0.19278252611585944,0.17568850902184235
1131069.0,0.017373872368860673,0.015703307718008687
1131070.0,0.03173076923076923,0.029326923076923077
1131072.0,0.01802451333813987,0.015861571737563085
1131073.0,0.20573634859349146,0.2029784886927744
1131074.0,0.03240529438612506,0.030123231401186674
1131075.0,0.013095861707700367,0.011524358302776323
1131076.0,0.02666666666666667,0.023859649122807018
1131077.0,0.04003407155025554,0.037691652470187395
1131078.0,0.4367762853172765,0.43075497915701716
1131079.0,0.10843373493975904,0.11144578313253012
1131080.0,0.3057324840764331,0.29754322111010006
1131081.0,0.05619834710743802,0.05
1131082.0,0.024364406779661018,0.026483050847457626
1131083.0,0.03205629397967162,0.029319781078967943
1131084.0,0.09554140127388536,0.09946104850563449
1141001.0,0.027627035027133696,0.018746916625555006
1141002.0,0.018018018018018018,0.013213213213213212
1141003.0,0.0154419595314164,0.013844515441959531
1141004.0,0.02699228791773779,0.021850899742930592
1141005.0,0.021220159151193633,0.021883289124668436
1141006.0,0.017558187015108206,0.016333197223356473
1141007.0,0.028094820017559263,0.02370500438981563
1141008.0,0.017702070808283232,0.014362057448229793
1141009.0,0.022879464285714284,0.014508928571428572
1141010.0,0.09735449735449736,0.091005291005291
1141011.0,0.0718132854578097,0.06822262118491922
1141012.0,0.024896265560165973,0.017980636237897647
1141013.0,0.02626892252894034,0.024487978628673197
1141014.0,0.03937007874015748,0.03937007874015748
1141015.0,0.02029520295202952,0.018819188191881917
1141016.0,0.04667609618104668,0.03866100895803866
1141017.0,0.04296545914069082,0.039595619208087615
1141018.0,0.02705977382875606,0.017770597738287562
1141019.0,0.13214990138067062,0.14201183431952663
1141020.0,0.10016835016835017,0.09090909090909091
1141021.0,0.034753363228699555,0.032511210762331835
1141022.0,0.040824915824915826,0.04292929292929293
1141023.0,0.012078152753108348,0.010301953818827708
1141024.0,0.027455121436114043,0.022175290390707498
1141025.0,0.013357619914996965,0.012750455373406194
1141026.0,0.010227272727272727,0.010227272727272727
1141027.0,0.2,0.21170212765957447
1141029.0,0.04058192955589587,0.033690658499234305
1141030.0,0.018773946360153258,0.014176245210727969
1141032.0,0.06349206349206349,0.06637806637806638
1141033.0,0.04038461538461539,0.04038461538461539
1141035.0,0.029581252401075682,0.024202842873607376
1141036.0,0.025153374233128835,0.024539877300613498
1141037.0,0.01921921921921922,0.015615615615615615
1141038.0,0.048013245033112585,0.0347682119205298
1141039.0,0.00773369199731002,0.005604124635731899
1141040.0,0.04093567251461988,0.033625730994152045
1141041.0,0.04521739130434783,0.036521739130434785
1141042.0,0.07260726072607261,0.06820682068206821
1141043.0,0.04585635359116022,0.04640883977900553
1141044.0,0.019892884468247895,0.013006885998469778
1141045.0,0.03547523427041499,0.028112449799196786
1141046.0,0.03458711629917856,0.027237354085603113
1141047.0,0.016846045858680395,0.015910154422087038
1141048.0,0.03343701399688958,0.024883359253499222
1141049.0,0.03299492385786802,0.03299492385786802
1141050.0,0.04158004158004158,0.035343035343035345
1141051.0,0.02288021534320323,0.01704800358905339
1141052.0,0.03038309114927345,0.026420079260237782
1141053.0,0.03585780525502318,0.029984544049459043
1141054.0,0.011396011396011397,0.008547008547008548
1141055.0,0.022632519356759976,0.019058963668850508
1141057.0,0.01164294954721863,0.009055627425614488
1141058.0,0.02103120759837178,0.017639077340569877
1141059.0,0.04844540853217643,0.044107013738250184
1141060.0,0.026755852842809364,0.023411371237458192
1141061.0,0.23883161512027493,0.25
1141063.0,0.027921092564491653,0.021547799696509863
1141064.0,0.06009013520280421,0.058587881822734104
1141065.0,0.029386343993085567,0.02679343128781331
1141066.0,0.09736632083000799,0.09537110933758979
1141067.0,0.019645608628659477,0.016178736517719568
1141068.0,0.08856088560885608,0.08487084870848709
1141069.0,0.054814814814814816,0.054814814814814816
1141070.0,0.030351866774106902,0.0228310502283105
1141072.0,0.04838709677419355,0.04133064516129032
1141073.0,0.024808464064210143,0.01933600875592849
1141074.0,0.014228799089356859,0.010813887307911212
1141075.0,0.015873015873015872,0.012345679012345678
1141076.0,0.05330882352941176,0.04411764705882353
1141077.0,0.026680896478121666,0.022411953041622197
1141078.0,0.026758739749676307,0.02157962883038412
1141079.0,0.03522504892367906,0.037834311806914545
1141080.0,0.045714285714285714,0.05142857142857143
1141082.0,0.028227480282274803,0.019925280199252802
1141083.0,0.021767810026385226,0.017480211081794195
1141084.0,0.04773082942097027,0.050078247261345854
1141085.0,0.029979674796747968,0.02693089430894309
1141086.0,0.08394895903290799,0.09335124244459368
1141087.0,0.036101083032490974,0.0332129963898917
1141088.0,0.02531645569620253,0.02531645569620253
1141089.0,0.03938115330520394,0.0379746835443038
1141090.0,0.03650442477876106,0.028761061946902654
1141091.0,0.060784313725490195,0.057352941176470586
1141092.0,0.034739454094292806,0.028122415219189414
1141093.0,0.02075837254359258,0.015499584832549129
1141094.0,0.027327070879590094,0.025619128949615714
1141095.0,0.017316017316017316,0.019913419913419914
1141096.0,0.032520325203252036,0.03077816492450639
1141097.0,0.017800933463584065,0.012482361879952242
1141098.0,0.024189011813238327,0.020157509844365273
1141099.0,0.07568807339449542,0.0768348623853211
1141100.0,0.062144420131291025,0.05645514223194748
1141101.0,0.02434881087202718,0.018544733861834653
1141102.0,0.011507479861910242,0.00805523590333717
1141103.0,0.01446480231436837,0.009643201542912247
1141104.0,0.046181172291296625,0.04440497335701599
1141105.0,0.02688455455983131,0.01739588824459673
1141106.0,0.08192457737321196,0.08712613784135241
1141107.0,0.0564042303172738,0.0481786133960047
1141108.0,0.027571115973741796,0.02450765864332604
1141109.0,0.042540792540792544,0.04020979020979021
1141110.0,0.020798668885191347,0.019966722129783693
1141111.0,0.030969030969030968,0.023976023976023976
1141112.0,0.027855153203342618,0.022284122562674095
1141113.0,0.04541832669322709,0.04143426294820717
1141114.0,0.029746835443037974,0.02341772151898734
1141115.0,0.050359712230215826,0.046762589928057555
1141116.0,0.023346303501945526,0.014267185473411154
1141117.0,0.023399014778325122,0.019704433497536946
1141118.0,0.02677532013969732,0.02270081490104773
1141119.0,0.04931794333683106,0.04669464847848898
1141120.0,0.016710547525656868,0.012895599376712696
1141121.0,0.028827977315689982,0.020321361058601134
1141122.0,0.08930817610062892,0.0830188679245283
1141123.0,0.028014616321559074,0.023751522533495738
1141124.0,0.022044849866970733,0.014063093880653743
1141125.0,0.05034612964128383,0.030837004405286344
1151001.0,0.20512820512820512,0.2104192104192104
1151002.0,0.02748565965583174,0.025334608030592735
1151003.0,0.13189355958349402,0.14307751639028152
1151004.0,0.1277860326894502,0.1300148588410104
1151005.0,0.13638663967611336,0.14018218623481782
1151006.0,0.06188925081433225,0.057980456026058634
1151007.0,0.25111607142857145,0.26450892857142855
1151008.0,0.12151898734177215,0.10970464135021098
1151009.0,0.033235581622678395,0.02932551319648094
1151010.0,0.030110935023771792,0.030507131537242473
1151011.0,0.04283185840707965,0.04389380530973451
1151012.0,0.05431937172774869,0.05366492146596859
1151013.0,0.007671125098347758,0.006490952006294256
1151014.0,0.08936033429765348,0.09257473481195758
1151015.0,0.08841732979664015,0.08311229000884174
1151016.0,0.05112570356472795,0.0473733583489681
1151017.0,0.037064492216456635,0.03039288361749444
1151018.0,0.03821656050955414,0.03859123267141251
1151019.0,0.05060240963855422,0.046586345381526104
1151020.0,0.0051762385999507025,0.004190288390436283
1151021.0,0.1383679675620882,0.141409021794222
1151022.0,0.03211009174311927,0.02981651376146789
1151023.0,0.053323319564401055,0.05182125422455877
1151024.0,0.0037905709547500594,0.0035536602700781805
1151025.0,0.03766182816790899,0.0345233424872499
1151026.0,0.14955239599789363,0.15271195365982096
1151027.0,0.02308960967564596,0.025288620120945574
1151028.0,0.03903508771929825,0.042105263157894736
1151029.0,0.020247737017627443,0.01643639828489757
1151030.0,0.04689942678478374,0.04429390307451798
1151031.0,0.04417627410839349,0.04072836978773839
1151032.0,0.3379607467687889,0.3489707994255625
1151033.0,0.014148999496313933,0.012500572370529785
1151034.0,0.14313919052319843,0.14708785784797632
1151035.0,0.014264264264264264,0.012012012012012012
1151036.0,0.06427870461236507,0.06378802747791953
1151037.0,0.016515716568993075,0.017581246670218435
1151038.0,0.08549404344779257,0.09110021023125438
1151039.0,0.042927292887692065,0.041818469824172345
1151040.0,0.0677710843373494,0.06676706827309237
1151042.0,0.14143612060926328,0.14174696922598695
1151043.0,0.09369449378330373,0.0994671403197158
1151044.0,0.01874098990869774,0.015377222489187891
1151045.0,0.11369990680335508,0.1186703945324635
1151046.0,0.07760381211708646,0.07147719537100068
1151047.0,0.1643192488262911,0.16867873910127432
1151048.0,0.09722222222222222,0.10434472934472934
1151049.0,0.12044046799724707,0.12044046799724707
1151050.0,0.05494018608772707,0.05405405405405406
1151051.0,0.047648136835675016,0.046426389737324374
1151052.0,0.1537037037037037,0.15493827160493828
1151053.0,0.027913468248429867,0.026168876482903
1151054.0,0.024289531212047608,0.022589264027204275
1151055.0,0.04319478402607987,0.04645476772616137
1151056.0,0.20534629404617255,0.20716889428918592
1151057.0,0.020130799100756182,0.0181892499489066
1151058.0,0.010764110190496425,0.008781247786983925
1151059.0,0.041444398851046366,0.040623717685679114
1151060.0,0.03693351966460371,0.03413855060890397
1151061.0,0.03595317725752508,0.03678929765886288
1151062.0,0.04336826888326708,0.046259486808818216
1151063.0,0.17907148120854827,0.18717759764185704
1151064.0,0.13190184049079753,0.1497955010224949
1151065.0,0.03879686137750654,0.03312990409764603
1151067.0,0.12311722331368696,0.11984282907662082
1151068.0,0.06594948550046772,0.06220767072029935
1151069.0,0.02132435465768799,0.019079685746352413
1151070.0,0.040411286465805836,0.03802008608321377
1151071.0,0.07318611987381704,0.07003154574132492
1151072.0,0.03863381858902576,0.040873460246360585
1151073.0,0.023172905525846704,0.0213903743315508
1151074.0,0.29482758620689653,0.32275862068965516
1151075.0,0.024531668153434435,0.017395182872435324
1151076.0,0.03594222371514948,0.03527040644944575
1151077.0,0.13559322033898305,0.14124293785310735
1151078.0,0.06134969325153374,0.053987730061349694
1151079.0,0.08827319587628867,0.08891752577319588
1151080.0,0.14228187919463087,0.14899328859060404
1151081.0,0.012322946175637393,0.01161473087818697
1151082.0,0.10222905457340507,0.0964642582628747
1151083.0,0.021172638436482084,0.02035830618892508
1151084.0,0.03710021321961621,0.034968017057569294
1151085.0,0.1339366515837104,0.13846153846153847
1151086.0,0.22821810005621135,0.2388982574480045
1151087.0,0.1336964595196831,0.1406288685318148
1151088.0,0.11867835468644639,0.11935266351989211
1151089.0,0.02762854950115119,0.02762854950115119
1151090.0,0.08483530142945929,0.08825357364822871
1151091.0,0.04406062742333451,0.0412407472682411
1151092.0,0.021337126600284494,0.020625889046941678
1151093.0,0.053850296176628974,0.050080775444264945
1151094.0,0.08646188850967008,0.07906712172923777
1151095.0,0.028328611898016998,0.027384324834749764
1151096.0,0.02830188679245283,0.02444253859348199
1151097.0,0.17375886524822695,0.16312056737588654
1151098.0,0.047701647875108416,0.05030355594102342
1151099.0,0.022290076335877863,0.021068702290076336
1151100.0,0.05854241338112306,0.053365193150139385
1151101.0,0.09471168210337616,0.09680310726023304
1151102.0,0.07790262172284644,0.08614232209737828
1151103.0,0.029367469879518073,0.025978915662650603
1151104.0,0.008529228208862077,0.007177033492822967
1151105.0,0.1252236135957066,0.11806797853309481
1151106.0,0.03995737879595099,0.040063931806073524
1151107.0,0.0299079754601227,0.024539877300613498
1151108.0,0.017763541059988352,0.0157251019219569
1151109.0,0.013295532310098739,0.012317919640238538
1151110.0,0.08016550297388156,0.07732092061029222
1151111.0,0.28990999526290856,0.30506868782567503
1151112.0,0.1454316848281643,0.15129924559932942
1151113.0,0.13205192211682476,0.12980529206190713
1151114.0,0.32400472999605834,0.33070555774536853
1151115.0,0.07264150943396226,0.07641509433962264
1151116.0,0.049597855227882036,0.04825737265415549
1151117.0,0.16247139588100687,0.15789473684210525
1151118.0,0.06348412896775806,0.06423394151462135
1151119.0,0.24921135646687698,0.23146687697160884
1151120.0,0.029948867786705625,0.02751400048697346
1151121.0,0.013560804899387576,0.011227763196267133
1151122.0,0.04242690701253023,0.03934930754011871
1151123.0,0.1344463971880492,0.13181019332161686
1151124.0,0.385002094679514,0.40175953079178883
1151125.0,0.03201219512195122,0.026676829268292682
1161001.0,0.09090909090909091,0.08754208754208755
1161002.0,0.07337180544105523,0.06265457543281121
1161003.0,0.03361344537815126,0.03241296518607443
1161004.0,0.06458966565349544,0.0668693009118541
1161005.0,0.14441747572815533,0.14563106796116504
1161006.0,0.032079646017699116,0.03235619469026549
1161007.0,0.13948919449901767,0.14341846758349705
1161008.0,0.24242424242424243,0.2590909090909091
1161009.0,0.08590102707749767,0.08403361344537816
1161010.0,0.053208137715179966,0.04773082942097027
1161011.0,0.04378980891719745,0.03901273885350318
1161012.0,0.038037682189832916,0.03199431212228937
1161013.0,0.08345752608047691,0.07153502235469449
1161014.0,0.043962485345838215,0.044548651817116064
1161015.0,0.048600883652430045,0.044182621502209134
1161016.0,0.06412337662337662,0.05925324675324675
1161017.0,0.0837129840546697,0.08143507972665148
1161018.0,0.042382588774341354,0.029782359679266894
1161019.0,0.026332691072575465,0.021836865767501604
1161020.0,0.07762096774193548,0.0811491935483871
1161021.0,0.1905424200278164,0.1808066759388039
1161022.0,0.048561151079136694,0.04316546762589928
1161023.0,0.024193548387096774,0.025089605734767026
1161024.0,0.18808411214953272,0.20677570093457945
1161025.0,0.22468619246861923,0.2301255230125523
1161028.0,0.03302752293577982,0.022018348623853212
1161029.0,0.19164619164619165,0.18427518427518427
1161030.0,0.03333333333333333,0.03333333333333333
1161031.0,0.07692307692307693,0.07469342251950947
1161032.0,0.15201005025125627,0.15954773869346733
1161033.0,0.038461538461538464,0.035931174089068825
1161034.0,0.06677577741407528,0.06612111292962357
1161035.0,0.08277511961722488,0.06985645933014355
1161036.0,0.020868113522537562,0.018363939899833055
1161037.0,0.02555366269165247,0.018739352640545145
1161038.0,0.08013737836290784,0.07784773898111047
1161039.0,0.098922624877571,0.10186092066601371
1161040.0,0.06451612903225806,0.06147291539866099
1161041.0,0.07908496732026143,0.07712418300653595
1161042.0,0.043812451960030745,0.034588777863182166
1161043.0,0.04407345575959933,0.03772954924874791
1161044.0,0.03627450980392157,0.03725490196078431
1161045.0,0.032451323015476784,0.030454318522216674
1161046.0,0.05202754399387911,0.045141545524101
1161047.0,0.09941520467836257,0.09239766081871345
1161048.0,0.05209840810419682,0.04775687409551375
1161049.0,0.14372881355932204,0.1369491525423729
1161050.0,0.09578682030968672,0.09650702196615052
1161051.0,0.012951601908657124,0.014996591683708248
1161052.0,0.02488262910798122,0.021830985915492956
1161053.0,0.019932070075080445,0.017965677511619593
1161054.0,0.04911591355599214,0.029469548133595286
1161055.0,0.049144521295959226,0.04149981798325446
1161056.0,0.286581663630844,0.31693989071038253
1161057.0,0.10969793322734499,0.09379968203497616
1161058.0,0.031188118811881188,0.031683168316831684
1161059.0,0.04827586206896552,0.03842364532019704
1161060.0,0.03333333333333333,0.024324324324324326
1161061.0,0.22229639519359146,0.22429906542056074
1161062.0,0.07196749854904237,0.06384213580963435
1161063.0,0.07246376811594203,0.06308610400682012
1161064.0,0.09714026327734906,0.08851566046300499
1161065.0,0.15417457305502846,0.15464895635673626
1161066.0,0.07374040707374041,0.0707374040707374
1161067.0,0.04954128440366973,0.044036697247706424
1161068.0,0.03469387755102041,0.029081632653061223
1161069.0,0.017079121645172533,0.014290693621470896
1161070.0,0.015518311607697082,0.0111731843575419
1161071.0,0.04643527204502814,0.040337711069418386
1161072.0,0.03938730853391685,0.03574033552151714
1161073.0,0.0801068090787717,0.0792167334223409
1161074.0,0.030461270670147953,0.030461270670147953
1161075.0,0.10020174848688634,0.09784801613987895
1161076.0,0.02607640994542147,0.019405700424499697
1161077.0,0.05843621399176955,0.047736625514403296
1161078.0,0.034383954154727794,0.034383954154727794
1161079.0,0.1201977938379612,0.12209965766451122
1161080.0,0.11365369946605644,0.10907704042715484
1161081.0,0.15384615384615385,0.15855572998430142
1161082.0,0.05385164051355207,0.046718972895863055
1161083.0,0.10488245931283906,0.10262206148282098
1161084.0,0.12770236299648063,0.13725490196078433
1161085.0,0.06512890094979647,0.0574400723654455
1161086.0,0.03897944720056697,0.040396881644223954
1161087.0,0.03516732841747022,0.02665910380034033
1161088.0,0.02527075812274368,0.024067388688327317
1161089.0,0.025683060109289616,0.026775956284153007
1161090.0,0.11435832274459974,0.12388818297331639
1161091.0,0.06303348653972422,0.054497701904136574
1161092.0,0.13012895662368112,0.12895662368112543
1161093.0,0.1717579250720461,0.16311239193083574
1161094.0,0.030913978494623656,0.028225806451612902
1161095.0,0.032148900169204735,0.032148900169204735
1161096.0,0.1219047619047619,0.11238095238095239
1161097.0,0.10103626943005181,0.09844559585492228
1161098.0,0.08301051466519092,0.07913669064748201
1161099.0,0.12864321608040202,0.12261306532663317
1161100.0,0.13675213675213677,0.13280736357659434
1161101.0,0.16538461538461538,0.1673076923076923
1161102.0,0.0517301642782244,0.04788535477105907
1161103.0,0.031720430107526884,0.030107526881720432
1161104.0,0.04865334491746308,0.046046915725456126
1161105.0,0.03416557161629435,0.032194480946123524
1161106.0,0.04427645788336933,0.03509719222462203
1161107.0,0.04974582425562818,0.04647785039941903
1161108.0,0.04878568385172561,0.04622922880272688
1161109.0,0.02734375,0.033203125
1161110.0,0.0515695067264574,0.05022421524663677
1161111.0,0.0873015873015873,0.08095238095238096
1161112.0,0.05493863237872589,0.056107539450613676
1161113.0,0.02508038585209003,0.023794212218649517
1171001.0,0.07150964812712826,0.06526674233825198
1171002.0,0.07093700370566437,0.06352567496029646
1171003.0,0.07799442896935933,0.07428040854224698
1171004.0,0.053013798111837325,0.04793028322440087
1171005.0,0.09146341463414634,0.08079268292682927
1171006.0,0.027657735522904063,0.024632670700086432
1171007.0,0.02387357094821789,0.020679219905850706
1171008.0,0.03179455823907062,0.025985937022317333
1171009.0,0.0875804057397328,0.0776843146956952
1171010.0,0.03837597330367074,0.034482758620689655
1171011.0,0.025911708253358926,0.02231285988483685
1171012.0,0.0278430057027843,0.02314659510231466
1171013.0,0.04232469993682881,0.03790271636133923
1171014.0,0.04515173945225759,0.03552923760177646
1171015.0,0.11963048498845266,0.11131639722863741
1171016.0,0.12016175621028308,0.121894858463316
1171017.0,0.09143268538516919,0.08999280057595392
1171018.0,0.03832378223495702,0.0329512893982808
1171019.0,0.060756972111553786,0.05627490039840637
1171020.0,0.0750788643533123,0.06876971608832808
1171021.0,0.04243008678881389,0.03857280617164899
1171022.0,0.15337763012181616,0.15503875968992248
1171023.0,0.1561065197428834,0.13774104683195593
1171024.0,0.061741613133476085,0.05852962169878658
1171025.0,0.05503772747447847,0.04971149578339991
1171026.0,0.0617678381256656,0.06017039403620873
1171027.0,0.07942238267148015,0.07509025270758123
1171028.0,0.05819730305180979,0.049325762952448546
1171029.0,0.039962825278810406,0.03438661710037175
1171030.0,0.04525862068965517,0.04130747126436782
1171031.0,0.015644298065047343,0.016467682173734045
1171032.0,0.043478260869565216,0.0443307757885763
1171033.0,0.07357449417535254,0.07173513182096873
1181001.0,0.06299559471365639,0.055947136563876655
1181002.0,0.02541371158392435,0.024231678486997636
1181003.0,0.028386050283860504,0.024330900243309004
1181004.0,0.02441438469152095,0.018475750577367205
1181005.0,0.2734375,0.271875
1181006.0,0.018596001859600187,0.017201301720130173
1181007.0,0.11530249110320284,0.11459074733096085
1181008.0,0.015221707478491065,0.010589013898080741
1181009.0,0.46054054054054056,0.4875675675675676
1181010.0,0.08611111111111111,0.075
1181011.0,0.11276127612761276,0.11276127612761276
1181012.0,0.047380585516178735,0.04198767334360555
1181013.0,0.028913260219341975,0.02991026919242273
1181014.0,0.062402496099843996,0.054602184087363496
1181015.0,0.04437869822485207,0.040105193951347796
1181016.0,0.04181494661921708,0.03959074733096085
1181017.0,0.02615021627998427,0.024184034604797483
1181018.0,0.03654636820465966,0.03380539058931019
1181019.0,0.25594149908592323,0.2595978062157221
1181020.0,0.019423368740515933,0.014871016691957511
1191001.0,0.034782608695652174,0.034782608695652174
1191004.0,0.007633587786259542,0.0055979643765903305
1191005.0,0.017271157167530225,0.015544041450777202
1191006.0,0.002632208662359416,0.0017946877243359654
1191007.0,0.11571125265392782,0.11040339702760085
1191008.0,0.010914051841746248,0.008185538881309686
1191009.0,0.010038610038610039,0.010038610038610039
1191010.0,0.006864988558352402,0.004249754821837201
1191011.0,0.006012024048096192,0.006012024048096192
1191012.0,0.007962840079628402,0.0063039150630391505
1191013.0,0.02276707530647986,0.023642732049036778
1191014.0,0.15273556231003038,0.15273556231003038
1191016.0,0.02178217821782178,0.01782178217821782
1191017.0,0.11426726920593931,0.11684958037443512
1191018.0,0.017026683608640406,0.012960609911054638
1191019.0,0.0021358393848782574,0.004271678769756515
1191020.0,0.02358490566037736,0.015723270440251572
1191021.0,0.012085210979106923,0.010651372388365424
1191022.0,0.031966643502432245,0.031966643502432245
1191025.0,0.010696582311505349,0.006000521784503
1191026.0,0.0057112638815441565,0.004865150713907985
1191029.0,0.013530135301353014,0.014760147601476014
1191030.0,0.08969465648854962,0.08778625954198473
1191031.0,0.011092261516377398,0.00952629518465353
1191032.0,0.01509433962264151,0.010062893081761006
1191033.0,0.014748054076198279,0.013928717738631708
1191034.0,0.009400705052878966,0.011750881316098707
1191037.0,0.02643171806167401,0.024963289280469897
1191038.0,0.013778705636743214,0.0162839248434238
1191039.0,0.007098283931357255,0.005850234009360375
1191041.0,0.013281682346430549,0.010237963475373547
1191042.0,0.034482758620689655,0.03284072249589491
1191044.0,0.009995654063450673,0.005649717514124294
1191045.0,0.024257899776571976,0.02298116820938398
1191046.0,0.0017949293246578416,0.0015705631590756115
1191047.0,0.02511566424322538,0.024454725710508923
1191048.0,0.009486847779215178,0.01034928848641656
1191049.0,0.010101010101010102,0.00834431269213878
1191051.0,0.035541195476575124,0.027463651050080775
1201002.0,0.10865921787709497,0.10167597765363129
1201005.0,0.06537530266343826,0.05811138014527845
1201006.0,0.09366925064599484,0.09754521963824289
1201010.0,0.03557617942768755,0.029389017788089715
1201012.0,0.407168458781362,0.3720430107526882
1201014.0,0.026010218300046448,0.024152345564328843
1201021.0,0.0868377935554342,0.08137629710540688
1201023.0,0.08977125593439793,0.0932239965472594
1201025.0,0.07937584803256445,0.08005427408412483
1201026.0,0.21864951768488747,0.23311897106109325
1201028.0,0.14275414563806776,0.13266041816870944
1201029.0,0.6063268892794376,0.5852372583479789
1201030.0,0.015985790408525755,0.015097690941385435
1201031.0,0.20793950850661624,0.19281663516068054
1201033.0,0.05281090289608177,0.05110732538330494
1201039.0,0.07904525728456292,0.07842529448233106
1201040.0,0.6689895470383276,0.6364692218350755
1201041.0,0.3745704467353952,0.347651775486827
1201042.0,0.11938202247191011,0.12219101123595505
1201043.0,0.06025128498001142,0.05910908052541405
1201044.0,0.061015561015561014,0.053644553644553644
1201045.0,0.028854824165915238,0.031559963931469794
1201051.0,0.3831932773109244,0.37815126050420167
1201058.0,0.5860899067005937,0.5572519083969466
1201059.0,0.13152610441767068,0.11847389558232932
1201063.0,0.024054982817869417,0.014891179839633447
1201064.0,0.17083333333333334,0.15
1201066.0,0.10566615620214395,0.10107197549770292
1201067.0,0.03669944830894699,0.03334132885584073
1201068.0,0.12041522491349481,0.11487889273356401
1201070.0,0.2106060606060606,0.20454545454545456
1201072.0,0.2947761194029851,0.2873134328358209
1201073.0,0.177153329260843,0.17898594990836897
1201075.0,0.05805243445692884,0.04868913857677903
1201077.0,0.062421972534332085,0.06741573033707865
1201079.0,0.03668890236506974,0.034869617950272894
1201083.0,0.04866562009419152,0.04866562009419152
1201084.0,0.027180067950169876,0.01925254813137033
1201085.0,0.5105805751492133,0.4991861096039067
1201087.0,0.09703504043126684,0.0876010781671159
1201090.0,0.09876543209876543,0.09012345679012346
1201091.0,0.03281519861830743,0.03195164075993091
1201095.0,0.6357723577235772,0.6552845528455284
1201102.0,0.11229314420803782,0.12056737588652482
1201103.0,0.09667673716012085,0.08761329305135952
1201107.0,0.03496503496503497,0.030969030969030968
1201115.0,0.02511415525114155,0.0228310502283105
1201124.0,0.1201923076923077,0.11177884615384616
1201126.0,0.702158273381295,0.6906474820143885
1201131.0,0.14402173913043478,0.1480978260869565
1201134.0,0.31736526946107785,0.3093812375249501
1201135.0,0.24245577523413112,0.2559833506763788
1201136.0,0.27876106194690264,0.2643805309734513
1201141.0,0.2587117212249208,0.249208025343189
1201143.0,0.14698795180722893,0.1389558232931727
1201145.0,0.033256880733944956,0.022935779816513763
1201150.0,0.0783132530120482,0.07003012048192771
1201153.0,0.2120253164556962,0.1940928270042194
1201157.0,0.01168348380244291,0.007434944237918215
1201166.0,0.13903743315508021,0.14285714285714285
1201171.0,0.5738255033557047,0.5760626398210291
1201174.0,0.008443908323281062,0.008443908323281062
1201177.0,0.10789283128167994,0.09847936278059377
1201178.0,0.08680248007085917,0.07617360496014172
1201184.0,0.06603979881915592,0.06407172534441286
1201185.0,0.13388429752066117,0.14710743801652892
1201188.0,0.31092436974789917,0.2857142857142857
1201190.0,0.22662116040955632,0.20955631399317406
1201197.0,0.09023941068139964,0.07734806629834254
1201198.0,0.2522172949002217,0.2278270509977827
1201202.0,0.46909667194928684,0.4500792393026941
1201205.0,0.43604240282685514,0.4431095406360424
1201207.0,0.40375586854460094,0.42370892018779344
1201217.0,0.041605482134116495,0.03915810083210964
1201218.0,0.28591615638247764,0.28120584079133304
1201219.0,0.5966620305980529,0.5507649513212796
1201220.0,0.266304347826087,0.25
1201221.0,0.44392340758108634,0.44431418522860494
1201222.0,0.3320610687022901,0.33969465648854963
1201223.0,0.2846715328467153,0.29781021897810217
1201224.0,0.19902120717781402,0.19412724306688417
1201225.0,0.27382098171318575,0.2743022136669875
1201226.0,0.16666666666666666,0.14930555555555555
1201227.0,0.019161056447436563,0.01605385810460901
1201228.0,0.06873614190687362,0.06541019955654102
1201229.0,0.059880239520958084,0.06159110350727117
1201230.0,0.09879336349924585,0.10708898944193061
1201231.0,0.25177304964539005,0.2322695035460993
1201232.0,0.031137724550898204,0.023952095808383235
1201233.0,0.15723270440251572,0.14544025157232704
1201234.0,0.06010016694490818,0.05676126878130217
1201235.0,0.36010709504685406,0.3493975903614458
1201236.0,0.139186295503212,0.14204139900071378
1201237.0,0.3632887189292543,0.3422562141491396
1201238.0,0.10236432025792584,0.09914024717893606
1201239.0,0.1860364267129228,0.18473547267996532
1201240.0,0.24361313868613138,0.2427007299270073
1201241.0,0.10262989095574086,0.09813983322642719
1201242.0,0.15481341265548945,0.14872904272579773
1201243.0,0.25357142857142856,0.24285714285714285
1201244.0,0.03946488294314381,0.03879598662207358
1201245.0,0.08552631578947369,0.07401315789473684
1201246.0,0.031413612565445025,0.028795811518324606
1201247.0,0.17443868739205526,0.1692573402417962
1201248.0,0.005035246727089627,0.003524672708962739
1201249.0,0.23123123123123124,0.22822822822822822
1201250.0,0.15947611710323575,0.16101694915254236
1201251.0,0.20540540540540542,0.2
1201252.0,0.024640657084188913,0.025325119780971937
1201253.0,0.41779497098646035,0.4274661508704062
1201254.0,0.3577075098814229,0.35177865612648224
1201255.0,0.3582887700534759,0.34402852049910876
1201256.0,0.05198019801980198,0.05136138613861386
1201257.0,0.010598031794095382,0.007948523845571537
1201258.0,0.28627450980392155,0.27450980392156865
1201259.0,0.1186122831692452,0.11814345991561181
1201260.0,0.15275590551181104,0.14015748031496064
1201261.0,0.04256996452502956,0.03862830114308238
1201262.0,0.13948497854077252,0.1400214592274678
1201263.0,0.0361794500723589,0.03907380607814761
1201264.0,0.549680170575693,0.5466950959488273
1201265.0,0.010819165378670788,0.010819165378670788
1201266.0,0.06406406406406406,0.061394728061394725
1201267.0,0.12071967498549042,0.11375507835171213
1201268.0,0.3079019073569482,0.29291553133514986
1201269.0,0.05931558935361217,0.06007604562737642
1201270.0,0.0345252774352651,0.036991368680641186
1201271.0,0.4448669201520912,0.44106463878326996
1201272.0,0.35908141962421714,0.3747390396659708
1201273.0,0.3129973474801061,0.3110079575596817
1201274.0,0.26977248104008666,0.26435536294691225
1201275.0,0.1850282485875706,0.17796610169491525
1201276.0,0.16370808678500987,0.16765285996055226
1201277.0,0.15838509316770186,0.16149068322981366
1201278.0,0.201949860724234,0.19637883008356546
1201279.0,0.1856,0.18346666666666667
1201280.0,0.48566308243727596,0.5053763440860215
1201281.0,0.23615916955017302,0.2309688581314879
1201282.0,0.058919803600654665,0.054009819967266774
1201283.0,0.15109343936381708,0.14314115308151093
1201284.0,0.12004530011325028,0.11551528878822197
1201285.0,0.14841373315949588,0.1384180790960452
1201286.0,0.12462235649546828,0.12009063444108761
1201287.0,0.6397058823529411,0.6158088235294118
1201288.0,0.2648648648648649,0.2472972972972973
1201289.0,0.3083941605839416,0.3193430656934307
1201290.0,0.4233226837060703,0.41373801916932906
1201291.0,0.04693486590038314,0.04310344827586207
1201292.0,0.48493975903614456,0.4939759036144578
1201293.0,0.21452894438138478,0.20885357548240635
1201294.0,0.10485436893203884,0.10550161812297734
1201295.0,0.2638888888888889,0.2698412698412698
1201296.0,0.039723661485319514,0.03626943005181347
1201297.0,0.14323258869908015,0.1314060446780552
1201298.0,0.13908313908313907,0.1258741258741259
1201299.0,0.28884826325411334,0.263254113345521
1201300.0,0.32448377581120946,0.3112094395280236
1201301.0,0.13518197573656845,0.1317157712305026
1201302.0,0.11926605504587157,0.11192660550458716
1201303.0,0.05206611570247934,0.05537190082644628
1201304.0,0.06322444678609063,0.05584826132771338
1201305.0,0.07227958697378872,0.06115965051628276
1201306.0,0.08673469387755102,0.07857142857142857
1201307.0,0.19536423841059603,0.1986754966887417
1201308.0,0.09732360097323602,0.09610705596107055
1201309.0,0.03798548868971404,0.03371745625266752
1201310.0,0.053800170794193,0.05294619982920581
1201311.0,0.06906474820143885,0.05611510791366906
1201312.0,0.18344308560677328,0.20696142991533395
1201313.0,0.30373230373230375,0.2985842985842986
1201314.0,0.11856516976998904,0.11993428258488499
1201315.0,0.10503144654088051,0.1069182389937107
1211001.0,0.143646408839779,0.1424625098658248
1211002.0,0.12205044751830757,0.11472742066720912
1211003.0,0.09665252239509665,0.09052333804809053
1211004.0,0.16612845353426622,0.16828130606386796
1211005.0,0.2840909090909091,0.26988636363636365
1211006.0,0.3472340425531915,0.32595744680851063
1211008.0,0.09060402684563758,0.087248322147651
1211010.0,0.3744735989633949,0.3741496598639456
1211012.0,0.10194902548725637,0.08995502248875563
1211013.0,0.09514925373134328,0.08815298507462686
1211014.0,0.2175,0.195
1211015.0,0.06352087114337568,0.060193587416817906
1211016.0,0.2562747688243065,0.25891677675033026
1211017.0,0.2142468733007069,0.21533442088091354
1211019.0,0.0791044776119403,0.07522388059701493
1211020.0,0.09230769230769231,0.1
1211022.0,0.17286652078774617,0.16301969365426697
1211023.0,0.32199787460148777,0.3390010626992561
1211025.0,0.09270833333333334,0.09166666666666666
1211026.0,0.14691943127962084,0.13838862559241707
1211029.0,0.2153558052434457,0.22659176029962547
1211033.0,0.24410540915395285,0.22052704576976423
1211034.0,0.1006108515989939,0.09522098454904779
1211035.0,0.14006514657980457,0.13029315960912052
1211036.0,0.5570866141732284,0.5482283464566929
1211038.0,0.15175718849840256,0.152555910543131
1211039.0,0.2843601895734597,0.2559241706161137
1211040.0,0.180566182096404,0.1820964039785769
1211041.0,0.01829988193624557,0.017119244391971666
1211043.0,0.30160744500846026,0.2893401015228426
1211044.0,0.15027977617905675,0.14948041566746603
1211045.0,0.09488752556237219,0.09488752556237219
1211046.0,0.18383838383838383,0.19797979797979798
1211047.0,0.09595300261096605,0.10182767624020887
1211048.0,0.10650546919976972,0.10592976396085205
1211049.0,0.4600409836065574,0.4262295081967213
1211050.0,0.4675732217573222,0.4696652719665272
1211051.0,0.07256894049346879,0.07402031930333818
1211053.0,0.10422049956933678,0.10852713178294573
1211054.0,0.18778486782133091,0.182771194165907
1211055.0,0.23605947955390336,0.241635687732342
1211057.0,0.26429479034307496,0.25667090216010163
1211058.0,0.34057971014492755,0.34575569358178054
1211060.0,0.21389645776566757,0.20844686648501362
1211061.0,0.6103896103896104,0.6038961038961039
1211062.0,0.09249183895538629,0.0794341675734494
1211063.0,0.09041731066460587,0.08191653786707882
1211064.0,0.20164917541229385,0.20014992503748125
1211065.0,0.1253501400560224,0.12044817927170869
1211067.0,0.13425925925925927,0.13095238095238096
1211068.0,0.33172496984318456,0.3281061519903498
1211069.0,0.14655172413793102,0.13660477453580902
1211070.0,0.2587601078167116,0.24528301886792453
1211071.0,0.10653753026634383,0.1016949152542373
1211072.0,0.5027203482045702,0.4776931447225245
1211073.0,0.12171052631578948,0.12171052631578948
1211074.0,0.06453653906991458,0.067067383739323
1211075.0,0.2312267657992565,0.21561338289962825
1211076.0,0.16741182314952807,0.15449577744659712
1211077.0,0.4412296564195298,0.42857142857142855
1211078.0,0.31997030438010393,0.3028953229398664
1211079.0,0.11100196463654224,0.11493123772102161
1211082.0,0.06232294617563739,0.053824362606232294
1211083.0,0.3469767441860465,0.347906976744186
1211084.0,0.30229007633587784,0.29770992366412213
1211085.0,0.06006006006006006,0.05572238905572239
1211086.0,0.1994106090373281,0.19351669941060903
1211087.0,0.2558659217877095,0.2324022346368715
1211088.0,0.17321688500727803,0.16593886462882096
1211089.0,0.1944990176817289,0.18172888015717092
1211090.0,0.09003939223410241,0.0855374226223973
1211091.0,0.03277060575968222,0.027805362462760674
1211092.0,0.301994301994302,0.3162393162393162
1211093.0,0.19640387275242047,0.20193637621023514
1211094.0,0.1181697023545091,0.1181697023545091
1211098.0,0.2128935532233883,0.19790104947526238
1211099.0,0.1315240083507307,0.1419624217118998
1211100.0,0.355726872246696,0.3237885462555066
1211101.0,0.23508137432188064,0.20795660036166366
1211102.0,0.1233071988595866,0.10691375623663578
1211103.0,0.2675496688741722,0.2635761589403974
1211104.0,0.15599022004889976,0.15941320293398534
1211105.0,0.13659793814432988,0.125
1211106.0,0.15879828326180256,0.1492608488316643
1211107.0,0.4408866995073892,0.4482758620689655
1211108.0,0.102532427424336,0.1019147621988882
1211109.0,0.20448877805486285,0.192643391521197
1211110.0,0.19795918367346937,0.20448979591836736
1211111.0,0.2583612040133779,0.24665551839464883
1211112.0,0.2634961439588689,0.2493573264781491
1211113.0,0.16062992125984252,0.14803149606299212
1211114.0,0.029588032655372565,0.027653249020810722
1211115.0,0.13548698167791706,0.1403085824493732
1211116.0,0.4076682316118936,0.41001564945226915
1211117.0,0.04956463496316142,0.04688546550569324
1211118.0,0.16533957845433256,0.1648711943793911
1211119.0,0.02905287623474724,0.02411388727484021
1211120.0,0.36958934517203107,0.37180910099889014
1211122.0,0.08941755537325677,0.0844954881050041
1211123.0,0.26972477064220185,0.24036697247706423
1211124.0,0.08241206030150754,0.07035175879396985
1211125.0,0.07103825136612021,0.0741608118657299
1211126.0,0.21421421421421422,0.2082082082082082
1211128.0,0.09813542688910697,0.0971540726202159
1211129.0,0.06534272901985906,0.05060858424087124
1211132.0,0.03826867247294801,0.040116125626814464
1211134.0,0.05921052631578947,0.05866228070175439
1211136.0,0.026806526806526808,0.023310023310023312
1211137.0,0.12477876106194691,0.1407079646017699
1211139.0,0.1695906432748538,0.17348927875243664
1211140.0,0.0772223885064352,0.07363064950613589
1211141.0,0.12815533980582525,0.11262135922330097
1211142.0,0.11809815950920245,0.12269938650306748
1211143.0,0.07444933920704846,0.06960352422907488
1211144.0,0.07711289327575571,0.07217766810610735
1211145.0,0.5666666666666667,0.5565656565656566
1211147.0,0.17777777777777778,0.17962962962962964
1211148.0,0.1763740771123872,0.15996718621821165
1211149.0,0.125,0.12584175084175084
1211150.0,0.32536764705882354,0.3125
1211151.0,0.09640831758034027,0.09357277882797732
1211152.0,0.18111964873765093,0.17672886937431395
1211153.0,0.12151394422310757,0.1299800796812749
1211154.0,0.0906639703404112,0.0906639703404112
1211155.0,0.10420475319926874,0.09323583180987204
1211156.0,0.08492534917322203,0.08428319152351903
1211157.0,0.15502958579881657,0.14201183431952663
1211158.0,0.16996047430830039,0.16996047430830039
1211159.0,0.18243243243243243,0.15135135135135136
1211161.0,0.10010214504596528,0.1041879468845761
1211162.0,0.2573913043478261,0.2382608695652174
1211163.0,0.11833550065019506,0.11313394018205461
1211164.0,0.11480865224625623,0.11214642262895175
1211166.0,0.08888888888888889,0.08148148148148149
1211167.0,0.5128432240921169,0.48892825509300264
1211168.0,0.35058823529411764,0.34352941176470586
1211169.0,0.1306532663316583,0.12876884422110552
1211170.0,0.16462585034013605,0.17346938775510204
1211171.0,0.049813200498132,0.049813200498132
1211172.0,0.20828848223896662,0.21259418729817006
1211173.0,0.06529209621993128,0.06071019473081329
1211174.0,0.06505295007564296,0.06253151790216843
1211175.0,0.09463087248322148,0.09731543624161074
1211176.0,0.10118505013673655,0.09206927985414767
1211177.0,0.18902920284135755,0.186266771902131
1211178.0,0.2838427947598253,0.2812227074235808
1211179.0,0.13306217315514235,0.14177803602556652
1211180.0,0.09184940008274721,0.08647083160943318
1211181.0,0.11161217587373168,0.1104847801578354
1211182.0,0.14806629834254142,0.1425414364640884
1211183.0,0.3426323319027182,0.32689556509299
1211184.0,0.2988871224165342,0.28139904610492844
1211185.0,0.109979633401222,0.09063136456211812
1211186.0,0.1184814351272424,0.11264080100125157
1211187.0,0.35704514363885087,0.33515731874145005
1211188.0,0.22634271099744246,0.21163682864450128
1211189.0,0.10866983372921615,0.11342042755344418
1211191.0,0.12719298245614036,0.1118421052631579
1211192.0,0.15912636505460218,0.1497659906396256
1211193.0,0.35830212234706615,0.36079900124843944
1211194.0,0.08697944122298366,0.0838165524512388
1211195.0,0.4956880389951256,0.5136857892763405
1211197.0,0.10443037974683544,0.0970464135021097
1211199.0,0.15954415954415954,0.16198616198616198
1211200.0,0.3477406679764244,0.33595284872298625
1211202.0,0.28984238178633975,0.29509632224168125
1211203.0,0.13731825525040386,0.1470113085621971
1211204.0,0.14482758620689656,0.1367816091954023
1211205.0,0.10951893551688843,0.11258955987717502
1211206.0,0.20527859237536658,0.20527859237536658
1211207.0,0.17801047120418848,0.18082964156262585
1211208.0,0.11753494282083862,0.11086404066073698
1211209.0,0.18614718614718614,0.18398268398268397
1211210.0,0.15480649188514356,0.14606741573033707
1211211.0,0.06141522029372497,0.06008010680907877
1211212.0,0.3231833910034602,0.3301038062283737
1211213.0,0.2727272727272727,0.2711323763955343
1211214.0,0.053283100107642624,0.04628632938643703
1211215.0,0.14829931972789115,0.1401360544217687
1211216.0,0.5736363636363636,0.5613636363636364
1221001.0,0.19053349378259127,0.19334135579622944
1221002.0,0.3388581952117864,0.34714548802946593
1221003.0,0.1303088803088803,0.11003861003861004
1221004.0,0.18169161155586494,0.18691263487643578
1221005.0,0.08796895213454076,0.08926261319534282
1221006.0,0.013900709219858157,0.014184397163120567
1221007.0,0.06136626785025087,0.061752219220378234
1221008.0,0.09086918349429324,0.07638279192273925
1221009.0,0.08472803347280335,0.07531380753138076
1221010.0,0.14495412844036698,0.14862385321100918
1221011.0,0.024976213130352046,0.020456707897240724
1221012.0,0.04395261845386534,0.042082294264339154
1221013.0,0.22675879396984924,0.228643216080402
1221014.0,0.01461359153666846,0.011744665590819436
1221015.0,0.14223669923995658,0.1454940282301846
1221016.0,0.024442082890541977,0.02401700318809777
1221017.0,0.061467283542630535,0.056840713813615336
1221018.0,0.1893491124260355,0.20072826581702322
1231001.0,0.01696113074204947,0.014134275618374558
1231002.0,0.148486105350477,0.15761094981335547
1231003.0,0.03507972665148064,0.030979498861047835
1231004.0,0.03540462427745665,0.03233381502890174
1231005.0,0.016467441277271587,0.016300259132324666
1231006.0,0.1513539651837524,0.15038684719535783
1231007.0,0.1427945685501533,0.14235654840122647
1231008.0,0.03564827039873251,0.037760760496435175
1231009.0,0.0396700706991359,0.0408483896307934
1231010.0,0.1591304347826087,0.1565217391304348
1241001.0,0.16666666666666666,0.16381766381766383
1241003.0,0.39825581395348836,0.3992248062015504
1241004.0,0.1752411575562701,0.15916398713826366
1241005.0,0.051639916259595256,0.04954640614096301
1241006.0,0.2072072072072072,0.2082082082082082
1241007.0,0.07666666666666666,0.07466666666666667
1241008.0,0.05810983397190294,0.05810983397190294
1241009.0,0.04197271773347324,0.04931794333683106
1241010.0,0.15514469453376206,0.16157556270096463
1241011.0,0.0493552690084482,0.050689195197865716
1241012.0,0.31640625,0.3157552083333333
1241013.0,0.04415454089312594,0.04264927245358756
1241014.0,0.3521256931608133,0.3234750462107209
1241015.0,0.09723007348784624,0.09101187111362352
1241016.0,0.06218697829716194,0.06343906510851419
1241017.0,0.28646288209606985,0.28296943231441046
1241018.0,0.2804972804972805,0.3014763014763015
1241020.0,0.03368355995055624,0.02904820766378245
1241021.0,0.16396532227666794,0.16848850358085188
1241022.0,0.13957934990439771,0.14818355640535372
1241023.0,0.13108614232209737,0.1254681647940075
1241024.0,0.0605759682224429,0.05693478980470043
1241025.0,0.08634538152610442,0.08634538152610442
1241026.0,0.4474393530997305,0.46765498652291104
1241027.0,0.07204301075268817,0.06451612903225806
1241028.0,0.02192448233861145,0.020532451713937708
1241029.0,0.3129820051413882,0.2879177377892031
1241031.0,0.5045685279187817,0.5289340101522843
1241032.0,0.15242018537590113,0.15087538619979401
1241033.0,0.14285714285714285,0.136986301369863
1241034.0,0.15056022408963585,0.14635854341736695
1241035.0,0.020044052863436124,0.017180616740088105
1241036.0,0.14987212276214834,0.14884910485933503
1241037.0,0.212437585111212,0.21289151157512484
1241038.0,0.2947678703021371,0.2866617538688283
1241039.0,0.296875,0.2916666666666667
1241040.0,0.07119476268412439,0.07610474631751228
1241041.0,0.3956004327443202,0.40569780021637214
1241042.0,0.07906675307841866,0.07388204795852236
1241043.0,0.12790697674418605,0.12558139534883722
1241044.0,0.2258485639686684,0.2258485639686684
1241045.0,0.09764309764309764,0.10016835016835017
1241046.0,0.12226066897347174,0.12053056516724336
1241047.0,0.24269005847953215,0.23830409356725146
1241048.0,0.05055611729019211,0.044489383215369056
1241049.0,0.146484375,0.1474609375
1241050.0,0.1182033096926714,0.12174940898345153
1241051.0,0.10867659947414549,0.10078878177037687
1241052.0,0.1183206106870229,0.11577608142493638
1241053.0,0.2300556586270872,0.2342300556586271
1241054.0,0.31432360742705573,0.3017241379310345
1241055.0,0.12980068060281963,0.13125911521633446
1241056.0,0.12054329371816638,0.12224108658743633
1241057.0,0.31564551422319476,0.3134573304157549
1241058.0,0.08192651439920556,0.08440913604766634
1251001.0,0.01892238614496472,0.016516998075689543
1251002.0,0.015378221113881962,0.011637572734829594
1251003.0,0.13640389725420726,0.13994685562444642
1251004.0,0.045714285714285714,0.044
1251005.0,0.06869479882237488,0.05986261040235525
1251006.0,0.015406162464985995,0.012440270225737354
1251007.0,0.08181154127100074,0.07669831994156319
1251008.0,0.07428720899816897,0.06957886476589066
1251009.0,0.06686152721958348,0.06540007307270734
1251010.0,0.06232970027247956,0.05858310626702997
1251011.0,0.024806201550387597,0.020598006644518274
1251012.0,0.015666901905434016,0.012844036697247707
1251013.0,0.04693140794223827,0.038164002062919034
1251014.0,0.0625,0.058256172839506175
1251015.0,0.008791208791208791,0.008424908424908424
1251016.0,0.06578153289076645,0.0627640313820157
1251017.0,0.07072953736654804,0.059163701067615655
1251018.0,0.05,0.04423076923076923
1261001.0,0.009191176470588236,0.009191176470588236
1261002.0,0.028534370946822308,0.026264591439688716
1261003.0,0.09665226781857451,0.0847732181425486
1261004.0,0.024280575539568347,0.024280575539568347
1261006.0,0.00998003992015968,0.005988023952095809
1261012.0,0.03707414829659319,0.036072144288577156
1261014.0,0.018731988472622477,0.01729106628242075
1261016.0,0.011049723756906077,0.009668508287292817
1261017.0,0.019423368740515933,0.017602427921092564
1261018.0,0.020512005088249324,0.016377802512323104
1261019.0,0.007165248544558889,0.006717420510523959
1261020.0,0.017304189435336976,0.01639344262295082
1261021.0,0.017482517482517484,0.013986013986013986
1261023.0,0.016726403823178016,0.010752688172043012
1261025.0,0.02259475218658892,0.01967930029154519
1261026.0,0.1284074605451937,0.13091822094691535
1261027.0,0.01011804384485666,0.005902192242833052
1261029.0,0.029830508474576273,0.0296045197740113
1261030.0,0.020053572721349455,0.01686816766813871
1261033.0,0.07195945945945946,0.06891891891891892
1261035.0,0.02849200833912439,0.022932592077831826
1261036.0,0.007751937984496124,0.006029285099052541
1261038.0,0.0013157894736842105,0.0013157894736842105
1261039.0,0.019428571428571427,0.024
1261041.0,0.01051939513477975,0.009861932938856016
1261042.0,0.04244861483467382,0.03909740840035746
1261043.0,0.011962692619626927,0.011962692619626927
1261045.0,0.04962406015037594,0.03609022556390978
1261047.0,0.018633540372670808,0.015527950310559006
1261048.0,0.02304,0.02048
1261049.0,0.09948542024013722,0.09948542024013722
1261051.0,0.055248618784530384,0.04696132596685083
1261052.0,0.044642857142857144,0.04081632653061224
1261055.0,0.031190324633991087,0.030341608317419902
1261056.0,0.1005251312828207,0.0967741935483871
1261058.0,0.012679162072767364,0.010474090407938258
1261066.0,0.006998444790046656,0.005443234836702955
1261069.0,0.10425240054869685,0.10425240054869685
1261071.0,0.04106666666666667,0.04426666666666667
1261072.0,0.06467661691542288,0.05970149253731343
1271001.0,0.08867173362287369,0.08541440463264567
1271002.0,0.0576271186440678,0.054758800521512385
1271003.0,0.1515988037727168,0.14998849781458476
1271004.0,0.021503884572697002,0.01706437291897891
1271005.0,0.06115107913669065,0.05611510791366906
1271006.0,0.08720784116612214,0.08092485549132948
1271007.0,0.018048780487804877,0.015609756097560976
1271008.0,0.09442446043165467,0.08573141486810551
1271009.0,0.06366267052501033,0.06324927656056221
1271010.0,0.07917059377945335,0.07445805843543826
1271011.0,0.10543840177580466,0.10987791342952276
1271012.0,0.08355437665782493,0.08952254641909814
1271013.0,0.04158125915080527,0.03953147877013177
1271014.0,0.033650577838205305,0.030591434398368457
1271015.0,0.14358372456964005,0.13732394366197184
1271016.0,0.06182065217391304,0.05672554347826087
1271017.0,0.07944996180290298,0.07754010695187166
1281001.0,0.030114226375908618,0.02284527518172378
1281002.0,0.04242110708742887,0.03983445421624418
1281003.0,0.018509729473184623,0.01613668723303275
1281004.0,0.052393857271906055,0.05420054200542006
1281007.0,0.01989730423620026,0.011553273427471117
1281008.0,0.12357723577235773,0.12195121951219512
1281009.0,0.010443864229765013,0.008159268929503917
1281011.0,0.037833190025795355,0.03869303525365434
1281012.0,0.06202849958088852,0.05951383067896061
1281013.0,0.049720323182100686,0.045369794903666875
1281014.0,0.011217948717948718,0.008012820512820512
1281015.0,0.029766123316796598,0.024096385542168676
1281016.0,0.05960684844641725,0.05199746353836398
1281017.0,0.13297872340425532,0.1413373860182371
1281018.0,0.02207792207792208,0.01948051948051948
1281019.0,0.07142857142857142,0.060267857142857144
1281021.0,0.02635542168674699,0.02371987951807229
1281022.0,0.026785714285714284,0.024642857142857143
1281023.0,0.0412573673870334,0.03732809430255403
1281024.0,0.008944543828264758,0.0017889087656529517
1281025.0,0.011318619128466326,0.009620826259196379
1281027.0,0.024457892082702975,0.022188603126575897
1281028.0,0.03392330383480826,0.028023598820058997
1281029.0,0.08888888888888889,0.09333333333333334
1281030.0,0.03903654485049834,0.03322259136212625
1281032.0,0.017824546333082787,0.01610651777085794
1281033.0,0.03679741205014153,0.03679741205014153
1281034.0,0.12437810945273632,0.1310116086235489
1281035.0,0.05589767882520132,0.050686878256750355
1281037.0,0.043149946062567425,0.041531823085221145
1281038.0,0.005989583333333334,0.00546875
1281039.0,0.1552123552123552,0.1667953667953668
1281040.0,0.01387846961740435,0.012378094523630907
1281041.0,0.024019607843137256,0.023284313725490197
1281042.0,0.06505576208178439,0.0724907063197026
1281043.0,0.02901023890784983,0.030147895335608646
1291001.0,0.035864978902953586,0.035161744022503515
1291002.0,0.027808069792802616,0.024536532170119956
1291003.0,0.07068607068607069,0.059251559251559255
1291004.0,0.14157458563535913,0.15607734806629833
1291005.0,0.01973916108565386,0.017624250969333802
1291006.0,0.02702702702702703,0.029411764705882353
1291007.0,0.11633986928104575,0.12156862745098039
1291008.0,0.07601977750309023,0.07478368355995056
1291009.0,0.08020833333333334,0.06979166666666667
1291010.0,0.04640215198386012,0.04472091459314055
1291011.0,0.0492379835873388,0.044548651817116064
1291012.0,0.08504398826979472,0.07526881720430108
1291013.0,0.09760589318600368,0.09883364027010436
1291014.0,0.05990415335463259,0.06549520766773163
1291015.0,0.04244261585101776,0.035513209181463834
1291016.0,0.06539235412474849,0.06740442655935613
1291017.0,0.10671641791044777,0.10895522388059702
1291018.0,0.055250640321990487,0.0570801317233809
1291019.0,0.046908315565031986,0.05277185501066098
1291020.0,0.0351035103510351,0.0351035103510351
1291021.0,0.03138075313807531,0.02615062761506276
1291022.0,0.07487091222030981,0.07487091222030981
1291023.0,0.06926605504587156,0.07431192660550459
1291024.0,0.041910770617395225,0.04281207751239297
1291025.0,0.11735700197238659,0.11209730440499671
1291026.0,0.048822515795519814,0.04652498564043653
1291027.0,0.07655880031570639,0.06393054459352802
1291028.0,0.0790413054563998,0.0815910249872514
1291029.0,0.04467805519053877,0.040735873850197106
1291030.0,0.12236286919831224,0.12658227848101267
1291031.0,0.033764068361817424,0.032096706961233845
1291032.0,0.051209103840682786,0.05689900426742532
1291033.0,0.013003901170351105,0.011703511053315995
1291034.0,0.06721311475409836,0.06680327868852459
1291035.0,0.058704453441295545,0.06072874493927125
1291036.0,0.018518518518518517,0.01942186088527552
1291037.0,0.15837563451776648,0.1634517766497462
1291038.0,0.03956177723676202,0.035909920876445525
1291039.0,0.05105263157894737,0.05157894736842105
1291040.0,0.05586152635719906,0.05586152635719906
1291041.0,0.06264185201997277,0.06445755787562416
1291042.0,0.02837370242214533,0.022837370242214532
1291043.0,0.02099737532808399,0.01799775028121485
1291044.0,0.04194174757281553,0.04271844660194175
1291045.0,0.05518018018018018,0.04842342342342342
1291046.0,0.10747051114023591,0.12057667103538663
1291047.0,0.05574912891986063,0.05226480836236934
1291048.0,0.08548082966687617,0.09050911376492772
1291049.0,0.03336510962821735,0.03527168732125834
1291050.0,0.08874281018898932,0.08792111750205424
1291051.0,0.037868162692847124,0.033660589060308554
1291052.0,0.09554140127388536,0.08174097664543524
1291053.0,0.0671785028790787,0.0690978886756238
1291054.0,0.05,0.039
1291056.0,0.05977229601518026,0.06072106261859583
1291057.0,0.07094594594594594,0.07094594594594594
1291058.0,0.0615539858728557,0.05852674066599395
1291059.0,0.08695652173913043,0.08260869565217391
1291060.0,0.0806282722513089,0.07329842931937172
1301001.0,0.1833013435700576,0.17754318618042225
1301002.0,0.08777969018932874,0.08433734939759036
1301003.0,0.0519559902200489,0.048594132029339855
1301004.0,0.042703150912106136,0.04228855721393035
1301005.0,0.05417276720351391,0.048316251830161056
1301006.0,0.1853303471444569,0.18477043673012317
1301007.0,0.10149253731343283,0.1
1301008.0,0.38998682476943347,0.3952569169960474
1301009.0,0.049974760222110046,0.04846037354871277
1301010.0,0.27432590855803046,0.2696365767878077
1301011.0,0.02664576802507837,0.02233542319749216
1301012.0,0.0778688524590164,0.07172131147540983
1301013.0,0.043603258265452804,0.04072831816003833
1301014.0,0.05163776493256262,0.04932562620423892
1301015.0,0.08147044212617983,0.07699950322901143
1301016.0,0.014396456256921373,0.009413067552602437
1301017.0,0.03074866310160428,0.02807486631016043
1301019.0,0.40059790732436473,0.3961136023916293
1301020.0,0.5276796230859835,0.5453474676089517
1301021.0,0.08685446009389672,0.07652582159624413
1301022.0,0.18857142857142858,0.18619047619047618
1301023.0,0.2163764357169322,0.2045201926639496
1301024.0,0.1570827489481066,0.15427769985974754
1301025.0,0.31921487603305787,0.32231404958677684
1301026.0,0.03453858607663249,0.03291958985429034
1301027.0,0.42475512021371326,0.41674087266251114
1301028.0,0.008138619060120767,0.00840115515883434
1301029.0,0.5345873786407767,0.5412621359223301
1301030.0,0.07945344129554656,0.07945344129554656
1301031.0,0.10784939374601149,0.10529674537332483
1301032.0,0.10167952791647752,0.09305492510213345
1301033.0,0.16151202749140894,0.1482572410407462
1301034.0,0.03922751961375981,0.030175015087507542
1301035.0,0.17264150943396225,0.15566037735849056
1301036.0,0.1568477429227238,0.14154552410099464
1301037.0,0.2798913043478261,0.26902173913043476
1301038.0,0.03145523677843069,0.03560318008987211
1301039.0,0.023289315726290515,0.020888355342136854
1301040.0,0.05202785743547726,0.04997951659156084
1301042.0,0.1208955223880597,0.11641791044776119
1301043.0,0.20451843043995244,0.19738406658739596
1301044.0,0.036589762076423935,0.033886085075702954
1301045.0,0.03699284009546539,0.031821797931583136
1301046.0,0.19294117647058823,0.18235294117647058
1301047.0,0.22706065318818042,0.22472783825816486
1301048.0,0.03512803676953381,0.030203545633617858
1301049.0,0.055125284738041,0.05466970387243736
1301050.0,0.23372781065088757,0.23668639053254437
1301051.0,0.22689994532531438,0.22580645161290322
1301052.0,0.09055627425614489,0.08602846054333764
1301053.0,0.03742283950617284,0.03125
1301054.0,0.05476369092273068,0.0555138784696174
1301055.0,0.20017035775127767,0.18739352640545145
1301056.0,0.3045325779036827,0.28895184135977336
1301057.0,0.30548302872062666,0.30983463881636203
1301058.0,0.26100151745068284,0.25290844714213456
1301059.0,0.06465997770345597,0.06911928651059086
1301060.0,0.10089974293059126,0.09768637532133675
1301061.0,0.1343467543138866,0.14009860312243222
1301062.0,0.15081521739130435,0.14583333333333334
1301063.0,0.19211102994886778,0.17165814463111762
1301065.0,0.0347877358490566,0.0330188679245283
1301066.0,0.18443960826985853,0.17138193688792167
1301067.0,0.40357478833490124,0.40921919096895576
1301068.0,0.0344418052256532,0.031175771971496437
1301069.0,0.06704486848891181,0.062403300670448685
1301070.0,0.14271151885830785,0.13506625891946994
1301071.0,0.14145658263305322,0.140406162464986
1301072.0,0.15514469453376206,0.1527331189710611
1301073.0,0.15765509391007398,0.1485486624928856
1301074.0,0.05113636363636364,0.04403409090909091
1301075.0,0.08679479231246125,0.08183508989460632
1301076.0,0.5289017341040463,0.508092485549133
1301077.0,0.04552912223133716,0.043478260869565216
1301078.0,0.22213438735177865,0.20790513833992094
1301079.0,0.23435114503816795,0.23969465648854962
1301080.0,0.17666201766620176,0.16317991631799164
1301081.0,0.0745715609078277,0.06808707735062529
1301082.0,0.044794952681388014,0.04037854889589906
1301083.0,0.33993015133876603,0.36146682188591384
1301084.0,0.06411698537682789,0.05061867266591676
1301085.0,0.03997400064998375,0.03964900877478063
1301086.0,0.22079824240205054,0.22153057488099598
1301087.0,0.026065993671839687,0.024107277384360404
1301088.0,0.03697478991596639,0.031932773109243695
1301089.0,0.034708044099632504,0.03511637403021641
1301090.0,0.037803138373751786,0.03637660485021398
1301091.0,0.1491485613623018,0.1462125660598943
1301092.0,0.10376569037656903,0.10585774058577406
1301093.0,0.0752,0.072
1301094.0,0.08082348455966451,0.07281738467403737
1301095.0,0.11705202312138728,0.10549132947976879
1301097.0,0.025534851621808144,0.02139406487232574
1301099.0,0.14257425742574256,0.14455445544554454
1301100.0,0.055202735710796286,0.05031753786028334
1301101.0,0.1862348178137652,0.18533513270355376
1301102.0,0.03484224965706447,0.0345679012345679
1301103.0,0.3640588690937258,0.3601859024012393
1301104.0,0.20036210018105008,0.2063971031985516
1301105.0,0.017651052274270197,0.014256619144602852
1301106.0,0.14545454545454545,0.15113636363636362
1301108.0,0.03747418117438772,0.036884036588964296
1301109.0,0.07361455748552523,0.065343258891646
1301110.0,0.5893536121673004,0.5798479087452472
1301111.0,0.06612995974698102,0.05807935595169638
1301112.0,0.06782768102658111,0.06553620531622364
1301113.0,0.1534154535274356,0.1511758118701008
1301114.0,0.06314878892733564,0.05709342560553633
1301115.0,0.07820995399414471,0.07570054370556252
1301116.0,0.03783499737256963,0.03625853914871256
1301117.0,0.14894592117323557,0.1461961503208066
1301118.0,0.017088174982911826,0.017088174982911826
1301119.0,0.06295907660020986,0.05036726128016789
1301120.0,0.04962492787074437,0.05308713214079631
1301121.0,0.08312342569269521,0.07506297229219143
1301122.0,0.17801753202966958,0.18408631153068106
1301123.0,0.05082212257100149,0.04895366218236173
1301124.0,0.06932889628397115,0.0701608430393788
1301125.0,0.07816091954022988,0.06934865900383141
1301126.0,0.04203233256351039,0.040184757505773674
1301127.0,0.49620548744892,0.4897840046701693
1301128.0,0.09010736196319018,0.10161042944785276
1301129.0,0.11629576453697056,0.11127063890882986
1301130.0,0.12343470483005367,0.1050983899821109
1301131.0,0.015877771120431396,0.01408028759736369
1301132.0,0.1880597014925373,0.19044776119402984
1301133.0,0.03763440860215054,0.03379416282642089
1301134.0,0.060477453580901855,0.0610079575596817
1301135.0,0.18406889128094725,0.18514531754574812
1301136.0,0.075,0.06982758620689655
1301137.0,0.4385510996119017,0.4411384217335058
1301138.0,0.01639344262295082,0.015530629853321829
1301139.0,0.04869762174405436,0.039637599093997736
1301140.0,0.3410714285714286,0.3375
1301141.0,0.07203647416413374,0.06990881458966565
1301142.0,0.14169520547945205,0.12799657534246575
1301143.0,0.10695187165775401,0.10646572678658241
1301144.0,0.1112618724559023,0.10820895522388059
1301145.0,0.05021834061135371,0.04639737991266375
1301146.0,0.14763231197771587,0.13649025069637882
1301147.0,0.4347143753923415,0.4438166980539862
1301148.0,0.06457739791073125,0.05698005698005698
1301149.0,0.2849557522123894,0.2920353982300885
1301150.0,0.08544532947139753,0.08037653874004344
1301151.0,0.10977242302543508,0.10174029451137885
1301152.0,0.06231884057971015,0.05144927536231884
1301153.0,0.10301507537688442,0.07663316582914573
1301154.0,0.14418604651162792,0.1310077519379845
1301155.0,0.225,0.22201492537313433
1301156.0,0.3472041612483745,0.3420026007802341
1301157.0,0.14251352976548406,0.1358989777510523
1301158.0,0.11328871892925431,0.10325047801147227
1301159.0,0.5738831615120275,0.5958762886597938
1301160.0,0.11485870556061988,0.11485870556061988
1301161.0,0.15118577075098813,0.15167984189723321
1301162.0,0.22993827160493827,0.22993827160493827
1301163.0,0.1386861313868613,0.13576642335766423
1301164.0,0.04739583333333333,0.0453125
1301165.0,0.344106463878327,0.32984790874524716
1301166.0,0.08547008547008547,0.09544159544159544
1301167.0,0.13249444855662473,0.13471502590673576
1301168.0,0.44144144144144143,0.4207207207207207
1301169.0,0.07217694994179279,0.06635622817229336
1301170.0,0.5356472795497186,0.5881801125703565
1301171.0,0.2918848167539267,0.28272251308900526
1301172.0,0.14963833634719712,0.13155515370705245
1301173.0,0.2854796320630749,0.27102496714848884
1301174.0,0.027545909849749584,0.02671118530884808
1301175.0,0.0950626381724392,0.0899042004421518
1301176.0,0.07947019867549669,0.06622516556291391
1301177.0,0.3674832962138085,0.37639198218262804
1301178.0,0.03773584905660377,0.035783994795055306
1301179.0,0.08795669824086604,0.07577807848443843
1301180.0,0.3953488372093023,0.4170542635658915
1301181.0,0.05866547245857591,0.05642633228840126
1301182.0,0.10450819672131148,0.09221311475409837
1301183.0,0.06527977044476327,0.055236728837876614
1301184.0,0.47643979057591623,0.4712041884816754
1301185.0,0.17940199335548174,0.17718715393134
1301186.0,0.043795620437956206,0.03923357664233577
1301187.0,0.3564102564102564,0.3628205128205128
1301188.0,0.17200251098556182,0.1638418079096045
1301189.0,0.02859433458043827,0.02672367717797969
1301191.0,0.013744075829383886,0.012322274881516588
1301192.0,0.03553299492385787,0.029328821206993795
1301193.0,0.012959251837007349,0.01068804275217101
1301194.0,0.16924564796905223,0.1885880077369439
1301195.0,0.38228155339805825,0.37985436893203883
1301196.0,0.044100580270793034,0.04294003868471954
1301197.0,0.15537488708220415,0.13550135501355012
1301198.0,0.23142857142857143,0.22
1301199.0,0.08575380359612725,0.07814661134163209
1301200.0,0.12324929971988796,0.11624649859943978
1301201.0,0.3662822624931356,0.37067545304777594
1301202.0,0.5436363636363636,0.5618181818181818
1301203.0,0.30180921052631576,0.28536184210526316
1301204.0,0.04858044164037855,0.044794952681388014
1301205.0,0.04795557799091368,0.045936395759717315
1301206.0,0.01166489925768823,0.013785790031813362
1301207.0,0.052434456928838954,0.05056179775280899
1301208.0,0.026077700904736562,0.023948908994145823
1301209.0,0.1405672009864365,0.1467324290998767
1301210.0,0.23018203170874926,0.24310041103934232
1301211.0,0.044383346425765906,0.04281225451688924
1301212.0,0.2456575682382134,0.22456575682382135
1311001.0,0.09302325581395349,0.09689922480620156
1311002.0,0.07178082191780821,0.06684931506849315
1311003.0,0.12608405603735823,0.13542361574382922
1311004.0,0.04790419161676647,0.04590818363273453
1311005.0,0.052930056710775046,0.04158790170132325
1311006.0,0.06748971193415639,0.06172839506172839
1311007.0,0.04838709677419355,0.047491039426523295
1311008.0,0.14135338345864662,0.12781954887218044
1311009.0,0.0695742471443406,0.056074766355140186
1311011.0,0.06557377049180328,0.06035767511177347
1311012.0,0.07282913165266107,0.06442577030812324
1311013.0,0.023033707865168538,0.015730337078651686
1311015.0,0.09296264118158123,0.10338835794960903
1311017.0,0.27463651050080773,0.2633279483037157
1311018.0,0.09523809523809523,0.08866995073891626
1311019.0,0.34598324297683586,0.34598324297683586
1311020.0,0.03571428571428571,0.03361344537815126
1311021.0,0.2761557177615572,0.26763990267639903
1311023.0,0.04182509505703422,0.0370722433460076
1311024.0,0.09316770186335403,0.08540372670807453
1311025.0,0.10204081632653061,0.09925788497217068
1311026.0,0.04119850187265917,0.033707865168539325
1311027.0,0.03521703521703522,0.0343980343980344
1311028.0,0.03578528827037773,0.033797216699801194
1311029.0,0.04861111111111111,0.044642857142857144
1311030.0,0.17218543046357615,0.173841059602649
1311032.0,0.22201017811704835,0.21755725190839695
1311033.0,0.09752155172413793,0.10668103448275862
1311034.0,0.14541120381406436,0.13110846245530394
1311035.0,0.09082892416225749,0.09082892416225749
1311036.0,0.08159722222222222,0.08159722222222222
1311037.0,0.06382978723404255,0.06606942889137737
1311038.0,0.06275140788415125,0.06355591311343524
1311039.0,0.04479283314669653,0.0335946248600224
1311040.0,0.07142857142857142,0.07188065099457505
1311041.0,0.032559380838003735,0.03042433947157726
1311042.0,0.09748427672955975,0.09905660377358491
1311043.0,0.1556350626118068,0.1520572450805009
1311044.0,0.07383773928896992,0.06836827711941659
1311045.0,0.06206896551724138,0.07931034482758621
1311046.0,0.14558058925476602,0.14038128249566725
1311047.0,0.10130111524163568,0.10223048327137546
1311048.0,0.11256422232601589,0.12657636618402615
1311049.0,0.22950819672131148,0.23278688524590163
1311050.0,0.024210946863763485,0.021254494606472232
1311051.0,0.03687943262411347,0.03829787234042553
1311052.0,0.073502722323049,0.07395644283121597
1311053.0,0.09449354180829368,0.09313392250169952
1311054.0,0.061514195583596214,0.056782334384858045
1311055.0,0.11693057247259439,0.12911084043848964
1311056.0,0.13045659809332663,0.13346713497240342
1311057.0,0.09464285714285714,0.09553571428571428
1311058.0,0.16795865633074936,0.15503875968992248
1311059.0,0.018640776699029128,0.015145631067961166
1311061.0,0.037991858887381276,0.028493894165535955
1311062.0,0.07646474677259185,0.07249255213505462
1311063.0,0.07097361237488627,0.07006369426751592
1311066.0,0.14245014245014245,0.13817663817663817
1311067.0,0.07137192704203013,0.06423473433782712
1311068.0,0.043219076005961254,0.02533532041728763
1311069.0,0.14623069936421434,0.14895549500454133
1311070.0,0.05837837837837838,0.05189189189189189
1311073.0,0.3740359897172236,0.36375321336760924
1311074.0,0.061635220125786164,0.04654088050314465
1311075.0,0.18063112078346028,0.16974972796517954
1311076.0,0.08884297520661157,0.08677685950413223
1311078.0,0.07646356033452807,0.05973715651135006
1311079.0,0.12286282306163022,0.12326043737574553
1311080.0,0.1068313953488372,0.1068313953488372
1311082.0,0.044171779141104296,0.03803680981595092
1311084.0,0.103515625,0.0966796875
1311085.0,0.18880597014925374,0.1880597014925373
1311087.0,0.11896243291592129,0.10554561717352415
1311089.0,0.08336933045356372,0.08552915766738661
1311090.0,0.10316742081447963,0.09954751131221719
1311091.0,0.12893982808022922,0.12679083094555874
1311092.0,0.2871927554980595,0.2988357050452781
1311093.0,0.03165938864628821,0.025655021834061136
1311094.0,0.2427843803056027,0.2801358234295416
1311095.0,0.053714285714285714,0.04914285714285714
1311096.0,0.12398097826086957,0.11413043478260869
1311097.0,0.15087719298245614,0.13157894736842105
1311098.0,0.15808556925308195,0.1551849166062364
1311099.0,0.1961367013372957,0.21545319465081725
1311100.0,0.05355064027939464,0.051222351571594875
1311101.0,0.03790803790803791,0.036855036855036855
1311102.0,0.1095890410958904,0.1110310021629416
1311103.0,0.09598603839441536,0.09773123909249563
1311104.0,0.22131147540983606,0.23258196721311475
1311105.0,0.02710413694721826,0.021398002853067047
1321001.0,0.03795811518324607,0.02617801047120419
1321002.0,0.06954887218045112,0.06578947368421052
1321004.0,0.03171953255425709,0.02337228714524207
1321005.0,0.01808590806330068,0.016578749058025623
1321006.0,0.031988873435326845,0.02364394993045897
1321007.0,0.03364969801553063,0.03278688524590164
1321008.0,0.06591639871382636,0.06672025723472669
1321009.0,0.035283194057567316,0.035283194057567316
1321010.0,0.02907225309961522,0.0271483539974348
1321012.0,0.1240506329113924,0.12151898734177215
1321013.0,0.0225,0.0175
1321014.0,0.07894736842105263,0.08270676691729323
1321016.0,0.06710526315789474,0.05592105263157895
1321017.0,0.01924946529263076,0.018860587205910946
1321018.0,0.05653710247349823,0.05123674911660778
1321019.0,0.037169042769857434,0.03513238289205703
1321020.0,0.01847872797593468,0.017189514396218308
1321022.0,0.035188739603326934,0.03198976327575176
1321023.0,0.013169446883230905,0.007901668129938543
1321024.0,0.04445350734094616,0.042822185970636216
1321025.0,0.0393574297188755,0.03775100401606426
1321026.0,0.1662269129287599,0.1741424802110818
1321027.0,0.08514190317195326,0.09015025041736227
1321029.0,0.04470463012240553,0.041511442256519426
1321031.0,0.04489337822671156,0.037037037037037035
1321032.0,0.004016064257028112,0.004685408299866131
1321034.0,0.022670025188916875,0.01952141057934509
1321035.0,0.08053691275167785,0.07634228187919463
1321036.0,0.06969563299514778,0.07101896779885311
1321037.0,0.034107402031930335,0.031204644412191583
1321038.0,0.12351543942992874,0.1324228028503563
1321039.0,0.028545536927956503,0.024467603081105575
1321040.0,0.08576814326107446,0.08388312912346843
1321042.0,0.039095619406500234,0.036740461610927935
1321044.0,0.042704626334519574,0.034875444839857654
1321045.0,0.03900709219858156,0.031914893617021274
1321046.0,0.04926108374384237,0.03940886699507389
1321047.0,0.03193033381712627,0.02467343976777939
1321048.0,0.024838012958963283,0.023218142548596114
1321049.0,0.07792207792207792,0.07431457431457432
1321050.0,0.027992277992277992,0.02702702702702703
1321051.0,0.09370529327610873,0.09656652360515021
1321052.0,0.05423940149625935,0.06172069825436409
1321053.0,0.06324972737186478,0.062159214830970554
1321054.0,0.0828125,0.07734375
1321055.0,0.027761370348493797,0.028942705256940343
1321056.0,0.015347975654935168,0.016141836464673195
1321057.0,0.05733130390664637,0.0578386605783866
