muni,yhat_1,yhat_2
1011001,0.09089511241735741,0.07720946954408152
1011002,0.21939993357008394,0.20134140711168522
1011003,0.21087905898419435,0.1871845891590523
1011004,0.20821619182656903,0.2026262366229723
1011005,0.1161757051911836,0.10832046845527593
1011006,0.14547163798809418,0.1221516193260503
1011007,0.18963211047257617,0.15603867824009665
1011008,0.18179150763228244,0.17501523244047293
1011009,0.23494874114485234,0.22825862782383496
1011010,0.24710083900216204,0.23749837129382614
1011011,0.11289964823031974,0.0893983850468322
1021001,0.07859024893024037,0.07477995376825249
1021002,0.06170479133743499,0.047687887866370834
1021003,0.05823389052346783,0.05587050252371691
1021004,0.05699553759102953,0.04890082872272203
1021005,0.06971101420421125,0.06449517254469965
1031001,0.11315328750312299,0.10641547241806128
1031002,0.09529466696077864,0.08366427021854049
1031003,0.07350437247658913,0.06443841370090918
1031008,0.044107771708040484,0.04332938505897653
1031009,0.09493821047757885,0.08370747585169239
1041001,0.2483837110393082,0.2590874846462199
1041002,0.1480396419530315,0.15000104306326617
1041003,0.10731261844951338,0.11357563784336597
1041004,0.2863250813424125,0.2875005183705064
1041005,0.2478962620795793,0.2662818400345934
1041006,0.4440940853507629,0.44717345301860284
1041007,0.3210108252703945,0.3038270899286089
1041008,0.23227127840121586,0.21826890550798292
1041009,0.29754696091877303,0.3106134764452221
1041010,0.3789434916186983,0.4091563037659507
1041011,0.3928298955271704,0.4355188052304698
1051002,0.08985213475621119,0.07837060931694169
1051003,0.0983097711428323,0.0630964258109082
1051004,0.21109749031407332,0.20791791306817142
1051006,0.11651974423954439,0.11332597493574009
1051007,0.16868205417530424,0.16212728204033514
1051008,0.1775517612553643,0.13674840403523641
1051009,0.16728961090148234,0.14817769010812415
1051010,0.08394675412133316,0.08194679194939399
1051011,0.31348499726355133,0.2970632129697252
1051014,0.15737609639695227,0.14338324819631448
1051017,0.14823909873047708,0.13390136891027984
1051018,0.08640674552381147,0.0713891535319041
1051019,0.11161690043547445,0.08067237289533298
1051020,0.1305083115538618,0.1304122321042794
1051021,0.15897015967667663,0.1143018621405126
1051022,0.0847184129532065,0.07147963293329573
1051023,0.2504435406621933,0.22530932220640018
1051024,0.1807977236794414,0.16725069439181292
1051025,0.08506143959942257,0.07803006643702509
1051026,0.18795898834445682,0.16328431247481456
1051027,0.0748893727025678,0.06168571819994419
1051028,0.07765436721478577,0.06428251901103738
1051029,0.1327509274244656,0.11455694276864836
1051030,0.09635213140730389,0.08584221155542937
1051031,0.08612141973619447,0.08432136861928873
1051032,0.10193014036276686,0.08945830245145811
1051033,0.1922087639788645,0.18505427913271993
1051034,0.14083185712539203,0.1490899561028234
1051035,0.08502744623268883,0.07439771000066969
1051036,0.2911105211673756,0.2783901399015484
1051037,0.13204983537275947,0.09719330178269113
1051038,0.1332587714459675,0.10656792637822068
1061001,0.19415081048486593,0.20009894460446706
1061002,0.08790756641266856,0.07182529843651508
1061003,0.17278259153411668,0.15336075762925397
1061004,0.12784646983289857,0.11883879196044299
1061005,0.12263680256914168,0.10471788738350966
1061006,0.2563874900729197,0.2716661639134204
1061007,0.08198270431486647,0.08283331341660526
1061008,0.13768842791334104,0.13644698986256978
1061009,0.17214873619753465,0.17541862532615513
1061010,0.05944071783534298,0.04988226504182697
1071001,0.39798503941310437,0.39804151803577714
1071002,0.3169699871058198,0.3379109952558828
1071003,0.48323970255735454,0.5086409035622954
1071004,0.5191025707654596,0.5593919535370533
1071005,0.6310442608156434,0.7329145606989766
1071006,0.47011534455323256,0.5183706170565442
1071007,0.7555971563127474,0.7688532449882548
1071008,0.443715506845555,0.47138552472783574
1071009,0.26893444929449334,0.2729707468602629
1071011,0.5418409670227047,0.5727725640507898
1071012,0.22576744928645331,0.22751766247263144
1071013,0.4328104002230346,0.428855828131238
1071014,0.6571415697715473,0.6981354041118633
1071015,0.38321269618687975,0.4234017171142572
1071016,0.38835218592187787,0.4127733405632309
1071017,0.33708349966620477,0.34437097271794337
1071018,0.5924906087949475,0.6314697395112119
1071019,0.2740794290003068,0.2981641899369056
1071020,0.4610812268697222,0.519070272529978
1071021,0.43878926451389605,0.5383739891907742
1071022,0.8447439922935406,0.7607322531018273
1071023,0.8056394042337833,0.7264161862251948
1071025,0.5834240727095424,0.7453610045640539
1071026,0.7889790317483218,0.7785808969673806
1071027,0.22798712615320643,0.2475164528707338
1071028,0.4030654685684935,0.47397297643159125
1071029,0.25331753866175843,0.268776791636928
1071030,0.4166578809646606,0.4533498806920124
1071031,0.6567970154817061,0.7113471867688839
1071032,0.4875111458984724,0.5347917630634963
1071034,0.38483467483574607,0.4327187165367278
1071035,0.39540389386313257,0.42844786890546843
1071037,0.364240858921361,0.3780085307170845
1071039,0.6286731455047344,0.6527464224612788
1071040,0.36181237007366324,0.40353697290277557
1071041,0.5760658781805205,0.6225144796334421
1071042,0.6152899606444452,0.6525792366695276
1071043,0.4218841716424932,0.46363998328593115
1071044,0.4831386191441115,0.5023895471891326
1071045,0.5133015797975478,0.5780333331048986
1071046,0.4257798310984298,0.4536027470215001
1071047,0.6381230336371042,0.655231048702795
1071048,0.29617942822515986,0.3144064387791427
1071049,0.7574448932667583,0.7186379301751473
1071050,0.2812419395982318,0.27126883060448115
1071051,0.36957387811320713,0.3814423576209929
1071052,0.474833198081748,0.5451014499083776
1071054,0.4235620406458422,0.42434735425137315
1071055,0.24849108036134387,0.2672651074039516
1071057,0.45703871572760113,0.4809457820241514
1071059,0.40639570201601477,0.4258656713636214
1071060,0.7503516156699499,0.8090620783319786
1071061,0.39475473652692594,0.4374617956738988
1071062,0.4433046442627309,0.5092312485839895
1071063,0.33439400464493707,0.379399380548374
1071064,0.6955142896100756,0.7348025059844032
1071065,0.30726096163625305,0.3596230470071477
1071066,0.704867702160392,0.6902185492690989
1071067,0.6692725252912373,0.7177497918072415
1071068,0.33413890761776327,0.34329231666188487
1071069,0.42454925822643536,0.4246318865846407
1071071,0.5009909813669656,0.5533928555055406
1071072,0.4355320040354997,0.4990191705500652
1071073,0.3482656842461013,0.4098829386421063
1071074,0.12302154484094528,0.13286125311579536
1071075,0.4376539047291293,0.5069381008093544
1071076,0.5820467664169825,0.6644373707763958
1071077,0.4713954324893736,0.5405567170691548
1071078,0.2151982897101535,0.22156835648129034
1071079,0.2728589506893731,0.3044977572151612
1071080,0.6286882183678464,0.7617693519815205
1071081,0.6004967483906186,0.6326689288774963
1071082,0.6446103280726468,0.6828535559042445
1071083,0.4373581263849472,0.4874873639652926
1071084,0.4536291409325347,0.5441664671917309
1071085,0.4258119947949416,0.5059002973584622
1071086,0.3251589708233817,0.33603089327865143
1071087,0.3977882185549916,0.43034901170006734
1071089,0.16925643031695772,0.19079447500204313
1071091,0.3712726040544324,0.4253653720716013
1071092,0.45135223981766887,0.5719075293644614
1071093,0.8275295552947146,0.804827903412876
1071094,0.5551801442668965,0.5733740711361508
1071096,0.5745441376614845,0.6434598662722308
1071097,0.3299994932332576,0.3319973591631794
1071099,0.4643134812314437,0.4890366845542166
1071100,0.6731287128119983,0.7497150599548331
1071101,0.09306818140414115,0.09981568031800186
1071102,0.31011704441259963,0.33358290387653255
1071103,0.43294945800509715,0.44523414154306873
1071104,0.32776196595170515,0.36395091464570517
1071105,0.36160721736951223,0.3897442572828502
1071106,0.421480077470665,0.4860569827522876
1071107,0.3431592643248523,0.37937351912695216
1071108,0.3182016605594529,0.3385289295056029
1071109,0.4156997034950482,0.44675587008730416
1071111,0.7662032544657656,0.7322392411815998
1071112,0.8396497655245527,0.8139806806778642
1071113,0.8354831850011103,0.8576553012900373
1071114,0.33093631929631784,0.38947662512006176
1071116,0.5260881121131382,0.5782440877310703
1071117,0.532571553936158,0.6163984071256845
1081001,0.10972946182804348,0.11048183321132146
1081002,0.09621988439430808,0.06584687591735475
1081003,0.14812888627780726,0.12485264836807024
1081004,0.08012171854694548,0.06866091702369437
1081005,0.15046489909584876,0.1724924423141735
1081006,0.1529865558792742,0.13325153012125998
1081007,0.3662593277768552,0.3693633731272292
1081008,0.5828781663811369,0.6151961133762837
1081009,0.20793397936608826,0.1928859875588823
1081011,0.09956351332549174,0.08460856078974541
1081013,0.15016023277417706,0.13188993856978867
1081016,0.1641435714126197,0.13130605057635364
1081017,0.08312223598140772,0.07472667710117355
1081018,0.18535877633597944,0.1405166777503955
1081019,0.06368903899812958,0.05611224880231764
1081020,0.4237637072654636,0.44330598973839946
1081021,0.07604406913827914,0.06545490792076132
1081022,0.2438705339353345,0.2954081321741057
1081023,0.13823326575073275,0.1413153699767641
1081025,0.12586731363459605,0.11837718756749997
1081027,0.3613101098796983,0.3760483573656992
1081028,0.1580612475607004,0.147070620066792
1081029,0.46428734474675115,0.4589435849048732
1081030,0.3287419469745959,0.3703667969059292
1081031,0.17220378488399307,0.16731065618292904
1081032,0.08546167795159663,0.06724595395677503
1081034,0.1717805557150243,0.13813314713955482
1081035,0.20542011185796338,0.20030563632396914
1081036,0.144070462488785,0.12020541543125747
1081037,0.07665403466896087,0.06421153439190634
1081038,0.14524344325917488,0.11792792513959906
1081039,0.16178456957136675,0.13372943328369333
1081040,0.15317107782939599,0.1436058187807526
1081043,0.17707159581173837,0.1587797398060824
1081044,0.17852609052398452,0.16579666369082283
1081045,0.10189044671097133,0.09707717423514613
1081046,0.5772991553029907,0.5676874468957803
1081048,0.15858666368765598,0.12063262404549827
1081050,0.07257698575143288,0.06468907312334905
1081051,0.23478649934113585,0.2730674496989131
1081052,0.0898993562512906,0.08882398260539098
1081053,0.144519530607512,0.13743084484876408
1081054,0.21535029083060847,0.23060476249641432
1081055,0.11530251270143861,0.10029582188502886
1081058,0.11634268806082529,0.1163270049452843
1081059,0.10114138959700544,0.09579165582812724
1081060,0.10233009290546388,0.08228281652432994
1081061,0.20236173680374273,0.20843270854828388
1081062,0.10594681419338417,0.08700986261886348
1081066,0.5279694430104166,0.49602872726203956
1081067,0.18161826764231856,0.13067273083264594
1091002,0.06288016646403889,0.05430754958999757
1091003,0.0719341822347913,0.062358062115314805
1091004,0.07594534098125488,0.07731734955145353
1091005,0.09747085746160747,0.08282883948022439
1091006,0.06845845845330938,0.059729298510500614
1091007,0.10459853610883471,0.09216082466608198
1091008,0.09069905126010672,0.08225602370379488
1091009,0.16628813870182502,0.16281220942514565
1091010,0.07872372286227419,0.0684502603188327
1091011,0.10533553607537133,0.08959747502010303
1091012,0.08156459284537801,0.07296381205506075
1091013,0.11056581827214655,0.10034937552121893
1091014,0.04055834698061936,0.032714540865990085
1091015,0.053907082311799547,0.0403390578504637
1091016,0.05004173063957122,0.04308272569666352
1091017,0.06587178813060746,0.05367833613309749
1101001,0.19470473561469112,0.17779115530432418
1101002,0.430076940246358,0.44293702653632655
1101004,0.1959518550591697,0.1844800098435854
1101005,0.10515974164880167,0.09669124902137932
1101006,0.3351275293614852,0.32229794608672874
1101007,0.12200747353401277,0.10408655723217485
1101008,0.16925064520451075,0.15190056468871152
1101009,0.2687511960222463,0.28573073099373253
1101010,0.28623719700420536,0.2573113948864251
1101011,0.2751347867502944,0.2596027346376895
1101012,0.15268942753670317,0.14736078641757247
1101013,0.19166161088364275,0.1781045393194201
1101014,0.5223869328355163,0.5219193991923397
1101015,0.2560020400193131,0.2602461530282659
1101016,0.23108971787766194,0.2314367196791095
1101017,0.2332266652280758,0.18615536778285827
1101018,0.16784669242429168,0.1423345673809202
1101020,0.267291381303221,0.20934950228407978
1101021,0.2387533647321856,0.2347250974710199
1101022,0.20555548235918625,0.2032524396113604
1101023,0.2097385596839441,0.2100003319977603
1101024,0.24540047950316698,0.19377962589263917
1101026,0.3232547926716112,0.349146922664828
1101028,0.21132320086956533,0.20288243726742936
1101031,0.22739727334407328,0.23489237666539592
1101032,0.1725404548749015,0.1709803209957681
1101033,0.22029844751020053,0.21179985262001813
1101034,0.33822973457804323,0.3053156897642895
1101035,0.2692147875284049,0.2736691455656453
1101036,0.2178589201271835,0.18171445644084086
1101037,0.3658990851509011,0.41839898802907166
1101038,0.15960547036479134,0.14220459276737085
1101039,0.1963184676926809,0.21233338374143226
1111001,0.25842311052648304,0.26794816440802927
1111002,0.1782007998266443,0.15191817964824472
1111003,0.1380374105417321,0.134093891591321
1111004,0.20049065301592778,0.20204265281033384
1111005,0.18241857800822717,0.16084388153868023
1111007,0.11969016648721004,0.10505458405823688
1111008,0.25836357452166936,0.2566316605751504
1111009,0.2682402818002706,0.25608668224552544
1111010,0.2561744687101674,0.24098164626311472
1111011,0.1594524134569517,0.14176623930798507
1111012,0.21014271726996606,0.21284033750053596
1111013,0.2831575405406442,0.26751677439971405
1111014,0.23488594346628094,0.22184098004361893
1111015,0.12360863957618332,0.12082553738548701
1111016,0.2638815807287962,0.25881467656107987
1111017,0.15438751949961493,0.13629763842271644
1111018,0.22009970509965068,0.21605689181812374
1111019,0.28910753276647516,0.2899188076521063
1111020,0.13015254653715613,0.11965091973285936
1111021,0.1474255988119763,0.1454165968380754
1111022,0.2870378559281186,0.27714968800335366
1111023,0.25599605232799405,0.25809988341249346
1111024,0.23501173625640204,0.22915284349127818
1111025,0.17184232180782363,0.16781977293290778
1111026,0.27106885414030624,0.2882975163608925
1111027,0.11865443667681201,0.1117147925864709
1111028,0.2288020264500758,0.19908785754572464
1111029,0.29348482816362553,0.2970906715187573
1111030,0.29092094967611404,0.26890880557809266
1111031,0.1662719661835581,0.17279914594337442
1111032,0.1549428221627289,0.14384674044420068
1111033,0.24903719743307737,0.24881577067640745
1111034,0.31163558119918866,0.36136634620119445
1111035,0.23427674668253945,0.21760146218921558
1111036,0.2239002356201146,0.21405819772969525
1111037,0.18229491815642887,0.16108965974444467
1111038,0.21846844069512233,0.21753639129070848
1111039,0.22720071460158855,0.21176713129058122
1111040,0.3749073502694718,0.37093258635311377
1111041,0.17248006240245667,0.16953340385108853
1111042,0.19041023752075031,0.18177203736208944
1111043,0.36602866799495115,0.3827382978158878
1111044,0.16746108763805903,0.1427524197371734
1111046,0.22038227174799235,0.2087351495779278
1121001,0.1557632310583581,0.15460779480783657
1121002,0.5634936548568107,0.5526814104107096
1121003,0.44334929090984204,0.40006925024578505
1121004,0.5531232580808974,0.5928412527662921
1121005,0.3552081542024644,0.38070677910378503
1121006,0.32506513035739903,0.34057485457212233
1121007,0.241241404082521,0.24121681545338475
1121008,0.40302514323864486,0.43406079053534374
1121010,0.6946415788319087,0.7447686678364659
1121011,0.33679190763752426,0.34643483452387624
1121012,0.4486381473947122,0.4676187625687733
1121013,0.4730586731169389,0.44069231360086375
1121014,0.25097482344397215,0.24542905536743645
1121015,0.26222606274787474,0.250441823900306
1121016,0.5150783109907302,0.5277385703186451
1121017,0.3210950282910945,0.3053417482740521
1121018,0.3464445894045292,0.3624246884249945
1121019,0.5597460129895641,0.5904884705442773
1121020,0.5584605633473669,0.570684260781941
1121021,0.29811762223703714,0.30451540413957373
1121022,0.4035437141345676,0.40793390567487864
1121023,0.3966377570856958,0.4222848341552765
1121024,0.5393541536280488,0.5993435254763181
1121025,0.5873104797894871,0.5888978443152392
1121027,0.3900325220386158,0.42176859273406436
1121028,0.49935428761229944,0.4668630228589118
1121029,0.1680571217979855,0.1680183499903878
1121030,0.3625796673826907,0.39064222967593
1121032,0.5080050616930916,0.4863158125966338
1121033,0.31958219372617364,0.3140449038812687
1121034,0.29890536690219893,0.28325967440623695
1121035,0.16850456557406773,0.16456306761862594
1121036,0.44586488631177673,0.5151475059871392
1121037,0.4001990736655469,0.3983436984554777
1121038,0.11922514270882771,0.13759900670550027
1121039,0.3008717800139195,0.31748797961439923
1121040,0.4468593280408957,0.46302757138759615
1121041,0.6393071491188308,0.693384292447785
1121042,0.6064360214655865,0.5981386485206169
1121044,0.320630945917279,0.29771583605661006
1121045,0.43026567964757517,0.42058520188015314
1121046,0.4148043761235496,0.4490660670821296
1121048,0.24806142512261728,0.2600743759063319
1121049,0.33771831217764786,0.30157113399878316
1121050,0.23111827185268569,0.2376603876846008
1121051,0.48189102459363253,0.4799995491751628
1121052,0.5541114756984886,0.581768804589276
1121053,0.3939913132397602,0.3873593867177369
1121054,0.46114454322012827,0.4554242887451557
1121055,0.2167140739345059,0.20640570722105578
1121056,0.5490979563384822,0.5300256058657361
1121057,0.2545459446050646,0.25460897554461104
1121058,0.33765451228367344,0.30802385808884986
1121059,0.35650291400377504,0.3331150467286102
1121060,0.46309384229852424,0.48068650752608805
1121061,0.30346330843527775,0.2716517466070826
1121062,0.5164238611445946,0.5370810817235574
1121064,0.3029364529466556,0.2948848045620765
1121065,0.44943115679536977,0.4476276602940135
1121066,0.321922102806407,0.3330485991144433
1121067,0.30150018153245817,0.2966121734202167
1121068,0.25471715205360357,0.24237883538279656
1121069,0.6179928015443351,0.6011000990388435
1121070,0.36774594028323115,0.3325936570037882
1121071,0.5834520331125581,0.5880735513383752
1121072,0.6325094485553316,0.7042689587984283
1121073,0.36118300226409383,0.3809842527114479
1121074,0.6224407739221454,0.5893465203793575
1121075,0.26785245304695887,0.2546502173626419
1121076,0.7167017647933104,0.7600905444493835
1121077,0.37622751163011475,0.4127013461244869
1121079,0.696585007115659,0.6924275588548093
1121080,0.4582689540680222,0.4831952701481583
1121081,0.6091178920135341,0.6129561434979298
1131001,0.26424186553950263,0.2882729961891351
1131002,0.4875266399762912,0.4747505442650217
1131003,0.2324020134682166,0.2206864061845075
1131004,0.3129421040972239,0.3283316395671866
1131005,0.19759109100638247,0.19617892038879212
1131006,0.27196585190514627,0.23350625860374932
1131007,0.2717778329776217,0.2838683535389214
1131008,0.18580426650449589,0.16902788064776225
1131009,0.23382950132441427,0.22929039117739056
1131010,0.12875799754544912,0.11322552899653525
1131011,0.5113832768586001,0.4532918013629964
1131012,0.2523967456903906,0.24491696311351904
1131013,0.13998503467904025,0.12637505094253723
1131014,0.4327412764361282,0.4579060195568063
1131015,0.29480682687480636,0.2787254093732011
1131016,0.2306798942720391,0.22238547152455693
1131017,0.3087466596326697,0.279099395444396
1131018,0.3441581540173918,0.39492960606547567
1131019,0.2968933789946507,0.34066028862784337
1131021,0.1833979749836921,0.17098170317420042
1131022,0.16484706029040902,0.15883646266666795
1131023,0.198815998379682,0.203429724890419
1131024,0.23853896165639163,0.25398286229496203
1131025,0.5850812483270172,0.5887246714492258
1131026,0.5615883690974471,0.547233395505561
1131027,0.5115039054816135,0.5776303524585928
1131028,0.4321713178441454,0.4353877857567389
1131029,0.21118152765621995,0.1947825477497628
1131030,0.25396585202775895,0.2663013348128879
1131031,0.24664512780649042,0.2758907812080325
1131032,0.4429388257965,0.44283349763278773
1131034,0.4748161765107286,0.5165254609362472
1131035,0.2533292394171533,0.26146235582475147
1131036,0.2616124442355521,0.2578488744346237
1131037,0.37576654941758303,0.37938219435654064
1131038,0.26192147756913237,0.29085005061141794
1131039,0.14716750453758942,0.1376329155832639
1131040,0.4375629183931828,0.4547403709933722
1131041,0.1819077947901598,0.177254602839961
1131042,0.30666718956217875,0.33739611520796703
1131044,0.26648053138185485,0.23540581032058222
1131045,0.28068852042319414,0.2944465991925954
1131046,0.4561254080819616,0.44787019778731074
1131048,0.08749984614867153,0.07623754554919221
1131049,0.46527637509829817,0.5271092053678272
1131050,0.16456542495463503,0.1585457112222996
1131051,0.057090927282694055,0.06716494183317324
1131052,0.18428160746118766,0.17185266506449728
1131053,0.44159035618298986,0.4722533005113416
1131054,0.24780079082871576,0.251237632778002
1131055,0.2511080746515651,0.2711663827318805
1131056,0.15230596936184507,0.13352070612403436
1131057,0.26049110560893407,0.25505511362374056
1131058,0.277141949464528,0.2860650359286335
1131059,0.31346918313821,0.3009168660267261
1131060,0.4017936980887905,0.43492516508711765
1131061,0.12202559648921336,0.11158616339848475
1131062,0.5413751978467336,0.5728686041427109
1131063,0.14510548336317924,0.12938786653433318
1131064,0.18993356612935752,0.20067934819066122
1131065,0.1998008706389026,0.20944034310445245
1131066,0.18749991295527207,0.17471445318207574
1131067,0.26925685839141766,0.2723258685948371
1131068,0.5330051025414085,0.5394749294156613
1131069,0.08614033953257588,0.08531003944559055
1131070,0.18503305561167396,0.17928183767003975
1131072,0.13832978133530338,0.12397136715167466
1131073,0.49935038232099604,0.4966100000880201
1131074,0.20435008310155656,0.21072250759955571
1131075,0.14069916832968374,0.11846137103439904
1131076,0.11384682085443182,0.11067487766856382
1131077,0.1487615966404052,0.1329182105742999
1131078,0.6665506460214794,0.6166916595531401
1131079,0.3764671811391677,0.4094452411933089
1131080,0.6355749817015065,0.5616997264322765
1131081,0.19969700531383983,0.2155724045347513
1131082,0.16227494945246324,0.15181061853357714
1131083,0.168371884771914,0.16126565728336573
1131084,0.22264650886675258,0.23274981321909613
1141001,0.15421060424011837,0.14356031950482
1141002,0.11388184385088557,0.10566369877059396
1141003,0.12883329530549184,0.11709808643386285
1141004,0.19707160189430764,0.17343582313633682
1141005,0.14389893685188823,0.13979065997090978
1141006,0.13852001516940352,0.12952345020983602
1141007,0.18052161783608706,0.16634579641343672
1141008,0.1092912079179299,0.0994975471424305
1141009,0.13861745291688699,0.12129189941181183
1141010,0.254242365523455,0.2458388548920467
1141011,0.25104100419127423,0.25712288639401093
1141012,0.16661693227471155,0.13516847397523635
1141013,0.14133669909208912,0.13127873709894752
1141014,0.25043894905812997,0.256132196397107
1141015,0.12181386866159342,0.11076268274860412
1141016,0.19719221702949538,0.19643969327562746
1141017,0.21296252202202967,0.21176144378505732
1141018,0.1766411573427421,0.16466864462988953
1141019,0.3005194893326244,0.31153827371113696
1141020,0.25974021118430235,0.25214311311962523
1141021,0.16417265306790996,0.15091575872820398
1141022,0.18047214760790461,0.19341501982795584
1141023,0.09092491078625037,0.08070680119284016
1141024,0.19150501457217262,0.16271162138637893
1141025,0.1039700567154441,0.08355453376624188
1141026,0.14643538823031416,0.12742657616282954
1141027,0.3596404369907011,0.4415212857133661
1141029,0.1850978344008977,0.15811936935981188
1141030,0.1246577255979831,0.09723767398742582
1141032,0.2827173989823918,0.2169267721129874
1141033,0.16824231261693462,0.18090312157242955
1141035,0.18604642898045357,0.16948082267013057
1141036,0.17214234483049357,0.13441725806375665
1141037,0.1179735855861615,0.0905735427610818
1141038,0.18809482326052782,0.1739370149462603
1141039,0.08251338860247723,0.06370175125758344
1141040,0.22133732817734883,0.1885982779655487
1141041,0.1867881274407672,0.158578476314897
1141042,0.23596293499392357,0.2544771633234736
1141043,0.19159101380423713,0.17005843250551037
1141044,0.1293668243855127,0.10274356894539784
1141045,0.17830936066823902,0.18476993916519602
1141046,0.1657861004504749,0.1514414965862519
1141047,0.17251538813002126,0.14351834738597066
1141048,0.1341988776212763,0.12829680712395952
1141049,0.2035444822860356,0.20379766441763927
1141050,0.17572743093039742,0.15667516813203258
1141051,0.12120710080463712,0.09917895115559373
1141052,0.2078444937212288,0.189082361240027
1141053,0.16334160510729878,0.146012132902267
1141054,0.13338391890817186,0.1257879260914306
1141055,0.17364267637359185,0.15098194756577285
1141057,0.15053265410681868,0.12171247377109205
1141058,0.17369075877673812,0.13931472940253567
1141059,0.18306849710328973,0.16676093289679544
1141060,0.16695739212565724,0.1394720516562155
1141061,0.43525642903323947,0.39562329803376667
1141063,0.11553372642386274,0.10617716342388152
1141064,0.23404407430583868,0.22287078345613062
1141065,0.19400224729737892,0.18098933688658222
1141066,0.24122327562773366,0.25361555079564474
1141067,0.07929926242694287,0.08359126704725388
1141068,0.31477196684945685,0.27756975816072693
1141069,0.22183017486283405,0.21945830379916179
1141070,0.11960012566121468,0.10745771429359656
1141072,0.18040364290623545,0.17164081282605975
1141073,0.1374270301380267,0.1256347240710294
1141074,0.11308009044615575,0.08092152760902815
1141075,0.1357421878247529,0.10646427553287596
1141076,0.18500792881157077,0.21395993037259262
1141077,0.1947445519790929,0.18399642774864497
1141078,0.15118726234521884,0.1350741505469563
1141079,0.19906064212045327,0.18194341970852096
1141080,0.24470219874527396,0.23828873026661757
1141082,0.14824149234311687,0.12153365683816858
1141083,0.1217270548882172,0.10327562524064131
1141084,0.20421018680943318,0.19861338620654806
1141085,0.15905641875483773,0.15414941402418272
1141086,0.25077777872843643,0.23245788293425973
1141087,0.20067588464574346,0.18491365125301962
1141088,0.15628549428937066,0.13257012903141802
1141089,0.2282695549304937,0.23176667982422952
1141090,0.18761949963837535,0.1588643019139801
1141091,0.21596346460004318,0.20873869766254682
1141092,0.21380341759570579,0.21841074897017146
1141093,0.101570382659674,0.09827526102027286
1141094,0.15141869771196242,0.12042225420429696
1141095,0.18911140838305818,0.1824714849900155
1141096,0.1794493422242856,0.16582807813829067
1141097,0.08401921358535433,0.07057864242798306
1141098,0.09937694081778412,0.08972735547765495
1141099,0.2912516257166862,0.2752169703984562
1141100,0.23027099794148737,0.23696996679878252
1141101,0.1074031093057911,0.0998675390404513
1141102,0.16446174760309804,0.14017821969786876
1141103,0.16736497484541388,0.13991272466757607
1141104,0.2020295469641911,0.19597108844339903
1141105,0.16538740364726068,0.1683617176807709
1141106,0.2891799702485036,0.3182096654185868
1141107,0.1935270450515152,0.19663780475778914
1141108,0.16107068572333028,0.1470693209715689
1141109,0.2080168503020315,0.21142638194940264
1141110,0.192459216658071,0.16174619187248945
1141111,0.12377739568159181,0.11320533420910667
1141112,0.1497796985991383,0.1418074524721048
1141113,0.23111472768539604,0.2230754818140908
1141114,0.1786981456424186,0.15636365667487997
1141115,0.188362392058644,0.13994878189115573
1141116,0.14671653061489145,0.13306386738358478
1141117,0.18814171373274677,0.16748404120373878
1141118,0.16673112925704628,0.14416780512838073
1141119,0.1918003667231052,0.18837175272143755
1141120,0.07831351170629794,0.07133954798467472
1141121,0.16109871044746535,0.15298606636711687
1141122,0.2802530656570503,0.26226945163084847
1141123,0.22649729171915264,0.22682010720784018
1141124,0.12670959554002512,0.12673188579618147
1141125,0.16153296153567395,0.1646919940194098
1151001,0.3135303648493362,0.32683514490064686
1151002,0.1201236531922478,0.11294683618891944
1151003,0.2935650978450283,0.2674535614817298
1151004,0.27880482651617217,0.2976253453881844
1151005,0.2759459116688934,0.26738812781159266
1151006,0.21705637921290333,0.2299654697191639
1151007,0.39204205873400316,0.43075202324166856
1151008,0.2775442948929457,0.2880290797757015
1151009,0.1674620630324841,0.15708582144905128
1151010,0.17553220486861668,0.17660055762031882
1151011,0.1492398122142428,0.13510919825603196
1151012,0.20198001153269707,0.21983466816886746
1151013,0.07987805202905028,0.07553266987631532
1151014,0.21950547061383383,0.21964820845105254
1151015,0.2701352946113159,0.27726092955648424
1151016,0.21222960807818192,0.22252481029147828
1151017,0.16845291705380452,0.16286098562383805
1151018,0.16156224334728572,0.16465813317207073
1151019,0.17610262672563054,0.17578662615311985
1151020,0.056621055380458696,0.05322731669545889
1151021,0.27118553869688333,0.31530686275610237
1151022,0.15422881097770363,0.13625520875454272
1151023,0.1697792294796382,0.1759029713560195
1151024,0.04647408313002409,0.046054855752760394
1151025,0.13331954237882718,0.13120968002273786
1151026,0.2633982773832895,0.2645522038201393
1151027,0.10949807989915174,0.09294355205070964
1151028,0.16081205046409022,0.1428060872716967
1151029,0.10112231012859774,0.08845708312675211
1151030,0.16672732495534365,0.17077713897546115
1151031,0.16558320929494486,0.16372898643822062
1151032,0.5117741291491166,0.5269207575304103
1151033,0.10963370686052733,0.09824835138460992
1151034,0.2987544208842238,0.28793538897740617
1151035,0.10027466135839465,0.0845520879322003
1151036,0.2355396634318759,0.21239144375952587
1151037,0.0934727696527935,0.09262190801504684
1151038,0.19196184738684724,0.16619547181252542
1151039,0.14142706006550623,0.14100357968472477
1151040,0.19255746168223553,0.19919079402891832
1151042,0.27098946929697004,0.27775863186518085
1151043,0.2725257763221555,0.2904427077784118
1151044,0.11201148098850065,0.1032160687204632
1151045,0.2615216436434854,0.24002460924294866
1151046,0.2150328430507182,0.17226115486260934
1151047,0.32210831358535147,0.3240934458346586
1151048,0.24522861336722335,0.2539112857178793
1151049,0.3554816710150091,0.38206633107477683
1151050,0.2284189895433929,0.22291898933894622
1151051,0.18107599687736403,0.1825705005618889
1151052,0.3266135105207218,0.33249855249209326
1151053,0.1415708968274418,0.13778091772833997
1151054,0.08988160238473135,0.08215310760745537
1151055,0.16830251952872147,0.16298188942823708
1151056,0.3448525660238101,0.37490078968453655
1151057,0.11787587319306711,0.10586703718296972
1151058,0.11436826850857479,0.10001171353897803
1151059,0.15059689302735085,0.15073664020265862
1151060,0.13193643544060585,0.12699237414153347
1151061,0.16511612223405397,0.16936210220908635
1151062,0.15968217942148583,0.1571768412961088
1151063,0.35732085364105665,0.4075104294926259
1151064,0.24302877790613986,0.24779550017693577
1151065,0.18919378702301595,0.1744192103973492
1151067,0.28450708092337446,0.2729400578153173
1151068,0.21625313603560464,0.22337038694641953
1151069,0.10979177399541593,0.0905322274329051
1151070,0.14403159559015516,0.13374221561311264
1151071,0.21917780236612708,0.20671876725253033
1151072,0.2034834296509108,0.21242325807874524
1151073,0.10787244768379924,0.10526494335339508
1151074,0.40561565714991726,0.3746321500437845
1151075,0.126538835142906,0.11385189479638493
1151076,0.1430503835738038,0.13849161400384472
1151077,0.27349476147671137,0.3635908731149167
1151078,0.2239047829958653,0.2472175715693501
1151079,0.21447196547207795,0.19538393595879666
1151080,0.3382637874591002,0.3055329362624005
1151081,0.07853621464887488,0.0665816677569884
1151082,0.23090717201973168,0.23606625799885256
1151083,0.1152777599288579,0.10468491785861386
1151084,0.18811632194740585,0.18762171438540648
1151085,0.29325548023199566,0.2761225933171482
1151086,0.42427458734442963,0.44092781086692345
1151087,0.3022736463768129,0.3010926617913113
1151088,0.27556191434310384,0.2868413044790168
1151089,0.16904847387426583,0.16688762371414215
1151090,0.26933225810068073,0.2774667340330074
1151091,0.1611323390931819,0.16129137083580752
1151092,0.1340012471613613,0.12682016450803035
1151093,0.18888846971987108,0.18924534372596233
1151094,0.24528812302311423,0.2372188920158
1151095,0.11264255778791088,0.10531751481382871
1151096,0.1589136492608798,0.14205571618980697
1151097,0.27869740067952403,0.36163994290896134
1151098,0.2092473293491716,0.2517516210232631
1151099,0.1106814688611527,0.09984262608963256
1151100,0.1515016446343849,0.1438620162385327
1151101,0.26041577377812564,0.267356302173176
1151102,0.23274483526614825,0.2256809114536542
1151103,0.13596650087923795,0.11972691344692589
1151104,0.096402145767879,0.08737650670478037
1151105,0.2973494668116915,0.33920348182645543
1151106,0.1327811585045481,0.13090498631378072
1151107,0.17726991900686617,0.1532619776533688
1151108,0.1022707275369526,0.09864159455958008
1151109,0.10129609486012316,0.08876235282980115
1151110,0.18973614234400854,0.19100780790031882
1151111,0.47403174841722195,0.45523668846851495
1151112,0.29559398077021304,0.3328263429076258
1151113,0.33884480085384944,0.37385766994588443
1151114,0.47367290714207816,0.4505936011180416
1151115,0.19584628277045968,0.2027369005892327
1151116,0.23765593713132543,0.24046390473134593
1151117,0.32557930516813727,0.3270551201138545
1151118,0.16860073715534551,0.15859771789394625
1151119,0.5055183331890751,0.5156643369590985
1151120,0.1418946895214838,0.12776758797787396
1151121,0.07948972193407254,0.0727706626149131
1151122,0.15951812158359088,0.15754074778805605
1151123,0.3008222262007502,0.3023628715083047
1151124,0.5119133461411011,0.47746966021573806
1151125,0.1501910180233571,0.15715840560491798
1161001,0.2625728269299772,0.24122769061849522
1161002,0.25216429422366127,0.2649432042899219
1161003,0.2351055879340876,0.19825235130002836
1161004,0.2930880002250153,0.286966196268413
1161005,0.28629050564642694,0.30133801143366584
1161006,0.15816690189262594,0.15335919592258082
1161007,0.27814046022681393,0.29484918898732
1161008,0.41434122077239455,0.4363041619459788
1161009,0.26795958674118764,0.2661467334932373
1161010,0.22896115399084896,0.23184916534440494
1161011,0.22415907519843092,0.21225290524501486
1161012,0.1757958107587622,0.1648784622035406
1161013,0.23247694195353466,0.25146565931776294
1161014,0.2640075354693426,0.22743881561435886
1161015,0.21711677719556355,0.19976034086918532
1161016,0.25641610222618755,0.24571022093005296
1161017,0.2831526688422454,0.26193816874238635
1161018,0.25584397447862844,0.21500526942026013
1161019,0.1681677521351455,0.17069563726351225
1161020,0.33078061442726414,0.27798427151414956
1161021,0.45452724258117533,0.4702704524982583
1161022,0.2056820110682653,0.2117522000326011
1161023,0.2198370582644334,0.21615457508688746
1161024,0.3546420569993398,0.38965368965871783
1161025,0.44721220856501254,0.44380378304469353
1161028,0.17918121580217705,0.16298629094342718
1161029,0.3773433138190023,0.37944799051616096
1161030,0.2542592599340107,0.23304918299779256
1161031,0.29733525252717447,0.29573729166797563
1161032,0.3642521716342285,0.3376100239067419
1161033,0.22460116841481492,0.23791473447511108
1161034,0.2149746293458738,0.2256159059849396
1161035,0.30632839369526005,0.2935254118975694
1161036,0.17287654181112103,0.1484002013352196
1161037,0.2201749290643818,0.18476023392670282
1161038,0.2857077271754371,0.2968400930936206
1161039,0.33298657011522464,0.35588626561670744
1161040,0.2855551692098775,0.26333480203485654
1161041,0.2623701800869197,0.2809390123247244
1161042,0.24491767189635413,0.25235352130321254
1161043,0.16752362607758775,0.16264757689139167
1161044,0.21169454398346996,0.18663860793832002
1161045,0.17016502381981627,0.16251326220663215
1161046,0.28411082009659355,0.2835925215575527
1161047,0.3037734587740626,0.31291240552045596
1161048,0.27877392678442814,0.26390762039217835
1161049,0.361456181898183,0.3770368633257759
1161050,0.27144012118870725,0.2771026669673483
1161051,0.14580244435445333,0.13309652116595905
1161052,0.09671260492196972,0.10869569430719113
1161053,0.09708483924102879,0.0919569280287833
1161054,0.25864072596134785,0.25296234606074636
1161055,0.20504140794597928,0.20130208110858752
1161056,0.4687720642698355,0.4784196217223078
1161057,0.26256287011487706,0.3050885893229539
1161058,0.20596018549309653,0.18702253276980985
1161059,0.27313223880303605,0.27592767224678316
1161060,0.2613829986815072,0.2533932595652793
1161061,0.41222662737817983,0.4202238242362165
1161062,0.24660108070213374,0.23870394399058492
1161063,0.23623693606637083,0.225630173479086
1161064,0.27804864603989043,0.2894393880257489
1161065,0.3368444580107062,0.3268814108145268
1161066,0.22085655496577747,0.20698651053816006
1161067,0.3002302650262707,0.27732100251146746
1161068,0.18789447808249865,0.1842513877707875
1161069,0.1330779468160853,0.12323031156075408
1161070,0.16198335681670362,0.1630528396281683
1161071,0.213478534904646,0.2054708846147756
1161072,0.24659861229007735,0.22096628615444663
1161073,0.30185296781440635,0.28490938004023275
1161074,0.22352542067968573,0.21913822927892085
1161075,0.21760756000336917,0.22432149245207395
1161076,0.13983320093588475,0.13771528820565393
1161077,0.25908143996415933,0.3108062400197682
1161078,0.23153889341034511,0.2182418874245472
1161079,0.3241090515009559,0.32518116362125354
1161080,0.25620455634302314,0.23050188248772716
1161081,0.3625179255161584,0.4646739718919978
1161082,0.19874480118600849,0.20668543359147093
1161083,0.2721373146431031,0.3061229748503771
1161084,0.335886536777243,0.33831255778821956
1161085,0.24252419151823393,0.24779940861262056
1161086,0.2379356311994526,0.23149586006981784
1161087,0.20420061581217946,0.19350465875444947
1161088,0.1492432394973469,0.12781177911033442
1161089,0.18711464537023578,0.1856648938602825
1161090,0.30440756590740586,0.27076232012742285
1161091,0.20212360915270022,0.20659221488795934
1161092,0.3579846005329233,0.4043534002398813
1161093,0.3055855024612767,0.3035504911616761
1161094,0.1876632232125459,0.17923628910856435
1161095,0.18369688416188473,0.1816194821816351
1161096,0.35409811477544106,0.41831958164986277
1161097,0.33042913806122515,0.30471077577533934
1161098,0.25906149965992603,0.29434880490314524
1161099,0.4336718676633459,0.4498300583651264
1161100,0.33506333890227336,0.32119397696311064
1161101,0.3822118501362867,0.4453337342010501
1161102,0.15406503009405642,0.15206027597232896
1161103,0.2026122684616094,0.19052117123191817
1161104,0.26364638126669715,0.24160970204542112
1161105,0.20548343490179322,0.19670568540881295
1161106,0.2167190866173196,0.21015078701021545
1161107,0.17593199183245897,0.15720331012823713
1161108,0.16655936558806358,0.15679443843685067
1161109,0.22385419909744952,0.20588316071981802
1161110,0.23586977390809494,0.22628167869982782
1161111,0.25363561165664295,0.25204349886139976
1161112,0.17125206885974997,0.18021088674428196
1161113,0.22274284012534062,0.2362351770855265
1171001,0.2504345898695776,0.24663567761007382
1171002,0.19662566731883957,0.18816586544130376
1171003,0.22980681089136532,0.2463591807107089
1171004,0.1655123134527234,0.16358584335530138
1171005,0.28987040892045274,0.2985258611964165
1171006,0.11592466972983863,0.10260316319948481
1171007,0.09614383970480334,0.07974792462259159
1171008,0.10918278249162933,0.11650806224649045
1171009,0.19206442597932327,0.1905232471708758
1171010,0.16658188374811583,0.1659147866865586
1171011,0.09476908921521149,0.08307604548591793
1171012,0.13904896515305679,0.13262569587479814
1171013,0.2000445013718981,0.18491250400107737
1171014,0.21740333436356557,0.241173182111219
1171015,0.25361966416952514,0.25557546253847013
1171016,0.2945920339540326,0.30100606443772726
1171017,0.24453482204393812,0.2694472415819758
1171018,0.1507909263429057,0.1410837701218514
1171019,0.22397358656500518,0.21830190096293683
1171020,0.17766690173906877,0.15471189763610876
1171021,0.17336218262367445,0.1537000527791483
1171022,0.32446408273254757,0.308454260926038
1171023,0.3079398363789203,0.32876827072644804
1171024,0.1945521192723126,0.19697706741823448
1171025,0.1863345239370106,0.18289844727196178
1171026,0.2003107951396367,0.18875490878854015
1171027,0.20709880851697904,0.198294122410129
1171028,0.14852493907356626,0.13637792399096468
1171029,0.15332903446954999,0.13642918450904243
1171030,0.21188796742859914,0.18672946511865318
1171031,0.12773416655601197,0.11752462589504664
1171032,0.2535254618504396,0.25902127813732556
1171033,0.2663771406709072,0.25833181170780306
1181001,0.18784274995992858,0.18114162636876516
1181002,0.168794514701577,0.15287089671193138
1181003,0.19666090511730508,0.18109958297540493
1181004,0.142556192036367,0.14090151752768668
1181005,0.4367187729638401,0.44290711965211255
1181006,0.13725927483779393,0.09930866370180412
1181007,0.304377668966011,0.2986868550398124
1181008,0.08622331665992185,0.07666488520634555
1181009,0.5995109214557158,0.5836260464280335
1181010,0.26612251570466705,0.26449179097269465
1181011,0.28374751003396265,0.31537335120360405
1181012,0.18516575567373939,0.17361521839826943
1181013,0.223731504642044,0.2065373534760775
1181014,0.20425334024716993,0.21321330551632012
1181015,0.21879338056633135,0.18715471925063912
1181016,0.20027462208614738,0.18229860290919903
1181017,0.10125131319964718,0.09387912630652005
1181018,0.16916146078028496,0.16543709586965075
1181019,0.49501359975830733,0.5348538161906321
1181020,0.06679507011696043,0.06726960580320086
1191001,0.14631306528392976,0.09775122307257267
1191004,0.07344959116789884,0.05115581542281797
1191005,0.12518860689423517,0.10298831401864536
1191006,0.055515329758231244,0.05181275316969212
1191007,0.34638555416273414,0.33408569057023824
1191008,0.15645157188374767,0.12649672422983582
1191009,0.07747982768966785,0.05623528862362934
1191010,0.08093692932433356,0.05928599327080328
1191011,0.08584647067534223,0.08757547452034144
1191012,0.08141632199047073,0.05349961362168273
1191013,0.12566377022190844,0.0731990718341323
1191014,0.31927747700795794,0.3160552648867204
1191016,0.13496315662508818,0.07222205624415007
1191017,0.29816962482105375,0.28333407460330706
1191018,0.09438152581748893,0.06427001807224918
1191019,0.06718506174372645,0.05557738785435704
1191020,0.14481461758928738,0.11361405351895025
1191021,0.0773094911194651,0.0686079140466881
1191022,0.1485045122724951,0.11502759909551395
1191025,0.07969830818610169,0.06615732827566458
1191026,0.07116194345519536,0.06098933178381908
1191029,0.14103561369907638,0.10068316618805162
1191030,0.2839805572351293,0.25876574072196734
1191031,0.07562117627289133,0.06551723908734647
1191032,0.12839078173646595,0.1046077235582772
1191033,0.12631289858314843,0.10914176486184764
1191034,0.08087373097513464,0.08286396077349605
1191037,0.10710633718197991,0.11212930681732658
1191038,0.10452024801506107,0.08226336197603101
1191039,0.08313809543980798,0.06969870249140524
1191041,0.07797808133110187,0.06034129988293729
1191042,0.19447472558154927,0.1702435710421809
1191044,0.08038676381627495,0.06307918161299796
1191045,0.10465281197764557,0.07681645235248849
1191046,0.06635621623477948,0.05468533917744236
1191047,0.08478396755723494,0.08349832450406502
1191048,0.07593784951998515,0.06579170323621253
1191049,0.0843379767444633,0.07528818991625909
1191051,0.16720011762752482,0.17389114646806775
1201002,0.32391026456163957,0.3563138253554571
1201005,0.22522272511149063,0.24575621806309905
1201006,0.25037666207305226,0.2569128038576745
1201010,0.1379488445841977,0.1347707571789575
1201012,0.6216404001480953,0.5538465774260107
1201014,0.1254241834550101,0.13432096274358013
1201021,0.27064213063541886,0.30690900254043296
1201023,0.20690936105820598,0.20310605462107045
1201025,0.27758868691561844,0.29116014399561174
1201026,0.5153179750145401,0.51741162992232
1201028,0.38831170669435616,0.4115678673168898
1201029,0.7310049139035093,0.7602834333560857
1201030,0.09549848994750959,0.07908008661211824
1201031,0.45667915425606925,0.47744491451407134
1201033,0.15188534371164686,0.13228847229385857
1201039,0.21890580289427494,0.22291429118108655
1201040,0.7453579328942822,0.7998141942888666
1201041,0.5483433344887139,0.5686493932450347
1201042,0.24141862273389078,0.2434037218208588
1201043,0.1996581090295962,0.220973609772682
1201044,0.2487432403438465,0.24196070066885705
1201045,0.09498627294680316,0.1029649666897551
1201051,0.6309419989585876,0.5864505958726822
1201058,0.7177710537353226,0.782087373430774
1201059,0.2986352106653124,0.3091659965524914
1201063,0.1350910426874674,0.1267757379046243
1201064,0.39983757377596246,0.3965893240991241
1201066,0.29912978753358305,0.3005028732344062
1201067,0.09864701504316632,0.09727315842082472
1201068,0.27829881444668925,0.26729749673977493
1201070,0.4677746197376574,0.47968522602004926
1201072,0.4195151024507473,0.44390663402189773
1201073,0.3773410155150023,0.41063992581132686
1201075,0.22042063915716248,0.24807176141603487
1201077,0.21421091456631272,0.21870107277903397
1201079,0.12633346683219465,0.13622734384416182
1201083,0.12653057561830766,0.13988997970488132
1201084,0.15929508174121068,0.1457908347621777
1201085,0.6920440402422445,0.6802262193474
1201087,0.31560758110487236,0.31649602748125605
1201090,0.3408768919105973,0.3589305765829515
1201091,0.09716217031758245,0.08086256423022276
1201095,0.7226638231947081,0.7689289076925743
1201102,0.26311181994995714,0.2798460100703271
1201103,0.28620306869080603,0.3080786705818946
1201107,0.12486132174944384,0.13122294695497375
1201115,0.09512651865278543,0.09528244455812476
1201124,0.38874649503511755,0.4129702816424795
1201126,0.7222708126681432,0.7839678660719639
1201131,0.33731279788458585,0.416075221803885
1201134,0.5162577240336892,0.5348580648968612
1201135,0.3754291454603341,0.41503092694731775
1201136,0.4811193428781932,0.4857716748100555
1201141,0.4776883514169289,0.5221559787757685
1201143,0.3964159660343918,0.4179760869794416
1201145,0.10588333341378742,0.09523612679170868
1201150,0.21891864833096364,0.21740385864345724
1201153,0.3631154536385253,0.4396719342853838
1201157,0.07359558727794145,0.07724636180018127
1201166,0.3798966651868988,0.37906594333504723
1201171,0.6938937272879767,0.7361224792990099
1201174,0.1005640709527771,0.11984380527373847
1201177,0.34656041857051456,0.30561408721085526
1201178,0.2055312291755477,0.2140253719217492
1201184,0.18529573780937392,0.1953711563052374
1201185,0.33626054495424434,0.3991326500069011
1201188,0.6321205975240972,0.6071083034916096
1201190,0.42771697514247825,0.4184371789336539
1201197,0.33770672452579314,0.3196053150469366
1201198,0.5104040451707333,0.4927550832407559
1201202,0.5874081846365755,0.6499618534401898
1201205,0.5630543893733011,0.6111346955259505
1201207,0.4990984719959552,0.6521043239899401
1201217,0.13635781674520805,0.12535020973579517
1201218,0.5467954633223727,0.5637056460713125
1201219,0.78433415946468,0.814397052277434
1201220,0.48283082072162503,0.554122093024085
1201221,0.6432333680920514,0.6622318816043742
1201222,0.5676935280493196,0.6051974929564481
1201223,0.44214641765585416,0.523253489374841
1201224,0.4370627834389443,0.45223933833224045
1201225,0.49340621297797443,0.5339975308413872
1201226,0.33682646499990854,0.38880258925718153
1201227,0.07486019412549574,0.08493090621880747
1201228,0.20497714806888773,0.16633316311791796
1201229,0.20549867988449086,0.20376712278457615
1201230,0.2945024674798167,0.2739458108253257
1201231,0.42028618641623083,0.415568642913809
1201232,0.1628254647081128,0.1645264037429018
1201233,0.3759624308348934,0.3469481754337468
1201234,0.2569664112491748,0.2928049356229344
1201235,0.520300309842195,0.5825421665354473
1201236,0.2652120641817306,0.26876497179436504
1201237,0.5190398311298229,0.5815650551708159
1201238,0.22323125970871996,0.2474735954342287
1201239,0.34576317682175994,0.3818313101552452
1201240,0.49342023125533685,0.5539622917004234
1201241,0.34357713334089923,0.3310357805018611
1201242,0.35571179057038926,0.36953527382304524
1201243,0.45436966039606136,0.5229380001330048
1201244,0.14444061494391458,0.12824150749266228
1201245,0.2975760820085218,0.2938838514769727
1201246,0.12075461778207638,0.11562088327595876
1201247,0.41038142630139235,0.4396682599805436
1201248,0.06383725487483127,0.05877044200097711
1201249,0.41693538162568566,0.416544666666615
1201250,0.35140686949272326,0.42170614182414495
1201251,0.48491829938856,0.4838794986542581
1201252,0.09644760841428465,0.09170025302576076
1201253,0.543590785793745,0.6108573495246606
1201254,0.5361542025757902,0.5624962532320502
1201255,0.5919148938396623,0.5010104211557879
1201256,0.12281452042969404,0.122733809557864
1201257,0.0779107549489632,0.07834636099249905
1201258,0.49779920981174736,0.5041743614340869
1201259,0.24535861521637026,0.3016453904188283
1201260,0.3164350535783087,0.39099501950685933
1201261,0.11624491227262775,0.11937271110142618
1201262,0.29165768825911054,0.299832123890324
1201263,0.18161987580378464,0.1600889001357542
1201264,0.7357362123974189,0.7706003250862451
1201265,0.08555351190061121,0.08668616478776242
1201266,0.17086243475473348,0.19244951643536118
1201267,0.3820510482522306,0.392102709800597
1201268,0.5033589663311565,0.5690251877849183
1201269,0.25649421459736116,0.30560720767055616
1201270,0.21522669276169928,0.23520927357485544
1201271,0.6449168127934772,0.6477565571924732
1201272,0.5320559215753043,0.557096812174305
1201273,0.4721623884661437,0.5158345725804185
1201274,0.44513868499519443,0.42890631734852247
1201275,0.4016638017806223,0.4231620345471238
1201276,0.4262824602834471,0.4694704168838459
1201277,0.3204698253233554,0.3294374669170649
1201278,0.438223198479691,0.4532723685783194
1201279,0.38533999033565425,0.409607106345445
1201280,0.5784577104095993,0.7170024069428081
1201281,0.3941686344233663,0.4471727337365598
1201282,0.22281051246557318,0.21271226250760797
1201283,0.40696578908217956,0.40701782405675657
1201284,0.33170244727897547,0.3440071043607535
1201285,0.33580008287198865,0.35874012668582894
1201286,0.23218429738060792,0.25355844148947393
1201287,0.6987695065318051,0.6740391652933391
1201288,0.47521834039179317,0.4874328715318678
1201289,0.5098967196336434,0.5370960493585957
1201290,0.6188216776356343,0.5844967979634649
1201291,0.19588754799949573,0.1907630978058634
1201292,0.6078422844445254,0.6691968266221019
1201293,0.5100762910379096,0.5500506701309162
1201294,0.2724130183210395,0.28657097776246965
1201295,0.516758656803171,0.6142168129748018
1201296,0.20330307071304154,0.20419133770176107
1201297,0.3244612487552752,0.3188826127109844
1201298,0.35046145398536893,0.36442326886855303
1201299,0.48996215323170766,0.49990483119253043
1201300,0.4842517358433662,0.5201181712872751
1201301,0.3932905944688329,0.4551931937178537
1201302,0.342533119358349,0.34029251661068527
1201303,0.16771619264655938,0.15279695979421345
1201304,0.24062380864396252,0.2539587085063054
1201305,0.20477413036967265,0.2114282694335404
1201306,0.3276636686273371,0.3204784414094325
1201307,0.4448512808445828,0.4777310428231262
1201308,0.2735004129980259,0.23467028028568454
1201309,0.16788296148304055,0.154549433572364
1201310,0.1793627531368087,0.16603978515374374
1201311,0.19730945436265312,0.1806673902212525
1201312,0.388200687452408,0.4060266243436024
1201313,0.5345725276029706,0.5957645518708617
1201314,0.21978512537723913,0.23157755261451185
1201315,0.2823573643418146,0.3026127370933728
1211001,0.31195789839783417,0.31005230950912893
1211002,0.3954756511246984,0.36980117822303155
1211003,0.2542190270663917,0.28243063035744786
1211004,0.3823785141757737,0.3797728239032156
1211005,0.6653557590045305,0.63739013614048
1211006,0.6234183298733048,0.595063484644077
1211008,0.2911309808151087,0.30748755175552717
1211010,0.5115694763308439,0.5273404939357166
1211012,0.3416953941186269,0.3632560213406881
1211013,0.2838862272374901,0.2525808264377947
1211014,0.5677154052354281,0.5830232836944332
1211015,0.18320452397265646,0.1802387005734437
1211016,0.43363697700963494,0.47220002327109645
1211017,0.4003045533832751,0.38898312264616697
1211019,0.21787074829203126,0.2136450139383701
1211020,0.2976671405673632,0.27138651340746034
1211022,0.4541872655985999,0.4399153793049038
1211023,0.5953432216681215,0.6675376626963598
1211025,0.3899398725252569,0.40229389018895456
1211026,0.37339602163448543,0.34782784323921645
1211029,0.4986351964674226,0.5406597821564599
1211033,0.5532077753779838,0.5849316813169232
1211034,0.25598442363233553,0.24229854892660627
1211035,0.285867779786353,0.2791009313464851
1211036,0.6979337884260489,0.6918906043361018
1211038,0.27937498560923957,0.3245572467774024
1211039,0.5992690000093742,0.5857763877065163
1211040,0.37498623634592787,0.4018981099612351
1211041,0.07870038895299818,0.07233128603144387
1211043,0.5463194472634773,0.5135082706325771
1211044,0.37861264512225595,0.355793372246889
1211045,0.30287686431516847,0.2942719433853522
1211046,0.34507945033966153,0.38858677935194313
1211047,0.3010935077881193,0.28406155779145964
1211048,0.3150464114619893,0.3090310349364443
1211049,0.7316811179584156,0.694998574608971
1211050,0.606938897731109,0.5605237482040094
1211051,0.2626636011612598,0.2871677697537005
1211053,0.255138258565374,0.28822474946463433
1211054,0.34615122585743313,0.3385397439846288
1211055,0.4278067832691824,0.5004224722417409
1211057,0.48456197534601064,0.514604494492418
1211058,0.5934052536249428,0.6208456295998499
1211060,0.4136253129025655,0.3875848600374801
1211061,0.7336291603064257,0.7899399941529684
1211062,0.27555267453346105,0.2866757482595151
1211063,0.357027222278473,0.35547436787063363
1211064,0.4062824834062689,0.42379476516670506
1211065,0.31885547730353836,0.32906846677986934
1211067,0.35589474544701377,0.31645572709441355
1211068,0.6824360695978716,0.7391172547310361
1211069,0.41535942910653295,0.373478936971918
1211070,0.5673476814010866,0.6986160495651328
1211071,0.276868674485713,0.290195063150411
1211072,0.6516759910856776,0.6605027934958873
1211073,0.32639133797494,0.3413536028756129
1211074,0.2362657090807627,0.22748291909078086
1211075,0.4501977800314381,0.46559619005350716
1211076,0.43671553170593325,0.4311056161158102
1211077,0.7092082816999414,0.7475199907055154
1211078,0.6753379972933121,0.6561368884015298
1211079,0.3261888573915204,0.36943200641618495
1211082,0.24652874633623226,0.2633688477203949
1211083,0.5969912787371553,0.6489947762087301
1211084,0.6316675693255518,0.6771697272513771
1211085,0.23451620645894572,0.20978092137525772
1211086,0.4403901494788205,0.47168538749669225
1211087,0.42362415419382826,0.46026229100883626
1211088,0.4714620132917161,0.4873102758986377
1211089,0.5342076779721857,0.5313583979567329
1211090,0.24646952760702598,0.24139183065341552
1211091,0.19134328819324606,0.189918934084805
1211092,0.5774324406351229,0.6788417138402123
1211093,0.4784110266559409,0.5499031718858739
1211094,0.3031523481481587,0.3134977649454714
1211098,0.394508211026488,0.4509626067638732
1211099,0.36411024875788894,0.3834867339878381
1211100,0.7571520336830605,0.7743448327725532
1211101,0.5488526111862565,0.5649802501056357
1211102,0.3013489800459089,0.2842166343446737
1211103,0.40056470202442024,0.4456462785147564
1211104,0.3633159562792617,0.34169624481872196
1211105,0.3413748842203245,0.3583959204835311
1211106,0.3288282523538884,0.3012733721361628
1211107,0.6629472158130998,0.644404713134756
1211108,0.3224071517107437,0.31512483151401616
1211109,0.5240348859414404,0.5395152232894761
1211110,0.4204214707322,0.39451872673219146
1211111,0.493114090288231,0.5365964828067565
1211112,0.45569889370653854,0.46262472085101214
1211113,0.4020882552736323,0.37876400370973085
1211114,0.1119831880719825,0.10586520249549754
1211115,0.3293852920175262,0.35662626814197035
1211116,0.5673024947039402,0.5905247265060415
1211117,0.20225055231359945,0.20522039571530284
1211118,0.32391340589482887,0.33385219180653264
1211119,0.08970733989865644,0.09134516714790698
1211120,0.5502921733589784,0.6186724177234868
1211122,0.2950250582574316,0.28821585385879867
1211123,0.6401300666516611,0.6522197914563499
1211124,0.2952784990881817,0.283180914198997
1211125,0.22022596058085628,0.1980208787876133
1211126,0.39395433011998987,0.36925350054266487
1211128,0.28124518301305224,0.2777403762207247
1211129,0.3007898569326837,0.3063195431258826
1211132,0.17144260824404062,0.15958873888123604
1211134,0.2656710169302206,0.257819572678208
1211136,0.15232330060204166,0.1516071657568908
1211137,0.44666825973978025,0.4364120658630362
1211139,0.34297253640745723,0.3619815973872953
1211140,0.19349443644659645,0.16539890709605146
1211141,0.30993329108830525,0.3739405514279823
1211142,0.2836311415895014,0.287281183784341
1211143,0.2758552931042859,0.2838589684264911
1211144,0.25796700228758357,0.27073794612680835
1211145,0.7395187273545718,0.7633727544122735
1211147,0.40165621173425936,0.42541242659655876
1211148,0.3789036562943795,0.3766451632494627
1211149,0.2708607616179494,0.2836736569197711
1211150,0.5631062615451098,0.6043826970348719
1211151,0.2899187141153898,0.2928821923295967
1211152,0.3875547830220815,0.38779481432888957
1211153,0.31367589656892275,0.3408170930282138
1211154,0.25807977510033564,0.262070423006815
1211155,0.33084115518862944,0.34021984708596426
1211156,0.20396931851809222,0.21265451965466886
1211157,0.339197202640858,0.3420006041584409
1211158,0.46434067241655935,0.42091539169374004
1211159,0.5279671042118598,0.5969318989876213
1211161,0.26391819695160723,0.29066751347904857
1211162,0.5686738344828288,0.6033943265279134
1211163,0.2796162390064425,0.29351961636317775
1211164,0.2983207949306605,0.28945001428880734
1211166,0.33587523811268355,0.3511576412057506
1211167,0.723895664896797,0.7111300623648179
1211168,0.4716457944792885,0.47213987070695196
1211169,0.3076621790128633,0.34247634802316695
1211170,0.3718256300525407,0.39463387376274606
1211171,0.2826710861996879,0.2855412793235053
1211172,0.3978002130647904,0.44208365614957973
1211173,0.1684867181003111,0.1966447731740675
1211174,0.19184284252223022,0.190689389148383
1211175,0.32878871054856307,0.2930683268512953
1211176,0.32512676418018527,0.3182384689381661
1211177,0.3936236748397816,0.43689140860420833
1211178,0.6327386553323033,0.5987905834762144
1211179,0.3837681358522673,0.3662772095662471
1211180,0.3062352935035421,0.29510226945668866
1211181,0.25977426183883107,0.2602388465913507
1211182,0.36439009860819244,0.3625528368968894
1211183,0.6558970976164294,0.7052753662482374
1211184,0.5770467702037333,0.6256562000203205
1211185,0.36023515191882155,0.36084665614505146
1211186,0.3019675830334218,0.3074643159110874
1211187,0.5583252444591491,0.6307326494757809
1211188,0.47111742920914046,0.47616269057740507
1211189,0.320477341837746,0.33391816636497385
1211191,0.2759954274281775,0.2663683700501888
1211192,0.4732894727589919,0.4779036709357799
1211193,0.6367008472039977,0.6267902515954605
1211194,0.32229980869635055,0.32268654731026236
1211195,0.6615210537801508,0.6837074074810164
1211197,0.32621713308675493,0.35694326207862365
1211199,0.33772725452804037,0.3411111901270844
1211200,0.530538297487882,0.5782260395481974
1211202,0.5733729463329775,0.5997794189608998
1211203,0.3565460059531899,0.3407083287115387
1211204,0.3727673398194841,0.39052830478666145
1211205,0.297131470447334,0.32448385273741465
1211206,0.43891529145696995,0.4906814227486985
1211207,0.362296639368069,0.40542325927723183
1211208,0.26745937316232105,0.294396024144566
1211209,0.43396040924452983,0.49007069348346577
1211210,0.4374917868620085,0.44907557093301476
1211211,0.1940392317223074,0.23745009675069909
1211212,0.550910652991379,0.5857869944007803
1211213,0.6206367776868217,0.6301896194624426
1211214,0.261759987651071,0.2317151177755851
1211215,0.464926289078865,0.5340914302216075
1211216,0.7197722748108366,0.7148144871245973
1221001,0.3364002551071843,0.35542841787940055
1221002,0.47795338917689445,0.5393795425729895
1221003,0.28367645591165547,0.31453651084268014
1221004,0.3220286196871123,0.3093262824164976
1221005,0.21952929751199787,0.22627017515800327
1221006,0.06647583621434067,0.06390567967334139
1221007,0.20052532179164567,0.19862533863868942
1221008,0.19732209808037027,0.2175913477288375
1221009,0.21294719589551492,0.27325754561478166
1221010,0.3752232097260403,0.421974143294414
1221011,0.10415210577457765,0.08480146992670594
1221012,0.17985430459751992,0.14851044394775725
1221013,0.40055737885433795,0.39525720596298
1221014,0.07737198928701637,0.06549408674742287
1221015,0.249490317959693,0.27158176456649213
1221016,0.10437263552338107,0.09564457760061966
1221017,0.16767822609946406,0.1611974624024976
1221018,0.3311069144721745,0.31309618018092444
1231001,0.06523874850432602,0.07696552524570104
1231002,0.30163575658101477,0.3403818027660687
1231003,0.10413000487247852,0.1007311334404717
1231004,0.11419007061677876,0.11496204787903451
1231005,0.06449116746246324,0.06472202942815483
1231006,0.3244829397265395,0.398803216641869
1231007,0.3119568643643509,0.340201851813602
1231008,0.09900787515016486,0.07931807401817743
1231009,0.10647841182201238,0.09402889023403566
1231010,0.3435681175687819,0.35450580129188036
1241001,0.3799910994140697,0.3643256891593882
1241003,0.6053546267253389,0.6740212691657039
1241004,0.42935538377563537,0.4321178401237625
1241005,0.22418482514003704,0.19691351317741826
1241006,0.4074611240840648,0.4519968693035694
1241007,0.20511534515516053,0.19965294201758463
1241008,0.21306949058746347,0.19948819826958772
1241009,0.18192134213156816,0.16345389014337122
1241010,0.33252936096705676,0.3224977150580889
1241011,0.18945879195162743,0.182489701425011
1241012,0.5190170358486115,0.5142103963677762
1241013,0.14605286751867122,0.1454797301718531
1241014,0.552266374069451,0.5456283447078758
1241015,0.25809494680668194,0.2620380204188825
1241016,0.2126950049140657,0.21447424604092485
1241017,0.4771390137431101,0.45199428795650953
1241018,0.4982139884575149,0.5549451815688009
1241020,0.13840872311445246,0.1347285599660561
1241021,0.3117546544761545,0.28029457350546133
1241022,0.35817015240285566,0.33425693233136516
1241023,0.34112404639712846,0.3287770940978963
1241024,0.19122136259520853,0.1848130785894492
1241025,0.24167148103609315,0.23215461179153296
1241026,0.6340113979637658,0.6637845765569057
1241027,0.2595964540356711,0.2594816908571802
1241028,0.09586934997209814,0.0805283727606701
1241029,0.5927061252456642,0.6418722825456532
1241031,0.6405074677416285,0.7050011287852999
1241032,0.35097481424542787,0.3525316774987842
1241033,0.34889085926800123,0.34156040929454906
1241034,0.39750797705179275,0.35791257390787945
1241035,0.10767078617426917,0.09632254694994465
1241036,0.33814495693784485,0.3810319405911136
1241037,0.38724378856688424,0.39106544315245595
1241038,0.526021283624465,0.6036785691976547
1241039,0.5327836013196854,0.5480431398206792
1241040,0.23178450102617196,0.21558345468657078
1241041,0.6405204732140526,0.6778565768717888
1241042,0.2607973126876462,0.2655373654069083
1241043,0.355790942296188,0.3313941585284234
1241044,0.39547820716326265,0.4421829166046264
1241045,0.37028786678239856,0.3542309212975533
1241046,0.32759781304269436,0.32338382675439387
1241047,0.5127441274674601,0.5371573678495174
1241048,0.20030965182468166,0.18288256315305415
1241049,0.3303568003381171,0.37642321328090333
1241050,0.2589964141547828,0.24435430326207824
1241051,0.26358906205882077,0.27398712390133356
1241052,0.3147775589445601,0.30757428365635525
1241053,0.4592692391799531,0.47680172789214736
1241054,0.5073626974499231,0.5263967203179694
1241055,0.2559693709962529,0.2594545053859286
1241056,0.3229739451269123,0.31031846130841245
1241057,0.5449187959372189,0.5298034654482189
1241058,0.26419272058214105,0.2819908688605567
1251001,0.08412962578804035,0.08088442786993001
1251002,0.1438014225479666,0.13270626527822565
1251003,0.3671035247764456,0.3785474951770372
1251004,0.2148913879390012,0.23108924488460908
1251005,0.2677160362423208,0.2442224018430314
1251006,0.08294883032220382,0.07903572828337596
1251007,0.259114972062853,0.27262319704928684
1251008,0.2919028256411486,0.2558294562507897
1251009,0.1946294663615757,0.2271211451576913
1251010,0.2098628331615946,0.20705177186801513
1251011,0.11938975481819991,0.10937813905087085
1251012,0.08519477851412893,0.08378308508991411
1251013,0.23004921260396277,0.2128084226353261
1251014,0.22530002780584543,0.20728538490992343
1251015,0.11186946764273592,0.11248713809997903
1251016,0.27305845894228736,0.235915553378609
1251017,0.24609990540875062,0.22907123159985415
1251018,0.1852624318775784,0.18077776320435582
1261001,0.1256925988053333,0.09488375896197986
1261002,0.06906154569325931,0.07138912134566314
1261003,0.256601375555645,0.24835269766171236
1261004,0.11451078274062902,0.0901263256381772
1261006,0.1322571431996722,0.09538251554698453
1261012,0.15943711627014634,0.13356958446014938
1261014,0.1761731781023607,0.1410774893873337
1261016,0.11512415870787247,0.09308287052382672
1261017,0.09060546369607667,0.07188399859881534
1261018,0.0909626982969305,0.08322640334991092
1261019,0.076081773254313,0.06024682866174997
1261020,0.161690183996069,0.12717146064519158
1261021,0.18130916492814084,0.12604601927322245
1261023,0.1368280991287631,0.09648488977102566
1261025,0.1010665672520561,0.10129697300407527
1261026,0.2794715972181527,0.29564009495199656
1261027,0.07202791117755798,0.05726723363566554
1261029,0.10105403680863301,0.08665942019542676
1261030,0.07144342687395017,0.06691243188835307
1261033,0.2093336520372696,0.19113480842324404
1261035,0.1109316526500105,0.09252824043554296
1261036,0.07952889854022685,0.0521743102323483
1261038,0.0747956769975364,0.056311504071675914
1261039,0.08391812589995694,0.07151498846144867
1261041,0.06552289339133686,0.056885785966026295
1261042,0.1322820582366609,0.12295446230964784
1261043,0.062059740674955725,0.06545466788665666
1261045,0.1796002377169396,0.17358511343901098
1261047,0.09418834188178785,0.06401943202154328
1261048,0.07437843144326682,0.057338127546742924
1261049,0.3386123590117633,0.28960347076066123
1261051,0.2348983336359523,0.24549301705559384
1261052,0.19570605017658455,0.22192565087200927
1261055,0.10028796869753806,0.08133427324964518
1261056,0.25143586213457325,0.2637778695785969
1261058,0.08159331165386625,0.0753969254770847
1261066,0.11503360236510886,0.07848609324708464
1261069,0.27226951793976056,0.2275311126994158
1261071,0.14866688859770427,0.12937596505698898
1261072,0.21049752414316775,0.2552700445879417
1271001,0.2864597624231541,0.31009567846320996
1271002,0.16949245428284837,0.1921966541066466
1271003,0.31962606442488234,0.356312479479084
1271004,0.09257975453364635,0.10176705112125062
1271005,0.18137331308668841,0.18938629052457695
1271006,0.21028757897551248,0.25438079892771054
1271007,0.15679977719679764,0.16031120338617208
1271008,0.23367203193781522,0.2437658895813443
1271009,0.22526111128674728,0.23521785574494855
1271010,0.2084920431540362,0.253934597342275
1271011,0.375913459356878,0.3819226959787894
1271012,0.21140563899259865,0.24563312412148366
1271013,0.1303763036748365,0.13894556769936348
1271014,0.11237664356134659,0.131790817361891
1271015,0.3829861655216741,0.42977692598541956
1271016,0.2412796751856151,0.29053242093305076
1271017,0.24873038385431429,0.26284173861947957
1281001,0.18452598667159653,0.1709719017598441
1281002,0.20001536791935726,0.18953833032708736
1281003,0.09753783127254637,0.09382795169286612
1281004,0.22357957324471156,0.19883550443099748
1281007,0.11184719697052385,0.0927068311840848
1281008,0.3565484501471974,0.33612918083440463
1281009,0.06739628562824974,0.06958905481353658
1281011,0.23367970768575813,0.18752240081821106
1281012,0.2725694371054387,0.25646709115733823
1281013,0.23942374271821823,0.17859784149928304
1281014,0.06964773481799673,0.030740426316639036
1281015,0.1211987418003038,0.09790058327741366
1281016,0.25927296275667955,0.24671874576369776
1281017,0.353796489980152,0.34605594866682293
1281018,0.17950717302980823,0.1350504870598133
1281019,0.2772608761524419,0.237282398126494
1281021,0.13359366325509897,0.12483751337061585
1281022,0.11321743634167851,0.10091114771914589
1281023,0.19578703557526989,0.13244169773109693
1281024,0.09959704446123771,0.07410294147017765
1281025,0.06258553079252763,0.07091053043058092
1281027,0.12540439867297787,0.12125276061522326
1281028,0.23024861227833862,0.145887136182776
1281029,0.3474774774140616,0.33392996545764303
1281030,0.21405042054515983,0.1964876070566068
1281032,0.09745576538287333,0.09013922985554557
1281033,0.1323329198740538,0.11570601288464827
1281034,0.43508426698623326,0.3054978169103507
1281035,0.1859125648502809,0.15762508404090655
1281037,0.17960023257210977,0.13526240051798621
1281038,0.0682503791086509,0.05974320293106838
1281039,0.38753459488068603,0.39846887809712506
1281040,0.12579707948388008,0.10496736550295704
1281041,0.09195989077717194,0.09393431398081295
1281042,0.2608449746878673,0.2691298874750526
1281043,0.1602664845075924,0.1493298342707567
1291001,0.1819400477790424,0.18271667658202356
1291002,0.12603156065783686,0.10327675466887284
1291003,0.29158096063134054,0.3165842204362447
1291004,0.40633201019832793,0.4111815420644624
1291005,0.12637266592260912,0.12282571159654158
1291006,0.18757975359663578,0.18740516547272557
1291007,0.3390079875716444,0.3519843362049222
1291008,0.32410205389310015,0.30133867130873765
1291009,0.20710043765154937,0.23027850803713681
1291010,0.18273397934611282,0.17784533255728585
1291011,0.2657250945769456,0.26281601101821606
1291012,0.3611194090773666,0.35128640830253427
1291013,0.289253786448929,0.26550481033168083
1291014,0.28154131307368335,0.2733363059099524
1291015,0.19312153282684508,0.21648814224597968
1291016,0.25778633014654867,0.2662314248628998
1291017,0.29043322456245174,0.27241769685963274
1291018,0.2591855668018341,0.24505785566363616
1291019,0.21972740975827224,0.2257956850243046
1291020,0.22687304882368695,0.21498423416653273
1291021,0.19913914329643678,0.1732078352960419
1291022,0.24774023738627587,0.22466476397555207
1291023,0.2838045085312857,0.2929078289684704
1291024,0.17979289055789158,0.17996011154489766
1291025,0.28520683391521817,0.2986402129313464
1291026,0.1779665199430487,0.1753803259233579
1291027,0.2475924675076897,0.20136816898904059
1291028,0.26271389378492455,0.2647455907127435
1291029,0.20131147854626563,0.185740718009068
1291030,0.3672884158404083,0.3946270455220532
1291031,0.1454275775939663,0.14006240443006865
1291032,0.23105668278915903,0.2476724580020271
1291033,0.08935799183507796,0.07749153029058108
1291034,0.28495384504654975,0.2964608949553058
1291035,0.24180158367115803,0.25054526516689607
1291036,0.11037159429674552,0.09554411738249033
1291037,0.4324063139726616,0.40286695445338194
1291038,0.1638939817760101,0.1615474172445022
1291039,0.2021847577088009,0.18785612473364147
1291040,0.25319382110079486,0.22013420337498835
1291041,0.21629085124316552,0.20865189541361168
1291042,0.1574121205015525,0.14643919480651799
1291043,0.11370274849794268,0.11340912551074275
1291044,0.18217905955498825,0.18341854180617456
1291045,0.23613853338712584,0.24553941187267742
1291046,0.40993560194016593,0.43223652859392775
1291047,0.26552569258729725,0.2661374140907572
1291048,0.25529295238259675,0.24466283225271288
1291049,0.17580220904577396,0.19056987292783317
1291050,0.2743647389061618,0.28493975312563413
1291051,0.1778072504341763,0.18722570364205343
1291052,0.3439927428240082,0.29266587378339437
1291053,0.22097577751393963,0.2247918594201153
1291054,0.21470328138254113,0.2209273262645222
1291056,0.2343708660593285,0.2574279732722732
1291057,0.2901074117727885,0.2774132250956221
1291058,0.24597362824269944,0.25368773778245435
1291059,0.2945841163931258,0.27605757253186375
1291060,0.26522862197300573,0.2555127409516766
1301001,0.4178192822975584,0.423952706935598
1301002,0.3571594388473152,0.37573724574290973
1301003,0.18459873740469554,0.21242670971283742
1301004,0.24455431730186022,0.24115971048679533
1301005,0.21950362807343363,0.18188523108418653
1301006,0.3480309752115431,0.3707411079688328
1301007,0.3201539688977249,0.2910224085749396
1301008,0.526649135949279,0.5232493678492025
1301009,0.29999036326667156,0.30480079069014365
1301010,0.4801048423984522,0.48122326514578984
1301011,0.16121667138058496,0.13222283668372706
1301012,0.34949423602726903,0.3167315755532757
1301013,0.14872910305607767,0.10957114915416352
1301014,0.19884819428124081,0.20444894622377166
1301015,0.2582157982944313,0.2508277475712909
1301016,0.09470806850813449,0.09893959872792987
1301017,0.20663596392307262,0.19253776503339362
1301019,0.601745291983313,0.6285244675297302
1301020,0.7261810658221294,0.7608621331276992
1301021,0.24292587707658975,0.2378168800798039
1301022,0.44099715010100715,0.4268732813585632
1301023,0.48809209659827857,0.4758558014307047
1301024,0.3514273521353801,0.36851568494240444
1301025,0.4750446859121526,0.5232029106572765
1301026,0.11056527098639508,0.11376540718376843
1301027,0.5909460576215511,0.6445360263312808
1301028,0.06803764884407472,0.06556100381101233
1301029,0.6971372613046511,0.7126223510777184
1301030,0.20500218112854612,0.20996786712300425
1301031,0.3636724525445301,0.34560916610406484
1301032,0.3012904294215262,0.2882128479422247
1301033,0.3787297647635784,0.36056149617388283
1301034,0.1498972630726065,0.1428962613824095
1301035,0.43333838723611584,0.41071397155516626
1301036,0.2797677445345085,0.30470875283150356
1301037,0.5211675231719297,0.5612732893831573
1301038,0.13083720811396457,0.11737290265864325
1301039,0.09498983118981946,0.10831857337423641
1301040,0.16078521453981448,0.15412868207544517
1301042,0.4183236520801139,0.42751557259453954
1301043,0.42879825473109756,0.4748255466217693
1301044,0.14052082089837206,0.14132812708324435
1301045,0.17521311221802355,0.18661587148856296
1301046,0.40485871576862453,0.47506658368964894
1301047,0.49254515977386626,0.4664403413933181
1301048,0.13866328615101955,0.16358682690131274
1301049,0.2098973185993399,0.19466535117437112
1301050,0.4308810305842357,0.4320097781032851
1301051,0.45236495024440593,0.45216993034501085
1301052,0.2839260115391271,0.28320757061326124
1301053,0.1935894700593215,0.19018971773923612
1301054,0.22896597245351866,0.23879911261829523
1301055,0.43822954972754236,0.41860655703055405
1301056,0.5130261749204468,0.4582308216480648
1301057,0.6285698301037242,0.6623116018651407
1301058,0.5021285681451645,0.5069396555894503
1301059,0.21703442009033522,0.2133650956357178
1301060,0.3205107662067744,0.3243920520126071
1301061,0.27391468497276283,0.3346728403827565
1301062,0.39247563147328807,0.4020683323320199
1301063,0.4553165566603578,0.4400632813142724
1301065,0.13089167952672123,0.1276677355435853
1301066,0.3583347479040218,0.3497345994945333
1301067,0.6485714824336465,0.5978216824511962
1301068,0.14486510529236207,0.13390927263807398
1301069,0.23804518498179328,0.20741903574495074
1301070,0.350088792353766,0.3753655954252123
1301071,0.31306293546683645,0.3126464095925578
1301072,0.3318420187055972,0.359398373456246
1301073,0.3918113426632111,0.35562309999513475
1301074,0.2059728360908815,0.2314243495202636
1301075,0.3085361296524767,0.3093255806079696
1301076,0.706217897520968,0.7328005328270858
1301077,0.22350314702635582,0.22546266622748143
1301078,0.4856498473839288,0.44423899381690296
1301079,0.5866643086248176,0.5737975402233485
1301080,0.4085947847105456,0.4539851182541039
1301081,0.22476945145126093,0.22664488600312865
1301082,0.15590306127287418,0.1669202824655988
1301083,0.5359900161965141,0.575532490104667
1301084,0.22136546563724604,0.1962762077731372
1301085,0.1822736011332164,0.18232054924190924
1301086,0.3635664347900775,0.3769722276462675
1301087,0.09335723952881013,0.09407195996185612
1301088,0.2917565440486191,0.2750519018508392
1301089,0.1835580128992156,0.18490931709978664
1301090,0.17605858065250743,0.15802695584980325
1301091,0.36283554291426656,0.39215017636715366
1301092,0.325395038731953,0.3458183560917444
1301093,0.2397346409433966,0.23285949357755625
1301094,0.27791204677561115,0.282664404994602
1301095,0.379195124725068,0.417546734742616
1301097,0.13249141824734625,0.14297701439864713
1301099,0.338641410836011,0.3282355162731793
1301100,0.20934115584203772,0.20199231888006355
1301101,0.357348174165702,0.3777496850911488
1301102,0.14912371219088685,0.1512819988151374
1301103,0.6256408815697041,0.6044611034374083
1301104,0.4351258040709955,0.46842550752751694
1301105,0.09712957750408138,0.09721204883382444
1301106,0.3939246733458537,0.4185368919822405
1301108,0.13153852437126073,0.1430435491291402
1301109,0.26099397463798524,0.2620121938419342
1301110,0.8098807242344536,0.8527661010679877
1301111,0.2097730341530298,0.23265416896133162
1301112,0.23301521097838196,0.2340375475182658
1301113,0.40919770132276717,0.3855923195132765
1301114,0.26590210779369633,0.2566647900752687
1301115,0.22213230138500745,0.224002119857626
1301116,0.19865466604241472,0.20253522891935244
1301117,0.3782532115978158,0.3988264419526692
1301118,0.10002922137018852,0.08159473885546674
1301119,0.19508959119069474,0.15028568944871265
1301120,0.22227877039851957,0.24974589197818636
1301121,0.2687060475940791,0.23184464682769854
1301122,0.44061053733205147,0.4342370632179664
1301123,0.20834605004724668,0.20277810490684423
1301124,0.20286752677457678,0.20184192045044796
1301125,0.25531055914081385,0.23940030525607006
1301126,0.19055480065434954,0.1902778135287515
1301127,0.7136209666869314,0.6271179175247245
1301128,0.25753823875927495,0.25075813700003163
1301129,0.3730034947312454,0.3455597418627475
1301130,0.3519486102996855,0.3509722017170041
1301131,0.10703257462039327,0.10005529995868707
1301132,0.3558831262066513,0.3802404867602341
1301133,0.14274761905392488,0.1217787151086522
1301134,0.2010764350499925,0.18574552910294517
1301135,0.39337254609908767,0.3827438374340926
1301136,0.22310235156228217,0.25049307315914315
1301137,0.6552003088068362,0.6895836698620216
1301138,0.11292180801740806,0.09551061536978024
1301139,0.22569775903078837,0.19545378398307084
1301140,0.5730895261544023,0.5532858979495274
1301141,0.21947193472912166,0.2212379017215311
1301142,0.35787273886702026,0.3602868152002191
1301143,0.34071849410321253,0.3556323856327405
1301144,0.362634271738398,0.363992008844288
1301145,0.22227442300654046,0.2575714350441205
1301146,0.3677112937402842,0.40913687435863866
1301147,0.6678815632907382,0.6535169236926962
1301148,0.24239684068929374,0.22695413685547933
1301149,0.4938037613001443,0.5474571354378087
1301150,0.3366409205627485,0.3387626119438236
1301151,0.3011262728850692,0.2606918047003632
1301152,0.246530397566268,0.19038434582454586
1301153,0.3251196671086058,0.3694725263672575
1301154,0.4056906370641304,0.385104721031901
1301155,0.3989827065331161,0.3917681757449837
1301156,0.5522143878516251,0.6156461375718147
1301157,0.38041444910208405,0.37188891846295513
1301158,0.29741612232253073,0.2583362990358467
1301159,0.7002833305115931,0.6590637710067347
1301160,0.3090830865243809,0.31056562106710495
1301161,0.3806349496035511,0.3813748966041234
1301162,0.46748632924152156,0.4394183593027874
1301163,0.4579703440335283,0.4971540825522464
1301164,0.23433960930262657,0.24573677421889578
1301165,0.5487125818566843,0.6498060939257795
1301166,0.4403545698918362,0.44205875242037695
1301167,0.3654149072996865,0.35008370845240744
1301168,0.6249457040493993,0.6470740039071947
1301169,0.26078728504812787,0.2564092555569416
1301170,0.663155264373503,0.7259433141538646
1301171,0.45422965182323854,0.4904864162303668
1301172,0.3843449121925692,0.3779098661226019
1301173,0.4927631854709388,0.5155288218067956
1301174,0.15415811741010596,0.15133739962615073
1301175,0.23745164033036803,0.23557132563497818
1301176,0.23098408599383774,0.21892236970231443
1301177,0.5989990959469117,0.6211168440160153
1301178,0.21863545399998696,0.21025453738471805
1301179,0.30262109656274677,0.30240159884565543
1301180,0.590621600329342,0.619010665595819
1301181,0.2041382046122693,0.19970054587727054
1301182,0.23356505737831101,0.24175628466938065
1301183,0.2414743264429969,0.2140759649030037
1301184,0.6825576492083559,0.6596609915694439
1301185,0.38961376327763475,0.4033685994128132
1301186,0.21547177600644057,0.2710206647640376
1301187,0.49195523103919453,0.5323275854845867
1301188,0.40859846870031746,0.4202689118650612
1301189,0.11097439576608065,0.09747177418563131
1301191,0.09647384536486939,0.10306221618161147
1301192,0.2047611241673778,0.19363284655579716
1301193,0.064462447351009,0.07320973993434676
1301194,0.3713457138199155,0.37777661919008976
1301195,0.6723381427472921,0.6343505736512972
1301196,0.2157506514926471,0.22829252987829668
1301197,0.4132170643104051,0.4410591365067639
1301198,0.4564717235716929,0.4537284910287135
1301199,0.2612957266526232,0.3146961175288226
1301200,0.32923184627243757,0.3541794511685681
1301201,0.5415859116195036,0.6069801112661855
1301202,0.6584231194135101,0.7058319695687999
1301203,0.52969056784939,0.5131301956274842
1301204,0.14215046227974995,0.16076661280912372
1301205,0.2405434220192972,0.24470014348547978
1301206,0.07729512881248407,0.08913967293639845
1301207,0.20710448796422626,0.20112462812929596
1301208,0.1352139300321633,0.13133169672961506
1301209,0.3711514962141879,0.40059211697695674
1301210,0.4509439603656185,0.5291122578563379
1301211,0.20678539065774396,0.21581408316097717
1301212,0.47172914346652245,0.44255081553957354
1311001,0.2573235637251831,0.29795559223310075
1311002,0.2069473263732688,0.1759666196629169
1311003,0.3151667879176559,0.34647038551400894
1311004,0.20904961048057244,0.19676831720760032
1311005,0.23916368849678313,0.20551664055947083
1311006,0.2707963934747535,0.25837129106399515
1311007,0.19500795191623438,0.15722513493532345
1311008,0.3845597431510866,0.4012243836676898
1311009,0.17423284164272385,0.1518887786674408
1311011,0.21209384512874122,0.2079137521709203
1311012,0.30255881103380317,0.3309819015458068
1311013,0.09981540198774379,0.10812540537232146
1311015,0.24494759706876376,0.263881676838124
1311017,0.5024610522352619,0.514424001287531
1311018,0.27062758712611573,0.302414062459773
1311019,0.5180822907673844,0.5519199371395247
1311020,0.170795776531688,0.13214329196935304
1311021,0.41353048989148394,0.43426935646158027
1311023,0.18316427972181348,0.12409031553120838
1311024,0.2889981266807515,0.2916658216509326
1311025,0.2636440456217649,0.2727151039060281
1311026,0.17053786659240722,0.1514902889256676
1311027,0.13493544650778974,0.13061867339758124
1311028,0.17690766458031085,0.11935786592016975
1311029,0.22154560680997765,0.173273694055131
1311030,0.34027419432182326,0.3735540923588949
1311032,0.38490702125437515,0.45508017710100646
1311033,0.2712258204495625,0.27903885466630524
1311034,0.3221153005422044,0.32787172816079463
1311035,0.23018450328202492,0.24160675843856885
1311036,0.2181617197869462,0.22443157327552177
1311037,0.2321466296732515,0.23104140439491044
1311038,0.17459198136551915,0.1567061319053921
1311039,0.15821271093328143,0.1412832168892759
1311040,0.2167792345432418,0.21961362794586087
1311041,0.09659271670151484,0.0871745821667368
1311042,0.27571680002765747,0.2726424512649734
1311043,0.33493360976793773,0.43272221699419383
1311044,0.18141831730439514,0.15463063307106495
1311045,0.24152930500927786,0.2526130851099338
1311046,0.27845462834345963,0.3205363171702344
1311047,0.25821422380942605,0.2612695460805901
1311048,0.32550459480020305,0.3186611705151236
1311049,0.5206145302874665,0.5377982786309272
1311050,0.07996165642103684,0.06946297681146246
1311051,0.17461354747090652,0.14098695181850074
1311052,0.1984235891583339,0.19054708007180152
1311053,0.23122693985872875,0.22358523696833263
1311054,0.21229613968976002,0.21109766477053124
1311055,0.2915457004695545,0.310913837663543
1311056,0.27891875498266105,0.31954505411760586
1311057,0.27829003724808893,0.2762332972756625
1311058,0.31113937096489014,0.3541699830945156
1311059,0.08284565446826568,0.07623830465602634
1311061,0.14560343808790838,0.11257380701665004
1311062,0.24184052194420433,0.24806357441597757
1311063,0.20219247633300166,0.18071229543327744
1311066,0.2837612549202484,0.3331606082973026
1311067,0.2139791729392931,0.2016807703929741
1311068,0.21738017004660726,0.18321904287224106
1311069,0.3558731709257602,0.38991213239474204
1311070,0.20680311525792086,0.19310477587530228
1311073,0.6078339476686101,0.6171288554693605
1311074,0.22643907561285728,0.21922064452643375
1311075,0.3110651689216549,0.37518910717751297
1311076,0.22118292356839472,0.22609688006054343
1311078,0.2215226705129965,0.22127346698060094
1311079,0.29832963412079944,0.29795631986484833
1311080,0.22561788785230336,0.24295177155207157
1311082,0.17436467743785689,0.16948554859959714
1311084,0.29334124847164367,0.3116310600728296
1311085,0.36254428438741476,0.36352331837556034
1311087,0.2517926072308485,0.25985480685580037
1311089,0.20712450724875855,0.20842150812317986
1311090,0.2735699041449762,0.2578753572647435
1311091,0.29013811477355694,0.3028080168613717
1311092,0.497647648848919,0.5147214404091268
1311093,0.14003879766976024,0.1203464831548983
1311094,0.424911629513516,0.4768664131386585
1311095,0.1697401206893473,0.15628774626285077
1311096,0.25670350620547555,0.2662599306900935
1311097,0.33386887341788346,0.37990321046933656
1311098,0.3408876856692968,0.37065693468399397
1311099,0.47896684299815784,0.5295595127073202
1311100,0.16020237659447945,0.16049460630601928
1311101,0.1209488250431719,0.10450261503268912
1311102,0.20901836006653807,0.2174941990210985
1311103,0.27269024745249143,0.23796475691561228
1311104,0.4583510736227295,0.4632569585718229
1311105,0.11261642556523088,0.11149747640077586
1321001,0.20831264705284877,0.1833022201558436
1321002,0.36488971357112343,0.33544297840284265
1321004,0.17101031487152327,0.1825454537899116
1321005,0.12315418008019315,0.12071984631178465
1321006,0.22193437690250342,0.21508444612432334
1321007,0.16985042561329672,0.17108775393519068
1321008,0.27286845155443057,0.2524267766109036
1321009,0.24633434752059633,0.23137895087237584
1321010,0.1344910741081138,0.11544014939614132
1321012,0.3304503453022813,0.36226319127703366
1321013,0.17712185184525758,0.15908245183584482
1321014,0.286157092383819,0.2822375714930523
1321016,0.2684074997764701,0.26268488645650967
1321017,0.0909469410250562,0.0863710887599393
1321018,0.3213325212713589,0.29189510400015845
1321019,0.1921512197348813,0.1729681221349405
1321020,0.14758987477288277,0.12220514164674778
1321022,0.2221345475003076,0.2143924537640229
1321023,0.16913433896993973,0.12177022231670437
1321024,0.20795036552194832,0.19681085566065246
1321025,0.25358729442898237,0.2427425570947035
1321026,0.4394126433703169,0.463947526102689
1321027,0.39983107146314445,0.3945043226091884
1321029,0.20635269237523157,0.2013647797001521
1321031,0.18361427273197348,0.15273522069475737
1321032,0.12962907017010034,0.12090563556348566
1321034,0.16792150779740309,0.1472842631026487
1321035,0.24019227094566353,0.28753981799894685
1321036,0.2559801017475817,0.24997177299936313
1321037,0.2058142412571336,0.20404889929961786
1321038,0.32926179751769985,0.3022423746159359
1321039,0.18574241281187695,0.1672742583281693
1321040,0.3430705893152396,0.33965354003976805
1321042,0.22041218955410982,0.2220674759768775
1321044,0.24815377760038412,0.23200508726365637
1321045,0.19765580437601882,0.14555540968324798
1321046,0.27890156210117,0.3461266766039378
1321047,0.18378312134074057,0.17448761937581364
1321048,0.13847179345201927,0.11800808320537155
1321049,0.2330468498188682,0.21975129907614058
1321050,0.18591131956371784,0.1683613981311678
1321051,0.2735523091544409,0.27256205445451287
1321052,0.2492309867885067,0.25422169836506525
1321053,0.21787726212525202,0.2247248268671179
1321054,0.28176773739284616,0.29276045788615374
1321055,0.20199958257865339,0.19236047917845187
1321056,0.08196422892487387,0.07806056140767227
1321057,0.2446514930384796,0.24734261944676036
