muni,yhat_1,yhat_2,yhat_3
1011001,0.10436202,0.07393635,0.10401299
1011002,0.2836652,0.20489766,0.2651144
1011003,0.2034585,0.20660953,0.21030027
1011004,0.24626498,0.19182085,0.275061
1011005,0.07275711,0.08582031,0.105769545
1011006,0.20480818,0.124036044,0.16590928
1011007,0.1922096,0.17891866,0.24184929
1011008,0.24075755,0.21081713,0.22565553
1011009,0.30677807,0.23815964,0.26657444
1011010,0.3054817,0.2605547,0.27106458
1011011,0.07798416,0.081847906,0.0873696
1021001,0.09348884,0.08683782,0.10624733
1021002,0.0886223,0.068191834,0.060566653
1021003,0.08295005,0.08782125,0.08338146
1021004,0.07930627,0.068191834,0.060566653
1021005,0.10098585,0.07393635,0.09298654
1031001,0.11696045,0.10129823,0.11363977
1031002,0.12397033,0.071668625,0.11360611
1031003,0.10380463,0.08909016,0.08713261
1031008,0.06956783,0.06294114,0.06889533
1031009,0.11795775,0.101458125,0.108974256
1041001,0.23779714,0.26545715,0.23462404
1041002,0.14087568,0.11807,0.13832287
1041003,0.10660236,0.10004412,0.12977062
1041004,0.31102097,0.28890198,0.24187763
1041005,0.30211917,0.28308523,0.25066856
1041006,0.49241057,0.49569696,0.47172797
1041007,0.29484344,0.3212642,0.25989437
1041008,0.19842376,0.19298175,0.202861
1041009,0.3153035,0.30658346,0.25543812
1041010,0.4829721,0.4065145,0.412727
1041011,0.40442124,0.45290333,0.3729387
1051002,0.08841213,0.07559486,0.10258447
1051003,0.105842926,0.06849855,0.08861722
1051004,0.17578785,0.1542735,0.17167202
1051006,0.11499935,0.08639774,0.12885825
1051007,0.16305268,0.20179777,0.15273315
1051008,0.21590419,0.123985544,0.16441186
1051009,0.14695024,0.17975305,0.17585339
1051010,0.078901835,0.06080812,0.06485072
1051011,0.32363546,0.26605216,0.22787327
1051014,0.18454887,0.1280179,0.1611016
1051017,0.15059403,0.13329126,0.12646328
1051018,0.092105985,0.07393635,0.08409483
1051019,0.105842926,0.06940975,0.09272767
1051020,0.14123617,0.10035479,0.1174268
1051021,0.13096167,0.1356767,0.14555667
1051022,0.1004859,0.08162679,0.06903684
1051023,0.3431625,0.23478438,0.24372199
1051024,0.13759239,0.115816996,0.11813665
1051025,0.07930627,0.066237114,0.06170569
1051026,0.22319788,0.12391797,0.18283322
1051027,0.065375246,0.07393635,0.06573694
1051028,0.11151518,0.092958294,0.07496999
1051029,0.14562316,0.102916114,0.13131607
1051030,0.10330771,0.09870281,0.09866405
1051031,0.09246648,0.051333655,0.07610771
1051032,0.13033688,0.10231329,0.10560077
1051033,0.15528987,0.21148108,0.19163907
1051034,0.17671162,0.14246987,0.12658137
1051035,0.102443665,0.06080812,0.09021412
1051036,0.3065148,0.28373274,0.30267647
1051037,0.177892,0.104738414,0.12796067
1051038,0.14787273,0.086847104,0.08610152
1061001,0.14358799,0.19476847,0.21384317
1061002,0.09267894,0.073057525,0.099412434
1061003,0.1751469,0.13213748,0.18900365
1061004,0.11853792,0.10305546,0.09883134
1061005,0.11057764,0.1035685,0.102747
1061006,0.29721004,0.27095345,0.24080515
1061007,0.06592406,0.068191834,0.061996702
1061008,0.15107356,0.11733763,0.10222548
1061009,0.13721181,0.17540862,0.19449304
1061010,0.071893066,0.06407717,0.06918372
1071001,0.37247124,0.42917818,0.38873184
1071002,0.31235775,0.37546745,0.3691362
1071003,0.49973223,0.45713618,0.44898713
1071004,0.6079986,0.59032786,0.53110844
1071005,0.7469137,0.6205692,0.67472667
1071006,0.47195855,0.4894537,0.53482044
1071007,0.807119,0.8142431,0.7527548
1071008,0.46542132,0.43401927,0.5369999
1071009,0.25000587,0.24272539,0.27016005
1071011,0.5243735,0.6136657,0.53805304
1071012,0.2771151,0.31093156,0.27603394
1071013,0.41305918,0.47235787,0.46824023
1071014,0.81175184,0.6870735,0.784659
1071015,0.3670858,0.38167584,0.3906273
1071016,0.43085718,0.38699538,0.43668202
1071017,0.30211917,0.29430673,0.30808398
1071018,0.6324192,0.66074,0.6676209
1071019,0.26408932,0.30434647,0.27464345
1071020,0.5225052,0.47679055,0.5030318
1071021,0.5022259,0.5599237,0.51016873
1071022,0.83816636,0.8650134,0.7915993
1071023,0.80000675,0.7968438,0.76744986
1071025,0.6487387,0.5641401,0.67207664
1071026,0.83816636,0.83513993,0.7791762
1071027,0.23617418,0.19602333,0.22046025
1071028,0.39664596,0.45249134,0.41858116
1071029,0.20207502,0.26745257,0.21483034
1071030,0.5149763,0.46489847,0.4902298
1071031,0.71117234,0.7438044,0.7197435
1071032,0.5465052,0.5369949,0.58247274
1071034,0.4486186,0.40346164,0.4479214
1071035,0.47573712,0.42177278,0.45525885
1071037,0.3884629,0.41968438,0.38446257
1071039,0.64563954,0.62139064,0.65624017
1071040,0.3884629,0.38711986,0.36237216
1071041,0.68910456,0.6207145,0.6929329
1071042,0.5704215,0.62749547,0.6741275
1071043,0.42646682,0.44728768,0.42742813
1071044,0.42480582,0.44651932,0.5297015
1071045,0.52710676,0.5586486,0.56137747
1071046,0.5558278,0.46032518,0.5205662
1071047,0.6946763,0.72127336,0.7297217
1071048,0.26861492,0.31027174,0.2737347
1071049,0.80356103,0.78123754,0.79616755
1071050,0.28142056,0.25128984,0.36155352
1071051,0.4304781,0.37937716,0.4192813
1071052,0.53428936,0.60913944,0.59748715
1071054,0.50459874,0.4120629,0.45552227
1071055,0.22857283,0.29674467,0.24723892
1071057,0.44325817,0.529384,0.488205
1071059,0.35786837,0.4905241,0.4462186
1071060,0.75177354,0.7861249,0.7862068
1071061,0.45913222,0.38310778,0.45171058
1071062,0.4624721,0.44329488,0.49671584
1071063,0.29178977,0.31046224,0.3415335
1071064,0.68285906,0.7253628,0.67214125
1071065,0.3499255,0.36197767,0.34054977
1071066,0.8011064,0.71329474,0.75887173
1071067,0.71483696,0.6536851,0.7320079
1071068,0.3412334,0.3040631,0.300141
1071069,0.5103592,0.44686702,0.46809283
1071071,0.49405995,0.5127566,0.48204684
1071072,0.49776044,0.49712124,0.5351265
1071073,0.33378518,0.41849065,0.4511485
1071074,0.09530716,0.16607112,0.14024493
1071075,0.5436957,0.52616745,0.45033756
1071076,0.64563954,0.6254804,0.66188973
1071077,0.5244201,0.5403652,0.56315845
1071078,0.15848635,0.27536377,0.20108242
1071079,0.25818926,0.26693863,0.27341726
1071080,0.67367715,0.76789474,0.62525624
1071081,0.6369454,0.60158855,0.6229151
1071082,0.72807163,0.7822993,0.6514727
1071083,0.5333799,0.3946914,0.49383593
1071084,0.5061393,0.54058444,0.54644406
1071085,0.35631505,0.45699188,0.37590414
1071086,0.3800654,0.32633042,0.30756918
1071087,0.46223047,0.43028933,0.5351899
1071089,0.16437508,0.19136627,0.18195388
1071091,0.31562594,0.34435344,0.37345243
1071092,0.5765773,0.5374264,0.4917533
1071093,0.8011064,0.7967108,0.8166322
1071094,0.56433976,0.55873626,0.6231125
1071096,0.6628957,0.60325754,0.62076175
1071097,0.3602251,0.33075637,0.31794906
1071099,0.5516386,0.4677204,0.5043447
1071100,0.72006106,0.75887245,0.653235
1071101,0.10803389,0.07342331,0.09778724
1071102,0.33191657,0.37514246,0.35563323
1071103,0.46983218,0.4175678,0.5137877
1071104,0.42264184,0.36975372,0.3605649
1071105,0.34059247,0.39671937,0.33299214
1071106,0.5384552,0.40045923,0.48818338
1071107,0.44027898,0.41140535,0.3784449
1071108,0.30949333,0.32838202,0.2580664
1071109,0.33378518,0.4108066,0.39670742
1071111,0.807119,0.74834615,0.7755537
1071112,0.83816636,0.8650134,0.7866509
1071113,0.83816636,0.8084784,0.82333463
1071114,0.36773542,0.41294128,0.37067392
1071116,0.5881948,0.6417994,0.50005823
1071117,0.5614551,0.70065457,0.5658544
1081001,0.11188515,0.09092683,0.07818661
1081002,0.0891869,0.06446189,0.07593246
1081003,0.15461585,0.104476586,0.11755602
1081004,0.100259684,0.10706223,0.13880198
1081005,0.12124301,0.120939955,0.11790002
1081006,0.15710092,0.14817683,0.14636499
1081007,0.3491763,0.38953465,0.31623697
1081008,0.5549017,0.6383106,0.56975967
1081009,0.20497163,0.27784225,0.20892364
1081011,0.10787946,0.06446189,0.085078225
1081013,0.14123617,0.12496358,0.1523423
1081016,0.13648841,0.14699392,0.082144625
1081017,0.107880875,0.068191834,0.08407042
1081018,0.24791504,0.20192969,0.2044158
1081019,0.086668774,0.068191834,0.07536614
1081020,0.42952806,0.49644738,0.39212874
1081021,0.09171272,0.06446189,0.081703946
1081022,0.33592406,0.3180767,0.24968934
1081023,0.20077516,0.13817978,0.14096704
1081025,0.13759239,0.12810774,0.086825795
1081027,0.38568857,0.4472742,0.41619748
1081028,0.18064657,0.1487636,0.1412108
1081029,0.39457512,0.50339955,0.51376784
1081030,0.3083168,0.3437695,0.28311786
1081031,0.14123617,0.17996424,0.20994522
1081032,0.10751896,0.07880206,0.0911649
1081034,0.15659553,0.20039408,0.16501364
1081035,0.26711547,0.19601342,0.19282806
1081036,0.13215518,0.08184463,0.11490371
1081037,0.07386906,0.07393635,0.060566653
1081038,0.10479907,0.13890782,0.12786123
1081039,0.12063835,0.12271583,0.0926376
1081040,0.16864835,0.16370095,0.12986246
1081043,0.17601418,0.19575037,0.16900495
1081044,0.1656253,0.19071001,0.1525988
1081045,0.10787946,0.06368067,0.07965042
1081046,0.64231324,0.6415263,0.5547808
1081048,0.14260012,0.1478882,0.13584837
1081050,0.06818497,0.06446189,0.08569077
1081051,0.27182528,0.3936809,0.21231739
1081052,0.07705579,0.07245039,0.058293857
1081053,0.14059593,0.15872271,0.1332817
1081054,0.1821921,0.19661963,0.26302215
1081055,0.09321797,0.1247011,0.11730416
1081058,0.09370107,0.16222607,0.09435393
1081059,0.1030381,0.10417428,0.12224074
1081060,0.083619446,0.08329136,0.08977955
1081061,0.2101902,0.21292645,0.18853527
1081062,0.08844596,0.06567382,0.074899174
1081066,0.48789626,0.52230704,0.49475873
1081067,0.21090291,0.14787474,0.16640845
1091002,0.07523842,0.05498233,0.083057486
1091003,0.07523842,0.05498233,0.083057486
1091004,0.08903516,0.053952236,0.11039274
1091005,0.09951416,0.078718685,0.09367087
1091006,0.08630887,0.0482077,0.08801913
1091007,0.12504044,0.09184692,0.1085537
1091008,0.11907144,0.09184692,0.11555415
1091009,0.16994308,0.13916516,0.19586433
1091010,0.08630887,0.09184692,0.098632514
1091011,0.12266874,0.090440266,0.13046809
1091012,0.080339864,0.053952236,0.122862615
1091013,0.14166747,0.108242646,0.15649728
1091014,0.07194698,0.04409303,0.083057486
1091015,0.07523842,0.04409303,0.07980277
1091016,0.07194698,0.04409303,0.083057486
1091017,0.07523842,0.07297417,0.09367087
1101001,0.18943901,0.19188362,0.20180872
1101002,0.3764101,0.53730977,0.40015844
1101004,0.2445365,0.2146778,0.22820932
1101005,0.09920293,0.07916718,0.10621514
1101006,0.32288775,0.3090836,0.3120195
1101007,0.14695024,0.09870281,0.10005406
1101008,0.14695024,0.14620408,0.15748914
1101009,0.33283746,0.3145963,0.20344071
1101010,0.2601163,0.33620754,0.20236307
1101011,0.27130193,0.35270157,0.210296
1101012,0.14754722,0.11288389,0.103211254
1101013,0.2557501,0.18470688,0.2212379
1101014,0.44821012,0.604421,0.53294754
1101015,0.2851808,0.25538594,0.23545086
1101016,0.28388444,0.260047,0.2980264
1101017,0.2104922,0.2778692,0.26577142
1101018,0.13821313,0.15512775,0.16372278
1101020,0.22956851,0.1913402,0.19197324
1101021,0.28612542,0.2281104,0.2610238
1101022,0.23243883,0.22178888,0.18362145
1101023,0.165284,0.22170158,0.19484657
1101024,0.24737975,0.28195214,0.22383922
1101026,0.36622718,0.4073316,0.3610677
1101028,0.26430893,0.21126476,0.17893535
1101031,0.2671829,0.23660602,0.2195601
1101032,0.15059403,0.15493907,0.1468623
1101033,0.29222405,0.2608054,0.2511879
1101034,0.3300148,0.4009866,0.27854916
1101035,0.25330532,0.32614115,0.24443278
1101036,0.24741046,0.19347827,0.1794077
1101037,0.4262262,0.42307717,0.3720502
1101038,0.14151303,0.15023257,0.14271119
1101039,0.16923039,0.2281179,0.15053165
1111001,0.3065148,0.22939536,0.29377207
1111002,0.18994196,0.13629873,0.20937265
1111003,0.15023354,0.15178615,0.18140385
1111004,0.19543402,0.19740282,0.19714752
1111005,0.17116268,0.16657837,0.17278595
1111007,0.13219774,0.09870281,0.11682854
1111008,0.29461336,0.23486383,0.27758697
1111009,0.2926882,0.25417563,0.29861763
1111010,0.21609873,0.21652699,0.2513679
1111011,0.15893365,0.1409258,0.1635967
1111012,0.24640454,0.22109903,0.18381503
1111013,0.31015858,0.20615682,0.26838884
1111014,0.24467821,0.23458673,0.2585945
1111015,0.15908809,0.11700808,0.1488193
1111016,0.3179476,0.2620554,0.29014266
1111017,0.14658976,0.121301994,0.15350671
1111018,0.2872842,0.21327707,0.21244097
1111019,0.30181897,0.26663494,0.38653353
1111020,0.14115255,0.09870281,0.14219938
1111021,0.1857275,0.11121694,0.14363849
1111022,0.28496158,0.26485646,0.26521903
1111023,0.2878348,0.22458792,0.24034886
1111024,0.2691063,0.2316671,0.18863887
1111025,0.22249573,0.164782,0.2065004
1111026,0.33661056,0.21650112,0.29064327
1111027,0.14115255,0.10096356,0.13111359
1111028,0.23321229,0.23552366,0.32616577
1111029,0.29033315,0.23241685,0.26725277
1111030,0.2854765,0.28316984,0.2915861
1111031,0.18397266,0.11431341,0.20890744
1111032,0.123839155,0.1670532,0.14489533
1111033,0.26383978,0.24203119,0.2650833
1111034,0.33018667,0.34277475,0.32508788
1111035,0.2382677,0.23332967,0.28857204
1111036,0.24279426,0.20644848,0.21615916
1111037,0.17783469,0.1342556,0.17611527
1111038,0.2763695,0.22497022,0.24182457
1111039,0.27949518,0.20581116,0.20725618
1111040,0.38175288,0.41463464,0.35903987
1111041,0.17486537,0.15648288,0.21765277
1111042,0.23011911,0.17044167,0.23979056
1111043,0.35860115,0.3317079,0.36436668
1111044,0.14551874,0.14357845,0.1917569
1111046,0.22956851,0.22141452,0.23844633
1121001,0.14864612,0.12509166,0.17226139
1121002,0.53947175,0.6424637,0.6095043
1121003,0.46241015,0.4992096,0.48789325
1121004,0.57650745,0.616994,0.64275604
1121005,0.36377236,0.3935413,0.3783944
1121006,0.38203526,0.4036811,0.37939933
1121007,0.23807883,0.21893153,0.2696462
1121008,0.45137376,0.4254357,0.43839848
1121010,0.736549,0.7291886,0.78223014
1121011,0.33039665,0.40160254,0.3588968
1121012,0.5055464,0.5046864,0.46814457
1121013,0.41907135,0.5503865,0.46540156
1121014,0.2797144,0.2223327,0.29886547
1121015,0.2578256,0.23617682,0.22217295
1121016,0.5436957,0.47067344,0.49749783
1121017,0.33071843,0.28632477,0.33081397
1121018,0.37051022,0.34725717,0.33120838
1121019,0.63287634,0.66987985,0.62149805
1121020,0.62926227,0.611315,0.64484596
1121021,0.26979092,0.34274212,0.2850623
1121022,0.41027725,0.4250382,0.42965233
1121023,0.39124274,0.4610161,0.39933053
1121024,0.56831664,0.62901306,0.52654904
1121025,0.5390314,0.6071027,0.5575023
1121027,0.40680417,0.38728762,0.37723112
1121028,0.41405866,0.5031211,0.41583377
1121029,0.15657246,0.13985634,0.16537909
1121030,0.3606255,0.39173287,0.36822954
1121032,0.46977746,0.5398848,0.5334467
1121033,0.38984302,0.34048477,0.38578814
1121034,0.3383401,0.28764257,0.4282245
1121035,0.16164775,0.13847436,0.19680488
1121036,0.46783963,0.60006946,0.43667543
1121037,0.40681115,0.4020158,0.49768853
1121038,0.14876099,0.124621734,0.14706565
1121039,0.29743832,0.33185804,0.28741404
1121040,0.50118405,0.5633058,0.46054077
1121041,0.6223375,0.6740521,0.6580476
1121042,0.5395915,0.6104842,0.59796834
1121044,0.32199696,0.33977687,0.35713807
1121045,0.41991484,0.4636618,0.42388174
1121046,0.39918563,0.49603224,0.41745573
1121048,0.20115109,0.25524986,0.24076706
1121049,0.33439204,0.34201816,0.35652483
1121050,0.24491842,0.19348806,0.23039883
1121051,0.50118405,0.512712,0.5508262
1121052,0.59753305,0.6062088,0.58839595
1121053,0.42220232,0.3990956,0.41088748
1121054,0.52923054,0.5952541,0.4622481
1121055,0.21983157,0.14971946,0.22560969
1121056,0.53295743,0.63034207,0.43009552
1121057,0.24436092,0.25799632,0.27075973
1121058,0.3703889,0.38195363,0.37041724
1121059,0.3866144,0.37680182,0.40179995
1121060,0.5545147,0.41367468,0.45845222
1121061,0.30268213,0.29362494,0.30694073
1121062,0.5775954,0.6193624,0.5126682
1121064,0.3767509,0.3039606,0.3455985
1121065,0.43056533,0.52310574,0.42299822
1121066,0.28602865,0.45625007,0.37629783
1121067,0.33581105,0.31909433,0.3214754
1121068,0.28880322,0.23615044,0.25941908
1121069,0.6484377,0.6739791,0.67593867
1121070,0.3952981,0.43234152,0.38785574
1121071,0.567085,0.61846024,0.5360952
1121072,0.68120354,0.71354246,0.70821893
1121073,0.39124274,0.4179365,0.3963252
1121074,0.6964126,0.6211209,0.690462
1121075,0.30348596,0.29353786,0.29366115
1121076,0.7939941,0.7688773,0.7260604
1121077,0.3827419,0.4181269,0.46903312
1121079,0.6670001,0.7265666,0.7053065
1121080,0.49462518,0.51727086,0.4459655
1121081,0.5829183,0.6687726,0.60586345
1131001,0.2784874,0.31980303,0.25409353
1131002,0.46327883,0.4672802,0.46929535
1131003,0.18994196,0.23117241,0.26032048
1131004,0.33421418,0.3052749,0.27771747
1131005,0.21609873,0.16902836,0.1858824
1131006,0.24765761,0.25055593,0.25828442
1131007,0.27949518,0.2326765,0.22896047
1131008,0.13579896,0.21091694,0.18046026
1131009,0.24456443,0.19061689,0.24751621
1131010,0.15205184,0.09818977,0.1330861
1131011,0.47242,0.46315596,0.41877985
1131012,0.23182769,0.28442985,0.23001014
1131013,0.14697872,0.15463561,0.16080305
1131014,0.46092275,0.539777,0.46674922
1131015,0.30786288,0.30475724,0.2762128
1131016,0.2362248,0.18726157,0.22279757
1131017,0.24624267,0.3170935,0.31610763
1131018,0.34529632,0.40856692,0.3291246
1131019,0.31851497,0.3908633,0.310029
1131021,0.14529759,0.20846151,0.17967427
1131022,0.14123617,0.17316468,0.16254346
1131023,0.16145617,0.15156882,0.1989473
1131024,0.23938657,0.2710773,0.22588126
1131025,0.557604,0.67417896,0.54824466
1131026,0.6157969,0.5858379,0.6411591
1131027,0.5371618,0.56836087,0.5187784
1131028,0.38305643,0.40476742,0.39640674
1131029,0.2173541,0.24924982,0.25579226
1131030,0.2444035,0.26976627,0.25829864
1131031,0.2797144,0.26958194,0.29593977
1131032,0.3702168,0.5072966,0.4122582
1131034,0.4890733,0.47421327,0.39416638
1131035,0.24741046,0.2776843,0.2836249
1131036,0.29721004,0.29543918,0.27059096
1131037,0.4173593,0.3798139,0.39559573
1131038,0.28741083,0.2621232,0.26713243
1131039,0.15838306,0.10297275,0.15834354
1131040,0.42092934,0.505009,0.3979041
1131041,0.1857275,0.18866163,0.23235826
1131042,0.29388547,0.33104768,0.2964094
1131044,0.23829979,0.23164962,0.22261046
1131045,0.22873451,0.30392408,0.23327607
1131046,0.49466905,0.4974392,0.50044155
1131048,0.11116273,0.07342331,0.112805456
1131049,0.47891834,0.48470566,0.41457462
1131050,0.16689338,0.13386111,0.17565773
1131051,0.071893066,0.068191834,0.07243844
1131052,0.16113283,0.1825654,0.2497233
1131053,0.41592684,0.47072282,0.46841368
1131054,0.29092798,0.26447532,0.25655237
1131055,0.27949518,0.3099264,0.24706674
1131056,0.14695024,0.113430016,0.15870799
1131057,0.26730174,0.27287778,0.23618682
1131058,0.32102373,0.29320896,0.27175388
1131059,0.28743806,0.31061187,0.29116875
1131060,0.37567362,0.44094524,0.43231067
1131061,0.14845453,0.09492957,0.1109907
1131062,0.5218127,0.58184856,0.50534487
1131063,0.14695024,0.14097723,0.16030383
1131064,0.2197425,0.19279848,0.21025439
1131065,0.20634453,0.20682392,0.20606501
1131066,0.14151303,0.15304533,0.18128431
1131067,0.28326848,0.3077463,0.28605637
1131068,0.4778727,0.5665897,0.5640903
1131069,0.080763884,0.066237114,0.09380987
1131070,0.15569562,0.19726801,0.22061461
1131072,0.14845453,0.108057804,0.11424542
1131073,0.6259707,0.48241103,0.47468144
1131074,0.17593125,0.1917994,0.22044528
1131075,0.13700122,0.15001932,0.14736244
1131076,0.123855464,0.08277832,0.122361675
1131077,0.16113283,0.12533268,0.14163178
1131078,0.6763106,0.74238604,0.6774621
1131079,0.32029676,0.40232608,0.382528
1131080,0.6763106,0.60768336,0.62318087
1131081,0.18604712,0.19452244,0.15902768
1131082,0.14151303,0.18422249,0.15158035
1131083,0.13579896,0.13884729,0.13660279
1131084,0.2168251,0.23502614,0.25358838
1141001,0.21363045,0.10671245,0.14769873
1141002,0.12267452,0.07900164,0.10330392
1141003,0.114471704,0.12576874,0.117607236
1141004,0.19527406,0.18867186,0.22578052
1141005,0.10970581,0.10771108,0.123129815
1141006,0.15781239,0.10637304,0.1109907
1141007,0.19061998,0.14681925,0.19233567
1141008,0.0942622,0.08457595,0.09831664
1141009,0.1022599,0.10750073,0.09574371
1141010,0.26250497,0.24496734,0.2649838
1141011,0.31485745,0.304582,0.26433507
1141012,0.17464395,0.16518672,0.120840386
1141013,0.11940198,0.10421651,0.11720668
1141014,0.25422707,0.24478191,0.25169164
1141015,0.14479633,0.119115606,0.10560077
1141016,0.2461382,0.22529542,0.24258097
1141017,0.23700237,0.15789753,0.19593027
1141018,0.18234855,0.15679796,0.13426094
1141019,0.31936488,0.42817533,0.2772307
1141020,0.28741083,0.29952422,0.2608686
1141021,0.13759239,0.13420685,0.1446265
1141022,0.11853792,0.14706579,0.14065917
1141023,0.10436202,0.05857956,0.11094972
1141024,0.15294585,0.1545448,0.19476575
1141025,0.12863775,0.1035685,0.09562839
1141026,0.12001927,0.115316615,0.099520944
1141027,0.382054,0.5058737,0.3578666
1141029,0.1847513,0.18676677,0.17502776
1141030,0.10415356,0.07880206,0.12355963
1141032,0.28208762,0.31196883,0.26031902
1141033,0.18540417,0.1193787,0.15267687
1141035,0.20309165,0.19194025,0.20175394
1141036,0.19887936,0.13921799,0.19822302
1141037,0.12863775,0.10598736,0.10144019
1141038,0.23700237,0.16638541,0.17857319
1141039,0.10683112,0.053952236,0.08476441
1141040,0.255092,0.19594976,0.17254382
1141041,0.17236717,0.14897296,0.16750175
1141042,0.23154983,0.29663005,0.26389942
1141043,0.15219724,0.1355364,0.1505945
1141044,0.10453228,0.12593497,0.11075351
1141045,0.15838306,0.16779657,0.15272957
1141046,0.20681632,0.118704416,0.17962475
1141047,0.13371061,0.103761695,0.1347292
1141048,0.1277761,0.1192239,0.121695235
1141049,0.22686698,0.21408956,0.15837269
1141050,0.15201087,0.14711343,0.2019981
1141051,0.07201516,0.08213392,0.10456388
1141052,0.21816824,0.16850753,0.20158386
1141053,0.16096213,0.10685679,0.124176905
1141054,0.13764247,0.104329966,0.12649208
1141055,0.21421862,0.14378823,0.16993667
1141057,0.11823285,0.08753033,0.1299783
1141058,0.14569034,0.12745348,0.11103965
1141059,0.19765444,0.13454224,0.18902409
1141060,0.17289525,0.16101174,0.14610225
1141061,0.40641245,0.46704084,0.4357108
1141063,0.14115255,0.08707544,0.12080882
1141064,0.2836652,0.18898271,0.2464988
1141065,0.21487746,0.19677228,0.20119587
1141066,0.22631276,0.18244657,0.24784595
1141067,0.08440785,0.07393635,0.06746529
1141068,0.28177875,0.2380567,0.34274253
1141069,0.2645309,0.24101123,0.27104467
1141070,0.08050897,0.11019806,0.1419839
1141072,0.2341991,0.20491473,0.24177766
1141073,0.12794395,0.097314164,0.12800251
1141074,0.098689765,0.065568425,0.08407258
1141075,0.2139538,0.13602127,0.15148067
1141076,0.24207725,0.23505631,0.21964389
1141077,0.2163345,0.1694943,0.20332927
1141078,0.15748905,0.123476915,0.14184868
1141079,0.19566907,0.21505654,0.21315797
1141080,0.32043472,0.24034162,0.2375634
1141082,0.1343983,0.12576874,0.117977574
1141083,0.11075369,0.09353671,0.0906632
1141084,0.15294585,0.13432127,0.15392923
1141085,0.16060382,0.1303066,0.15139183
1141086,0.28072655,0.2467434,0.27288008
1141087,0.19280443,0.14676026,0.19470254
1141088,0.17980279,0.17533663,0.1525001
1141089,0.25698072,0.22658801,0.20483989
1141090,0.18527356,0.15511242,0.15560254
1141091,0.2575002,0.18412086,0.2136917
1141092,0.26049393,0.21065523,0.21876118
1141093,0.08989922,0.07543723,0.11120358
1141094,0.2182231,0.13222149,0.1723048
1141095,0.16093436,0.17515828,0.15741438
1141096,0.20309165,0.16059501,0.24191731
1141097,0.057727005,0.07916718,0.07838991
1141098,0.098393016,0.06080812,0.104045525
1141099,0.35168713,0.29808214,0.3345311
1141100,0.20864868,0.24720916,0.21150854
1141101,0.08322693,0.07916718,0.09266494
1141102,0.07035585,0.08215958,0.096466884
1141103,0.14529759,0.12786283,0.15010116
1141104,0.1821805,0.17989404,0.17294496
1141105,0.19953221,0.15222973,0.17822498
1141106,0.2867584,0.29996264,0.29262632
1141107,0.2296559,0.15610571,0.2343233
1141108,0.14766821,0.13602127,0.12857655
1141109,0.26326245,0.21066828,0.24065478
1141110,0.23700237,0.17515828,0.20674464
1141111,0.09260812,0.090741254,0.12359435
1141112,0.11823285,0.12408745,0.13844308
1141113,0.24741046,0.20102887,0.24843176
1141114,0.13083479,0.14313126,0.16970015
1141115,0.22354971,0.18496168,0.199769
1141116,0.18401238,0.1143609,0.19245157
1141117,0.24108914,0.2221892,0.18486083
1141118,0.1490252,0.16040011,0.14068782
1141119,0.21805252,0.13372944,0.18369456
1141120,0.09331772,0.07393635,0.08213237
1141121,0.13932858,0.12995997,0.16788617
1141122,0.32159138,0.2896398,0.30767846
1141123,0.28002143,0.2264524,0.20666088
1141124,0.117237315,0.08171338,0.13316905
1141125,0.19969945,0.12924296,0.21615238
1151001,0.35851303,0.32634526,0.3316996
1151002,0.124797106,0.106155366,0.13138047
1151003,0.31492132,0.26067287,0.34514743
1151004,0.30826542,0.29385206,0.29571053
1151005,0.2539381,0.22142594,0.26861775
1151006,0.22855785,0.19213565,0.21143727
1151007,0.405745,0.4118151,0.44405508
1151008,0.29989126,0.2998654,0.2970697
1151009,0.14695024,0.12045697,0.18421412
1151010,0.16093436,0.20021977,0.22368042
1151011,0.17403646,0.1552065,0.17181562
1151012,0.2312911,0.14454144,0.18520838
1151013,0.12504044,0.09184692,0.09935872
1151014,0.17935178,0.16162431,0.20383553
1151015,0.27369043,0.24097005,0.23893394
1151016,0.2362248,0.23291317,0.22814924
1151017,0.14695024,0.16854985,0.1764073
1151018,0.16010569,0.107321985,0.13035356
1151019,0.18781236,0.13519287,0.17365867
1151020,0.076968364,0.0482077,0.076120436
1151021,0.30628923,0.31149054,0.2877627
1151022,0.14515682,0.11553649,0.17404306
1151023,0.17637955,0.150673,0.19171254
1151024,0.071893066,0.068191834,0.07297368
1151025,0.12435408,0.10180615,0.17156993
1151026,0.2601574,0.27849233,0.34037998
1151027,0.10909966,0.09870281,0.11113203
1151028,0.15989724,0.10586,0.1420564
1151029,0.09049655,0.085574575,0.098909356
1151030,0.14225625,0.1393309,0.21249644
1151031,0.1326998,0.12709737,0.18808521
1151032,0.6061214,0.5543887,0.50805986
1151033,0.1343983,0.090440266,0.1085537
1151034,0.3113231,0.27313566,0.32631236
1151035,0.06862629,0.066237114,0.079207405
1151036,0.26225764,0.21508338,0.21587546
1151037,0.12266874,0.1035685,0.13046809
1151038,0.1675189,0.09008383,0.18467863
1151039,0.12799786,0.102859795,0.18015744
1151040,0.15800397,0.21171731,0.21495537
1151042,0.30609348,0.27255967,0.2616589
1151043,0.34174004,0.2307261,0.34301257
1151044,0.122965485,0.090440266,0.10360302
1151045,0.24654062,0.24702068,0.22206126
1151046,0.1990778,0.14483233,0.1966646
1151047,0.33016145,0.30205783,0.3387833
1151048,0.30631647,0.25285825,0.2945842
1151049,0.3377325,0.34746307,0.37198856
1151050,0.21865001,0.16951609,0.19645171
1151051,0.1675189,0.15437335,0.19406725
1151052,0.36780944,0.37218493,0.343874
1151053,0.15325123,0.10635123,0.14568534
1151054,0.10436202,0.1035685,0.11583734
1151055,0.17838104,0.13188119,0.1780646
1151056,0.34819722,0.39029112,0.34908688
1151057,0.11699648,0.1035685,0.13345578
1151058,0.12504044,0.09236761,0.12830696
1151059,0.16164021,0.15463053,0.14626509
1151060,0.11840195,0.11235172,0.15402511
1151061,0.13759239,0.16474958,0.1585876
1151062,0.18202482,0.11441623,0.15902615
1151063,0.41722962,0.35763264,0.42166042
1151064,0.28603113,0.25346258,0.23431571
1151065,0.14515682,0.17716078,0.1983951
1151067,0.25791648,0.21564256,0.2387925
1151068,0.20686683,0.22699496,0.21705607
1151069,0.13932858,0.10305546,0.103294596
1151070,0.14567174,0.10961013,0.17742838
1151071,0.2362248,0.21027295,0.235675
1151072,0.17385475,0.16918743,0.15744932
1151073,0.063399255,0.09870281,0.101390846
1151074,0.39115122,0.35724646,0.50428975
1151075,0.09512626,0.09596122,0.15355912
1151076,0.118941575,0.09419375,0.13828805
1151077,0.30271906,0.444172,0.29143786
1151078,0.28809565,0.24131867,0.26808625
1151079,0.2362248,0.24135126,0.2250167
1151080,0.2919046,0.342057,0.30520824
1151081,0.071893066,0.07393635,0.07830987
1151082,0.2499281,0.21697356,0.26107025
1151083,0.13243327,0.093383335,0.13504335
1151084,0.20466591,0.16539133,0.19263858
1151085,0.34819722,0.32715154,0.35367912
1151086,0.4587748,0.48810446,0.40657118
1151087,0.26107872,0.26525092,0.251825
1151088,0.30989513,0.27372062,0.28399238
1151089,0.13301924,0.19396499,0.16384967
1151090,0.26880014,0.26257896,0.283485
1151091,0.15528987,0.16127409,0.18962112
1151092,0.12789577,0.113837324,0.16878724
1151093,0.18259549,0.20991449,0.2147941
1151094,0.25286838,0.21684644,0.2277113
1151095,0.12217387,0.10096356,0.14620605
1151096,0.17924102,0.18070938,0.16142784
1151097,0.28973785,0.37954348,0.27578768
1151098,0.19908123,0.2240053,0.21123476
1151099,0.11907144,0.09184692,0.109657966
1151100,0.14202796,0.14944334,0.17519146
1151101,0.23870432,0.22718903,0.23861511
1151102,0.2758514,0.24659772,0.26073942
1151103,0.13932858,0.112124726,0.12879536
1151104,0.1105846,0.09184692,0.1085537
1151105,0.33515498,0.34401652,0.3572067
1151106,0.123116754,0.106745996,0.1388914
1151107,0.15781239,0.15452261,0.16857232
1151108,0.0901998,0.09870281,0.10655069
1151109,0.1192799,0.090440266,0.090523764
1151110,0.164076,0.17508705,0.216482
1151111,0.5418017,0.46504006,0.41367868
1151112,0.28650507,0.2792408,0.28120658
1151113,0.35454327,0.31402236,0.36204904
1151114,0.51621723,0.47326556,0.47225583
1151115,0.19543402,0.181576,0.23620719
1151116,0.2791815,0.24067657,0.24280258
1151117,0.32109973,0.34312674,0.3071513
1151118,0.20597282,0.13258792,0.18157296
1151119,0.49299327,0.49584347,0.48848188
1151120,0.12789577,0.09870281,0.13232012
1151121,0.113310896,0.1035685,0.10461297
1151122,0.1377751,0.12709737,0.18430877
1151123,0.34439474,0.3493884,0.30526727
1151124,0.64069486,0.5237261,0.62093693
1151125,0.14846443,0.14022878,0.1664607
1161001,0.295098,0.26068482,0.31019294
1161002,0.27579504,0.31289926,0.26864672
1161003,0.2235138,0.17762572,0.23199555
1161004,0.34457028,0.2650062,0.33396724
1161005,0.30176595,0.26754463,0.2682511
1161006,0.15626629,0.11757221,0.16072625
1161007,0.35079312,0.27784514,0.32784137
1161008,0.40938324,0.50564677,0.3890161
1161009,0.27168182,0.21209386,0.24840966
1161010,0.23414762,0.24417451,0.21517533
1161011,0.29049832,0.21071886,0.24999724
1161012,0.21520472,0.16057605,0.11890158
1161013,0.26597035,0.2916156,0.26736197
1161014,0.23504567,0.18627624,0.20972696
1161015,0.15442047,0.24995407,0.19858497
1161016,0.2867584,0.33178762,0.27425876
1161017,0.2836652,0.2318269,0.27885222
1161018,0.23817529,0.22126713,0.24174775
1161019,0.16148315,0.12663598,0.17454475
1161020,0.37185284,0.28046036,0.4218158
1161021,0.47031662,0.49382126,0.49646366
1161022,0.23817529,0.19126578,0.22361805
1161023,0.21559912,0.17974977,0.16989249
1161024,0.39211974,0.36172327,0.4308138
1161025,0.46542132,0.43909824,0.45677337
1161028,0.20314388,0.16031304,0.16522568
1161029,0.4012578,0.41710365,0.40332344
1161030,0.34157205,0.24146959,0.29105893
1161031,0.2971421,0.2441544,0.29065925
1161032,0.3529835,0.37476906,0.36243662
1161033,0.2083097,0.19069397,0.16567536
1161034,0.19738758,0.27150443,0.25794378
1161035,0.32533696,0.26708978,0.2783396
1161036,0.15781239,0.17205343,0.14819473
1161037,0.2551995,0.2436693,0.18998581
1161038,0.3201392,0.3095232,0.3052842
1161039,0.33661056,0.2589336,0.37433994
1161040,0.3066342,0.24540754,0.30251917
1161041,0.2947298,0.24071865,0.23392773
1161042,0.31006417,0.24842113,0.25292417
1161043,0.15655287,0.120539546,0.15799655
1161044,0.18008116,0.20355463,0.22869784
1161045,0.17482822,0.13786508,0.15132275
1161046,0.2831146,0.24093515,0.2641203
1161047,0.337855,0.28474998,0.2478576
1161048,0.29996455,0.23752579,0.28699157
1161049,0.39380825,0.3981666,0.33607578
1161050,0.32069737,0.23252787,0.2990335
1161051,0.13033688,0.11682379,0.123148814
1161052,0.08440785,0.07393635,0.071457505
1161053,0.11687682,0.08329136,0.10471888
1161054,0.29145423,0.24471256,0.24496496
1161055,0.2083097,0.20588683,0.18929733
1161056,0.49340633,0.43440318,0.5055815
1161057,0.30352145,0.39317524,0.27795464
1161058,0.2521063,0.17667617,0.20674403
1161059,0.2301262,0.27637824,0.24928221
1161060,0.34444627,0.24449995,0.26851332
1161061,0.37350672,0.40628693,0.3623874
1161062,0.2951253,0.21291968,0.29788157
1161063,0.295098,0.21998663,0.31614223
1161064,0.33092606,0.2752706,0.27625707
1161065,0.3328533,0.26834846,0.3210111
1161066,0.21507506,0.174969,0.25415108
1161067,0.34709442,0.253438,0.37355152
1161068,0.18916065,0.1711757,0.21956268
1161069,0.12863775,0.11292771,0.15406196
1161070,0.16421597,0.15862714,0.18532047
1161071,0.24154559,0.21779601,0.2518948
1161072,0.295098,0.22658801,0.28599775
1161073,0.30408567,0.24550092,0.3431481
1161074,0.21994972,0.21665648,0.26453942
1161075,0.22070077,0.16318434,0.22650406
1161076,0.12266874,0.12050574,0.15279138
1161077,0.29332128,0.28408456,0.28216246
1161078,0.22820385,0.22658801,0.23807459
1161079,0.34025434,0.2441103,0.3153671
1161080,0.25704646,0.2822566,0.2606116
1161081,0.48431733,0.37851003,0.46771422
1161082,0.24741046,0.18199429,0.2407048
1161083,0.29674366,0.27044585,0.3212813
1161084,0.38050756,0.25832212,0.3829927
1161085,0.29681253,0.23591414,0.288966
1161086,0.24573329,0.19182736,0.27052462
1161087,0.18403395,0.1709374,0.14677174
1161088,0.09530716,0.08470365,0.09198728
1161089,0.19895184,0.1691253,0.18930554
1161090,0.3054817,0.25042298,0.25175792
1161091,0.2181357,0.2050678,0.24531072
1161092,0.35533357,0.3784876,0.32475704
1161093,0.3204744,0.29661882,0.30549997
1161094,0.17380635,0.24323286,0.18858305
1161095,0.17150311,0.1459443,0.17741211
1161096,0.42024952,0.46239755,0.3720874
1161097,0.28741083,0.3409026,0.2826864
1161098,0.24960977,0.26811752,0.24367793
1161099,0.4391968,0.39073667,0.40601277
1161100,0.3562173,0.31324774,0.3391386
1161101,0.4207132,0.47521415,0.37523234
1161102,0.15059403,0.12582698,0.16573972
1161103,0.2163345,0.1783971,0.2288535
1161104,0.3001475,0.24842113,0.27256763
1161105,0.24721977,0.20435648,0.21395604
1161106,0.2476459,0.19763899,0.22517751
1161107,0.15838306,0.1372538,0.18856542
1161108,0.18482068,0.14537896,0.17191653
1161109,0.29193884,0.2016349,0.27344313
1161110,0.24401385,0.22770979,0.21559358
1161111,0.2291052,0.19382317,0.20199175
1161112,0.16113283,0.14211725,0.20139328
1161113,0.2534385,0.24039593,0.24303183
1171001,0.22177948,0.22566031,0.21141931
1171002,0.17144862,0.19574426,0.25636435
1171003,0.20939359,0.23883818,0.251522
1171004,0.15059403,0.14055683,0.17981979
1171005,0.2989064,0.3022953,0.29910055
1171006,0.13543847,0.10305546,0.13606687
1171007,0.1046156,0.09133388,0.13119847
1171008,0.1212559,0.085061535,0.109483056
1171009,0.15110895,0.1259447,0.22292937
1171010,0.15726604,0.20015141,0.21732494
1171011,0.113310896,0.082832985,0.106741324
1171012,0.123099394,0.116704404,0.14329863
1171013,0.18180686,0.14600855,0.25873756
1171014,0.24941245,0.20171091,0.25629696
1171015,0.24599321,0.20850198,0.27436748
1171016,0.2981752,0.24355143,0.28344142
1171017,0.23625687,0.21665683,0.2778167
1171018,0.14515682,0.09596122,0.16482778
1171019,0.2165286,0.23465383,0.255889
1171020,0.18020502,0.1586692,0.23285845
1171021,0.16915129,0.13298088,0.21777883
1171022,0.3065148,0.27720237,0.31452924
1171023,0.3187713,0.2384231,0.3428751
1171024,0.21906966,0.20428973,0.2278276
1171025,0.21477345,0.1377032,0.17688972
1171026,0.17234263,0.19091669,0.2564674
1171027,0.20823662,0.15008336,0.20286375
1171028,0.15059403,0.09963927,0.20792887
1171029,0.13215518,0.107544765,0.16576381
1171030,0.16090982,0.18013391,0.19648354
1171031,0.10825938,0.117217444,0.14419344
1171032,0.31575257,0.25812545,0.3406667
1171033,0.3058741,0.25285658,0.26352885
1181001,0.16689338,0.22302069,0.24102518
1181002,0.12063835,0.14545633,0.12555096
1181003,0.17276481,0.17998241,0.13542843
1181004,0.13579896,0.12908807,0.1391493
1181005,0.49345806,0.5381933,0.49033797
1181006,0.11853792,0.119115606,0.10484082
1181007,0.29523495,0.30927354,0.3341211
1181008,0.06592406,0.068191834,0.085500464
1181009,0.6564613,0.6699501,0.644086
1181010,0.26711428,0.24877335,0.26778197
1181011,0.25377932,0.31103808,0.25114718
1181012,0.18312575,0.17465198,0.20019773
1181013,0.2186259,0.22787818,0.17782623
1181014,0.23517866,0.22396211,0.2275371
1181015,0.17644405,0.17074151,0.20220044
1181016,0.16612825,0.1845582,0.1905446
1181017,0.10608743,0.07393635,0.09464533
1181018,0.15704727,0.14029327,0.18978982
1181019,0.5577778,0.6037583,0.45894274
1181020,0.06025181,0.06345418,0.061996702
1191001,0.1377511,0.12117195,0.15132038
1191004,0.06763617,0.048964463,0.076917365
1191005,0.11393741,0.11401925,0.10963626
1191006,0.0661204,0.06080812,0.07098592
1191007,0.32533696,0.297567,0.2856733
1191008,0.16464865,0.12986438,0.12648961
1191009,0.07930627,0.06582708,0.06292528
1191010,0.07387944,0.07496214,0.08703564
1191011,0.092130125,0.052736096,0.09010241
1191012,0.07387944,0.052992195,0.079934746
1191013,0.15944615,0.095435664,0.12192194
1191014,0.33120954,0.32697213,0.32677478
1191016,0.11696045,0.095246226,0.13857162
1191017,0.35366333,0.27312326,0.29276434
1191018,0.06265729,0.07774409,0.085065626
1191019,0.09576067,0.0738551,0.096578486
1191020,0.123596996,0.083806135,0.09347582
1191021,0.061115853,0.053108886,0.06535842
1191022,0.16002965,0.123748586,0.14023
1191025,0.08380624,0.09812031,0.08703564
1191026,0.097473264,0.053952236,0.08212254
1191029,0.14745642,0.124694414,0.1356008
1191030,0.31274447,0.25874135,0.31176698
1191031,0.051758,0.054195296,0.07574351
1191032,0.09754178,0.09914428,0.100092754
1191033,0.13605095,0.10433909,0.08211077
1191034,0.07848731,0.022191882,0.058293857
1191037,0.1481348,0.07481041,0.11988806
1191038,0.10241738,0.06571293,0.07126715
1191039,0.10683112,0.053952236,0.08174095
1191041,0.07387944,0.063530765,0.09595401
1191042,0.20785937,0.14772885,0.18196559
1191044,0.07271147,0.05796549,0.08700028
1191045,0.151565,0.1086881,0.090787016
1191046,0.083017424,0.060726862,0.08212254
1191047,0.10241738,0.06705123,0.11072116
1191048,0.063399255,0.07393635,0.06960559
1191049,0.059094205,0.07880206,0.080299914
1191051,0.12367007,0.1231374,0.16595185
1201002,0.38096306,0.35510767,0.32892108
1201005,0.25376254,0.29467046,0.2536564
1201006,0.26001063,0.31707436,0.2686384
1201010,0.13399869,0.12031615,0.13381547
1201012,0.6868494,0.625244,0.7124969
1201014,0.08381249,0.07828902,0.10364705
1201021,0.26182535,0.3017467,0.27122974
1201023,0.23638293,0.24294516,0.19938424
1201025,0.29779604,0.31616086,0.27453178
1201026,0.5457533,0.50070244,0.5150246
1201028,0.3645244,0.38300452,0.40955836
1201029,0.75572443,0.67775595,0.7215789
1201030,0.087369025,0.09862155,0.121702656
1201031,0.44331682,0.50905323,0.43329513
1201033,0.16689338,0.1337172,0.21191926
1201039,0.20164806,0.24556868,0.20533204
1201040,0.7401631,0.72980666,0.740126
1201041,0.5330757,0.5488036,0.5371213
1201042,0.26020032,0.28870964,0.22068587
1201043,0.17996696,0.1712904,0.22234437
1201044,0.23040679,0.29165444,0.239305
1201045,0.123855464,0.10962325,0.13231003
1201051,0.7168101,0.614149,0.63280404
1201058,0.79413617,0.7297564,0.7552432
1201059,0.319809,0.31633157,0.30274403
1201063,0.16689338,0.13455169,0.14198902
1201064,0.39535075,0.4120629,0.4342419
1201066,0.30305773,0.32644415,0.29715094
1201067,0.13223329,0.11061734,0.15787965
1201068,0.2074086,0.33332297,0.28432125
1201070,0.51949245,0.5225317,0.43510854
1201072,0.52714425,0.48963583,0.4783922
1201073,0.38813192,0.39677727,0.42468175
1201075,0.18659939,0.27987546,0.23412335
1201077,0.23253644,0.26904148,0.2721834
1201079,0.13466214,0.10888606,0.16412231
1201083,0.113746,0.12641326,0.1635748
1201084,0.14663623,0.14787915,0.19008924
1201085,0.7282519,0.712113,0.72001255
1201087,0.3991798,0.40791708,0.3634896
1201090,0.3473134,0.38872403,0.29122618
1201091,0.12236048,0.09866879,0.13045613
1201095,0.74651575,0.6349871,0.6615499
1201102,0.27400813,0.35707128,0.28285524
1201103,0.2889417,0.31365997,0.27632126
1201107,0.10882372,0.09878836,0.16537909
1201115,0.12801416,0.0917286,0.1326053
1201124,0.4742927,0.46861523,0.44000867
1201126,0.74761593,0.7707976,0.7423237
1201131,0.34473795,0.4581858,0.39484733
1201134,0.5908157,0.48037893,0.60028595
1201135,0.47009364,0.48451054,0.40778774
1201136,0.54930943,0.4774327,0.5160729
1201141,0.50459874,0.5138883,0.47647184
1201143,0.4509823,0.4487313,0.4373259
1201145,0.16751152,0.16227986,0.1393211
1201150,0.26628888,0.29132298,0.22800674
1201153,0.3885967,0.41382515,0.3913581
1201157,0.08395986,0.067678794,0.08318743
1201166,0.43085718,0.42131853,0.38924515
1201171,0.7305999,0.70170003,0.6747911
1201174,0.09993445,0.07828902,0.1098575
1201177,0.31355092,0.3290322,0.29204032
1201178,0.20164806,0.16856335,0.21238649
1201184,0.16437508,0.26463628,0.21869555
1201185,0.36042434,0.4383209,0.43059766
1201188,0.69218814,0.61919314,0.6676188
1201190,0.46019253,0.48009557,0.43275082
1201197,0.3029253,0.33609655,0.36479235
1201198,0.50384635,0.62856054,0.46658134
1201202,0.6016619,0.6718229,0.53355604
1201205,0.5969207,0.60662836,0.56366813
1201207,0.5952327,0.57968616,0.6143442
1201217,0.13685709,0.09140013,0.18627462
1201218,0.6062577,0.48925298,0.5470196
1201219,0.791557,0.7312182,0.74377567
1201220,0.5089432,0.5486024,0.49032235
1201221,0.72006106,0.63187164,0.5950581
1201222,0.70015883,0.61882275,0.62133634
1201223,0.44564247,0.49736407,0.40965647
1201224,0.46972644,0.4166013,0.50942343
1201225,0.4779363,0.5229054,0.49197817
1201226,0.3756781,0.4094659,0.37044692
1201227,0.09348884,0.07714211,0.107364304
1201228,0.19482048,0.21684098,0.25790453
1201229,0.19430555,0.21399517,0.2525976
1201230,0.25522143,0.31702957,0.32562956
1201231,0.42438886,0.45352015,0.4400117
1201232,0.13399869,0.1867476,0.12872297
1201233,0.4149133,0.41667527,0.42563596
1201234,0.23669423,0.32831576,0.26395065
1201235,0.60648763,0.54749346,0.5792736
1201236,0.28834456,0.3583793,0.30150038
1201237,0.61872345,0.65083075,0.5514754
1201238,0.22057374,0.28654146,0.23878671
1201239,0.3589324,0.3877467,0.35320598
1201240,0.4487181,0.5014919,0.6169427
1201241,0.42112026,0.39799166,0.38175339
1201242,0.374799,0.37673947,0.36195743
1201243,0.51505584,0.5621224,0.550619
1201244,0.13377471,0.13382404,0.16113028
1201245,0.28309858,0.36081874,0.29286367
1201246,0.1421892,0.15947673,0.131213
1201247,0.4168323,0.44913262,0.46334946
1201248,0.076968364,0.0677631,0.079375155
1201249,0.4673975,0.42091218,0.44999406
1201250,0.36895627,0.39810508,0.3542534
1201251,0.5421998,0.48796454,0.5082334
1201252,0.10336163,0.09373537,0.13443093
1201253,0.59172744,0.5684682,0.53179663
1201254,0.5692106,0.57176524,0.5077689
1201255,0.60593444,0.5621803,0.6090485
1201256,0.14438191,0.12762718,0.14969964
1201257,0.09500416,0.066567436,0.13199437
1201258,0.6045089,0.53395617,0.5195342
1201259,0.26317227,0.32797498,0.25765225
1201260,0.33667815,0.40635914,0.3384934
1201261,0.114260934,0.114474416,0.13696902
1201262,0.3153035,0.28330085,0.25737736
1201263,0.1724632,0.21168765,0.1745952
1201264,0.7857965,0.6441071,0.69541466
1201265,0.10426088,0.065825246,0.094505906
1201266,0.17126696,0.19920762,0.14590602
1201267,0.44911587,0.42237285,0.41717044
1201268,0.5031199,0.5435309,0.5168449
1201269,0.25374645,0.31203064,0.2397971
1201270,0.27028725,0.2204486,0.23973979
1201271,0.6890947,0.61385846,0.60965365
1201272,0.58409286,0.6017859,0.52030826
1201273,0.5405217,0.52482927,0.45343712
1201274,0.48782018,0.506376,0.41578263
1201275,0.41546324,0.4721424,0.42554095
1201276,0.48172066,0.459537,0.52302015
1201277,0.40816754,0.38810316,0.33728656
1201278,0.43874422,0.48039058,0.39652905
1201279,0.40007964,0.41168794,0.408933
1201280,0.66668874,0.6901899,0.6898226
1201281,0.3667571,0.4121946,0.36429483
1201282,0.19296592,0.3078852,0.23980018
1201283,0.4310937,0.4890789,0.41764548
1201284,0.30058432,0.42834234,0.34474885
1201285,0.36460465,0.3857696,0.31337428
1201286,0.23071067,0.26831505,0.23704807
1201287,0.70037895,0.7175062,0.69831014
1201288,0.53218204,0.5661785,0.49410743
1201289,0.54729754,0.58285505,0.50854796
1201290,0.70175505,0.5449296,0.64030427
1201291,0.22871047,0.16633956,0.24581863
1201292,0.6174638,0.6885821,0.568538
1201293,0.49168712,0.5320418,0.5279024
1201294,0.32104364,0.3268142,0.27886897
1201295,0.5302059,0.58365524,0.5254183
1201296,0.2701443,0.20724235,0.23734695
1201297,0.3529099,0.31331792,0.40325862
1201298,0.38939103,0.39146796,0.35708132
1201299,0.482447,0.4614432,0.44866586
1201300,0.44761866,0.52364594,0.48534372
1201301,0.39462453,0.47827888,0.39121246
1201302,0.3673149,0.3026629,0.28075767
1201303,0.14261764,0.14314327,0.19421954
1201304,0.20689368,0.30893904,0.24369936
1201305,0.15748905,0.24126716,0.21662636
1201306,0.38469377,0.4110616,0.41153264
1201307,0.39778474,0.5712404,0.44209298
1201308,0.27306718,0.2970546,0.3042326
1201309,0.15878487,0.22632241,0.18047546
1201310,0.18797696,0.12141762,0.19131911
1201311,0.15781239,0.20674042,0.26469535
1201312,0.40443125,0.45529625,0.4432461
1201313,0.5521586,0.6058095,0.52869606
1201314,0.26311463,0.31918377,0.19338262
1201315,0.3268042,0.35388252,0.27459022
1211001,0.32250866,0.29706636,0.3260402
1211002,0.39950922,0.4435273,0.43744192
1211003,0.28949547,0.2784869,0.30330595
1211004,0.3309546,0.33698913,0.38482374
1211005,0.6950829,0.66771,0.65676
1211006,0.66577363,0.54340947,0.67144704
1211008,0.2836652,0.26449978,0.3045342
1211010,0.52029634,0.57287014,0.5796299
1211012,0.30721048,0.358809,0.40879515
1211013,0.29033867,0.25455227,0.27587655
1211014,0.6187667,0.54321826,0.6021828
1211015,0.14638397,0.16072133,0.20815006
1211016,0.40712363,0.47288978,0.44462174
1211017,0.36307326,0.41726285,0.39474517
1211019,0.19116472,0.18571524,0.24212399
1211020,0.31266016,0.3030653,0.38985962
1211022,0.4366053,0.46415237,0.53261083
1211023,0.6237121,0.64657485,0.6400526
1211025,0.33795556,0.36437696,0.26151633
1211026,0.38140157,0.34275648,0.38218194
1211029,0.50784725,0.60632217,0.5098477
1211033,0.5556317,0.58098257,0.55238426
1211034,0.25955895,0.20458409,0.25832057
1211035,0.29613873,0.26746917,0.23689498
1211036,0.74996394,0.6355149,0.76625806
1211038,0.24270487,0.33195424,0.35062522
1211039,0.66828716,0.5880763,0.58576095
1211040,0.36235425,0.37615994,0.4306694
1211041,0.071893066,0.07393635,0.10270427
1211043,0.5519892,0.48535642,0.4762954
1211044,0.34819722,0.3674052,0.4104342
1211045,0.33880973,0.26273564,0.34487996
1211046,0.3763568,0.32098475,0.3570029
1211047,0.3129883,0.30199543,0.3459829
1211048,0.3204289,0.2692366,0.31428003
1211049,0.74796575,0.62829995,0.77564675
1211050,0.66361827,0.6074416,0.69106483
1211051,0.32102373,0.2588988,0.28220966
1211053,0.29158732,0.2214946,0.26132238
1211054,0.35098806,0.30879888,0.34963804
1211055,0.4222257,0.56172913,0.44558045
1211057,0.5315219,0.54847324,0.44863296
1211058,0.5905005,0.62725747,0.61655
1211060,0.4496125,0.4409334,0.50388426
1211061,0.75314593,0.71142197,0.75881845
1211062,0.2993694,0.25806656,0.25557432
1211063,0.34025434,0.30994964,0.37453246
1211064,0.52300245,0.48876032,0.43707547
1211065,0.3219427,0.34051964,0.45655712
1211067,0.33790696,0.27964455,0.33911902
1211068,0.69267774,0.63429374,0.67183936
1211069,0.43352896,0.43722478,0.4592212
1211070,0.5437491,0.7447292,0.54678094
1211071,0.20113313,0.30820414,0.25113323
1211072,0.7363604,0.6268636,0.63005584
1211073,0.371163,0.3960847,0.34902576
1211074,0.2661165,0.2020394,0.23875313
1211075,0.49976125,0.4697689,0.464521
1211076,0.49168712,0.4179621,0.4899282
1211077,0.79989666,0.68815,0.7023807
1211078,0.8153098,0.7281465,0.7434706
1211079,0.34822276,0.30663854,0.3426152
1211082,0.24518937,0.28222635,0.30150506
1211083,0.5832036,0.61015224,0.6117795
1211084,0.70878845,0.578911,0.64410114
1211085,0.22899784,0.17917588,0.23305702
1211086,0.5215974,0.42959234,0.5058583
1211087,0.5210263,0.5382073,0.4785053
1211088,0.4935306,0.587025,0.50411177
1211089,0.58732635,0.5475482,0.54201835
1211090,0.28965473,0.23892757,0.27789748
1211091,0.14529759,0.15701675,0.19293402
1211092,0.57177085,0.59365106,0.5929578
1211093,0.47019818,0.5182903,0.5666795
1211094,0.28550532,0.23325808,0.30829966
1211098,0.4001384,0.4303753,0.3854267
1211099,0.37410027,0.3296014,0.3815369
1211100,0.788041,0.7485045,0.7530888
1211101,0.56218624,0.53042316,0.56771725
1211102,0.2845625,0.2950738,0.37385127
1211103,0.40534708,0.50124395,0.45547405
1211104,0.27861586,0.3352853,0.40840605
1211105,0.365297,0.35891178,0.34282488
1211106,0.33359957,0.27742806,0.38933727
1211107,0.6968885,0.6268636,0.7291904
1211108,0.31015858,0.2709146,0.3024143
1211109,0.56596863,0.52243996,0.65858734
1211110,0.43226975,0.44622284,0.55150706
1211111,0.4788303,0.5029333,0.49014908
1211112,0.4387561,0.53718853,0.5101211
1211113,0.4288084,0.5714604,0.35521796
1211114,0.14658976,0.107544765,0.13035552
1211115,0.3285817,0.37098625,0.44377005
1211116,0.55246824,0.59865725,0.63925636
1211117,0.2296753,0.19189832,0.19802602
1211118,0.3489019,0.32982218,0.4540467
1211119,0.098393016,0.06080812,0.0870629
1211120,0.5686066,0.63131046,0.5934024
1211122,0.3197877,0.24840906,0.2932852
1211123,0.7128384,0.675748,0.63378894
1211124,0.32744083,0.29024142,0.29930043
1211125,0.19116472,0.15074871,0.19430737
1211126,0.36475828,0.464041,0.47071427
1211128,0.2552463,0.25808796,0.31802693
1211129,0.30213365,0.32814535,0.4049389
1211132,0.15748905,0.15294832,0.20147853
1211134,0.2956238,0.23589098,0.21873198
1211136,0.122965485,0.098934665,0.12888587
1211137,0.4489465,0.47338355,0.5038008
1211139,0.4227943,0.35357046,0.3458846
1211140,0.19558845,0.15355325,0.22060294
1211141,0.37154338,0.42654434,0.33019155
1211142,0.27514297,0.26042622,0.31704545
1211143,0.3065148,0.20683229,0.24182996
1211144,0.29133093,0.20861995,0.302651
1211145,0.74996394,0.7323733,0.7544592
1211147,0.49299327,0.5253056,0.46777868
1211148,0.42204368,0.41774976,0.45846552
1211149,0.2977745,0.28780386,0.29853484
1211150,0.57177085,0.6285371,0.48224655
1211151,0.33661056,0.28780776,0.30868757
1211152,0.3340696,0.3587346,0.3492951
1211153,0.3457586,0.24477287,0.35401016
1211154,0.21614547,0.24149723,0.21815242
1211155,0.37132815,0.33823872,0.387754
1211156,0.15605754,0.2050945,0.22700495
1211157,0.39400172,0.38917163,0.38373497
1211158,0.49897984,0.48457226,0.4278492
1211159,0.5409659,0.6671857,0.63881963
1211161,0.30500224,0.2660796,0.28575316
1211162,0.6463032,0.58516175,0.6199546
1211163,0.30389252,0.27093664,0.3644943
1211164,0.3170536,0.24700277,0.30020797
1211166,0.35638505,0.38878313,0.3787111
1211167,0.74996394,0.6842494,0.7665627
1211168,0.53716546,0.567306,0.52212876
1211169,0.3840302,0.3103186,0.33189538
1211170,0.42208385,0.3785969,0.46969467
1211171,0.28192785,0.23578197,0.26341775
1211172,0.3986707,0.48497635,0.47406906
1211173,0.14813119,0.14653243,0.12968317
1211174,0.15748905,0.13727269,0.14592282
1211175,0.32864025,0.31797513,0.33380818
1211176,0.40687174,0.34018558,0.3241812
1211177,0.43650004,0.48492807,0.39769575
1211178,0.7665298,0.6663061,0.79385966
1211179,0.38726985,0.41416156,0.43736276
1211180,0.3065148,0.2808438,0.3100146
1211181,0.34209445,0.2931804,0.3118736
1211182,0.38926286,0.4249959,0.47146198
1211183,0.7401631,0.66573817,0.6568672
1211184,0.642745,0.55659133,0.6043657
1211185,0.46801722,0.37316945,0.42644498
1211186,0.31235775,0.29103655,0.29088736
1211187,0.58778703,0.5875919,0.6271938
1211188,0.42948848,0.47961143,0.5719936
1211189,0.3219491,0.24661936,0.30925763
1211191,0.31527266,0.2763329,0.40924653
1211192,0.5185491,0.5278886,0.47404596
1211193,0.63530713,0.60173935,0.6072792
1211194,0.35594767,0.36188278,0.33618844
1211195,0.69962406,0.65577304,0.7326181
1211197,0.32883662,0.36062407,0.37472105
1211199,0.28560168,0.34023046,0.41978484
1211200,0.58191603,0.52759236,0.5555222
1211202,0.6761119,0.48108065,0.6137928
1211203,0.34664237,0.37313724,0.39412314
1211204,0.33150497,0.38919964,0.3734199
1211205,0.27071846,0.29349294,0.33972898
1211206,0.45381114,0.47027922,0.44034392
1211207,0.33886048,0.37910944,0.4221248
1211208,0.25677165,0.25388578,0.2939789
1211209,0.3866144,0.51153195,0.4525362
1211210,0.4403443,0.44099963,0.54784054
1211211,0.15748905,0.21627444,0.22762513
1211212,0.554316,0.49832207,0.5514864
1211213,0.70132804,0.67702407,0.61664116
1211214,0.29179856,0.23395792,0.27174762
1211215,0.52330464,0.509406,0.5599162
1211216,0.74996394,0.73309183,0.7878489
1221001,0.34819722,0.33735728,0.37441438
1221002,0.44393697,0.54204273,0.39574438
1221003,0.3355098,0.29628125,0.29803985
1221004,0.3204289,0.29668087,0.28007475
1221005,0.25221452,0.19601569,0.2508862
1221006,0.06592406,0.07393635,0.083418995
1221007,0.20626044,0.17630765,0.24079858
1221008,0.25221452,0.23325492,0.2511627
1221009,0.22993158,0.2293217,0.22697279
1221010,0.40193763,0.4581194,0.3758416
1221011,0.08476836,0.07342331,0.0957843
1221012,0.17869891,0.14917946,0.21292703
1221013,0.43028805,0.37693155,0.34388646
1221014,0.09884102,0.06080812,0.07154364
1221015,0.26375064,0.28469783,0.27970085
1221016,0.08948315,0.09870281,0.0893476
1221017,0.15893365,0.10307438,0.19464524
1221018,0.28486112,0.29343283,0.30501235
1231001,0.06025181,0.07393635,0.054009575
1231002,0.30929092,0.3277841,0.24274324
1231003,0.13428614,0.15707047,0.12358162
1231004,0.12907192,0.16592453,0.12664218
1231005,0.063895576,0.091853306,0.09230497
1231006,0.35693547,0.36704892,0.32675874
1231007,0.3862075,0.32308412,0.31230342
1231008,0.16761078,0.12859215,0.13894318
1231009,0.14131896,0.13458309,0.11718901
1231010,0.3453993,0.33986098,0.30428755
1241001,0.33320355,0.3616059,0.34586
1241003,0.6155213,0.664714,0.5636849
1241004,0.55096126,0.49789843,0.43604696
1241005,0.25596932,0.2500835,0.28783017
1241006,0.44906002,0.47454405,0.35966513
1241007,0.22730409,0.16310976,0.21950895
1241008,0.21816824,0.19236009,0.2550854
1241009,0.18384334,0.16749799,0.17567463
1241010,0.38028458,0.35228452,0.35559303
1241011,0.15059403,0.13587801,0.18189286
1241012,0.5090094,0.5907626,0.504037
1241013,0.15177497,0.14999272,0.13532847
1241014,0.65924305,0.61661017,0.58202493
1241015,0.2831289,0.27744398,0.22037736
1241016,0.21031156,0.21697666,0.2087588
1241017,0.47487992,0.475126,0.44282755
1241018,0.5417489,0.5404864,0.480065
1241020,0.1216062,0.14066617,0.14567254
1241021,0.32094383,0.30035463,0.29847005
1241022,0.36308748,0.27599427,0.25236997
1241023,0.319443,0.4523268,0.30910793
1241024,0.16202684,0.15635201,0.24136336
1241025,0.28418013,0.21127889,0.27012947
1241026,0.68774337,0.6113058,0.6190316
1241027,0.25946498,0.37103844,0.2895916
1241028,0.11116273,0.0761971,0.1051789
1241029,0.574864,0.7104144,0.5085815
1241031,0.5577778,0.672865,0.6772916
1241032,0.36200294,0.332566,0.2856487
1241033,0.38140157,0.37952602,0.39683843
1241034,0.441173,0.3921174,0.34895498
1241035,0.103201434,0.09870281,0.09611383
1241036,0.40193763,0.42269623,0.34241274
1241037,0.381482,0.4120969,0.44460136
1241038,0.537829,0.6046595,0.54372483
1241039,0.45905146,0.5452581,0.4442102
1241040,0.21038465,0.20802692,0.21195956
1241041,0.6763106,0.5865153,0.6192037
1241042,0.23672813,0.32295913,0.2737863
1241043,0.35396466,0.4271595,0.286214
1241044,0.42754543,0.45752704,0.404021
1241045,0.32533696,0.3351964,0.27318674
1241046,0.34358725,0.31849325,0.31406465
1241047,0.519052,0.57654786,0.44768742
1241048,0.23201211,0.16626492,0.20907272
1241049,0.373683,0.29907763,0.4128563
1241050,0.29674366,0.25559047,0.30577114
1241051,0.31643504,0.2666492,0.27590147
1241052,0.34334752,0.31522465,0.32263154
1241053,0.48330262,0.48537844,0.5284648
1241054,0.4846472,0.49797404,0.47215107
1241055,0.3173298,0.28803438,0.30908057
1241056,0.33092606,0.29739752,0.30282164
1241057,0.52317244,0.5946879,0.48671645
1241058,0.29158038,0.23818313,0.21531366
1251001,0.11152464,0.08288663,0.08171013
1251002,0.12474947,0.15404552,0.1319722
1251003,0.38923872,0.41378742,0.40762305
1251004,0.1948085,0.25329936,0.20895728
1251005,0.26588216,0.25649604,0.24302638
1251006,0.08984506,0.07393635,0.08407042
1251007,0.27144343,0.26025218,0.23272476
1251008,0.23033899,0.21570833,0.20810325
1251009,0.1674083,0.20256253,0.22530963
1251010,0.21422017,0.22681963,0.18313634
1251011,0.13321331,0.09224164,0.098913565
1251012,0.107880875,0.068191834,0.084260724
1251013,0.23720916,0.23330805,0.1853781
1251014,0.18680799,0.23311451,0.22421744
1251015,0.10808057,0.08571023,0.092436805
1251016,0.30371016,0.30814916,0.28322768
1251017,0.27204943,0.24234806,0.24428347
1251018,0.17288849,0.20559178,0.17001815
1261001,0.11393741,0.088179,0.08716261
1261002,0.063895576,0.07431066,0.065271564
1261003,0.23032264,0.28274667,0.25004435
1261004,0.17881593,0.07923974,0.13838388
1261006,0.080587715,0.088469476,0.072631836
1261012,0.16202684,0.18825895,0.15605876
1261014,0.107587926,0.16551645,0.15631023
1261016,0.12731385,0.13192266,0.102737635
1261017,0.11152464,0.06809534,0.07748556
1261018,0.12242395,0.07662907,0.092285044
1261019,0.06758802,0.0717078,0.08464036
1261020,0.15580542,0.14621687,0.11380783
1261021,0.2533449,0.14376369,0.23085189
1261023,0.10850724,0.11822655,0.10250248
1261025,0.106061146,0.08828432,0.08022512
1261026,0.2684451,0.37027204,0.2608892
1261027,0.08295005,0.07146794,0.062379327
1261029,0.11152464,0.086784005,0.080036156
1261030,0.09348884,0.07714211,0.07114157
1261033,0.16689338,0.1889138,0.24088253
1261035,0.106061146,0.057341088,0.08964119
1261036,0.08120528,0.073057525,0.08349884
1261038,0.07326027,0.073057525,0.09464932
1261039,0.09636454,0.06494221,0.077695206
1261041,0.067750536,0.07545319,0.08211484
1261042,0.13325979,0.1014243,0.13880241
1261043,0.06441051,0.08148085,0.097724766
1261045,0.20701191,0.21838877,0.21979788
1261047,0.12749924,0.10138886,0.08821224
1261048,0.07751284,0.07538436,0.09660849
1261049,0.36871305,0.3519623,0.3408122
1261051,0.27215597,0.2620244,0.22382519
1261052,0.17821345,0.21730262,0.16021954
1261055,0.10098585,0.087760806,0.0890601
1261056,0.3625969,0.28330618,0.3212111
1261058,0.106061146,0.06446189,0.08713704
1261066,0.1085002,0.07041972,0.07658769
1261069,0.278053,0.30810365,0.232734
1261071,0.1377511,0.112185925,0.11724594
1261072,0.2083097,0.22208199,0.19526067
1271001,0.34205675,0.37971812,0.29293433
1271002,0.17008916,0.16487314,0.17414737
1271003,0.3557151,0.3227186,0.33353606
1271004,0.08903516,0.07393635,0.07993271
1271005,0.18217501,0.19462727,0.19670863
1271006,0.25428843,0.24582614,0.22887836
1271007,0.1494742,0.17093681,0.15610522
1271008,0.21052092,0.273862,0.23060861
1271009,0.24654062,0.24690323,0.21171373
1271010,0.20260453,0.22970237,0.2263747
1271011,0.38018903,0.427794,0.3361066
1271012,0.26853696,0.22405471,0.23503096
1271013,0.1049214,0.10357742,0.11103177
1271014,0.10421701,0.08536107,0.11760232
1271015,0.4307824,0.45470712,0.40137228
1271016,0.28816217,0.28364122,0.22344828
1271017,0.27336165,0.28371838,0.25290215
1281001,0.17165306,0.17040417,0.15524608
1281002,0.21103702,0.22040948,0.19312447
1281003,0.08295005,0.09043113,0.09251661
1281004,0.22384393,0.20015395,0.19046754
1281007,0.13616088,0.06391366,0.106453344
1281008,0.44242394,0.34722444,0.3930422
1281009,0.08630887,0.06133594,0.081700675
1281011,0.19895184,0.21920393,0.19035596
1281012,0.2579439,0.27986434,0.24433875
1281013,0.2177453,0.20603271,0.25069815
1281014,0.10098585,0.017296528,0.0684431
1281015,0.14087568,0.09361268,0.12424199
1281016,0.24656576,0.24366462,0.26244083
1281017,0.3176317,0.3839461,0.33773455
1281018,0.11393741,0.14576794,0.14959434
1281019,0.33262858,0.24359721,0.28262794
1281021,0.15177497,0.10695443,0.121565625
1281022,0.08295005,0.09625848,0.087862186
1281023,0.23292765,0.18574661,0.19560717
1281024,0.09622271,0.0688595,0.092581935
1281025,0.0661565,0.06446189,0.093844265
1281027,0.12748294,0.117580645,0.08356761
1281028,0.24767862,0.18807815,0.2194207
1281029,0.37442446,0.333684,0.2829165
1281030,0.22099692,0.20059094,0.18353021
1281032,0.09384934,0.08270658,0.10738027
1281033,0.13616088,0.12688845,0.10113446
1281034,0.43803117,0.39463854,0.36705086
1281035,0.17146657,0.16791853,0.1817328
1281037,0.21590707,0.2026756,0.18353765
1281038,0.08630887,0.06133594,0.09449545
1281039,0.3939391,0.39685786,0.3454017
1281040,0.14690843,0.112718366,0.12508588
1281041,0.11152464,0.096771516,0.1083149
1281042,0.34135032,0.25313348,0.30763185
1281043,0.19592881,0.1686184,0.1579223
1291001,0.15205184,0.14311256,0.18617979
1291002,0.1469131,0.108242646,0.14761053
1291003,0.30640253,0.28694212,0.269737
1291004,0.34819722,0.35647127,0.3730976
1291005,0.13017918,0.10305546,0.123445645
1291006,0.18119156,0.20642763,0.19823799
1291007,0.30468655,0.28925833,0.371795
1291008,0.27328208,0.25367415,0.31774798
1291009,0.21664932,0.23708066,0.18833569
1291010,0.1857275,0.11926012,0.1822439
1291011,0.3065148,0.2714812,0.26644588
1291012,0.31015858,0.312834,0.37206247
1291013,0.28550532,0.2539719,0.28131226
1291014,0.34025434,0.25249368,0.2694603
1291015,0.19406714,0.21064821,0.20770486
1291016,0.27481994,0.2492136,0.3249326
1291017,0.29338282,0.28904545,0.2942339
1291018,0.26266488,0.27322954,0.27108333
1291019,0.21921259,0.21009184,0.2245094
1291020,0.21934138,0.20803179,0.16602835
1291021,0.14529759,0.18905762,0.16803452
1291022,0.25222424,0.21487567,0.24388239
1291023,0.30865782,0.28613517,0.29179206
1291024,0.16689338,0.1406937,0.18065253
1291025,0.26849455,0.2529734,0.26520923
1291026,0.14695024,0.1738668,0.18128382
1291027,0.24508373,0.25477654,0.27591708
1291028,0.26188713,0.28472176,0.28683522
1291029,0.17838104,0.17953229,0.2659199
1291030,0.40866894,0.39698362,0.4887997
1291031,0.14551874,0.14381564,0.143985
1291032,0.28119308,0.240866,0.23310271
1291033,0.080339864,0.07880206,0.11940727
1291034,0.31015858,0.19831894,0.24821752
1291035,0.27574387,0.2377128,0.23737234
1291036,0.1343983,0.10305546,0.14502329
1291037,0.40680194,0.38532346,0.5152834
1291038,0.15059403,0.12058196,0.1384491
1291039,0.2395544,0.19061625,0.24763638
1291040,0.2753256,0.24097005,0.26495185
1291041,0.24437658,0.17641982,0.24080855
1291042,0.17482822,0.123749405,0.18807092
1291043,0.076823354,0.07342331,0.09345969
1291044,0.20629616,0.15074871,0.19272706
1291045,0.29526946,0.20181683,0.2278734
1291046,0.4605304,0.4589752,0.45688927
1291047,0.3033802,0.23590112,0.27024657
1291048,0.27843663,0.2549125,0.25766885
1291049,0.19950435,0.16730732,0.21634343
1291050,0.31469402,0.3046454,0.34409738
1291051,0.17088749,0.1980434,0.23103568
1291052,0.26491022,0.31275123,0.36127913
1291053,0.22296385,0.25381616,0.28800988
1291054,0.20629616,0.23191576,0.25080633
1291056,0.28220075,0.24751914,0.24545568
1291057,0.34100333,0.24785663,0.37299114
1291058,0.24469991,0.26781604,0.26809666
1291059,0.29520586,0.2397546,0.28131756
1291060,0.25434744,0.26710868,0.22849794
1301001,0.40611246,0.3466996,0.43516093
1301002,0.39565468,0.37684843,0.40719584
1301003,0.16437508,0.21751335,0.20781821
1301004,0.29299557,0.21795774,0.2890015
1301005,0.24798313,0.24515134,0.29291242
1301006,0.44314656,0.3924483,0.42884737
1301007,0.317611,0.26653278,0.31955
1301008,0.5913654,0.58692086,0.51630074
1301009,0.32721782,0.25500888,0.2960871
1301010,0.49830794,0.4489528,0.52133816
1301011,0.17150971,0.11932541,0.2274142
1301012,0.48610258,0.38509208,0.37194297
1301013,0.1435946,0.09329652,0.17354497
1301014,0.20588018,0.21307264,0.22720127
1301015,0.28910074,0.24727866,0.3106052
1301016,0.09993445,0.059929285,0.08889127
1301017,0.25308162,0.1976258,0.20392318
1301019,0.6994105,0.5807838,0.5998413
1301020,0.8209102,0.64695746,0.688209
1301021,0.21796536,0.23340806,0.28050813
1301022,0.46518862,0.44101357,0.5316392
1301023,0.5015124,0.5181929,0.5081952
1301024,0.38971436,0.38195202,0.41919276
1301025,0.47154,0.49736577,0.6223349
1301026,0.13179469,0.108242646,0.12019712
1301027,0.6926099,0.58942914,0.5495869
1301028,0.080339864,0.0482077,0.095209725
1301029,0.72159433,0.66825217,0.7038469
1301030,0.18390921,0.15464783,0.2075544
1301031,0.3863564,0.4067022,0.41927838
1301032,0.25884882,0.33040544,0.28558287
1301033,0.4268808,0.39799166,0.37890902
1301034,0.14663623,0.12975062,0.12800348
1301035,0.39937547,0.4914395,0.40160486
1301036,0.29537997,0.28018916,0.28493986
1301037,0.50333065,0.5521093,0.48269954
1301038,0.14087568,0.107544765,0.1445251
1301039,0.09267894,0.072281435,0.12812546
1301040,0.16164775,0.13089295,0.12544313
1301042,0.4002912,0.39487225,0.39131796
1301043,0.5024808,0.5242279,0.49504095
1301044,0.15893787,0.13492084,0.1467519
1301045,0.15567979,0.18924078,0.22962551
1301046,0.48382542,0.48946998,0.50187415
1301047,0.4001288,0.4597764,0.41885555
1301048,0.15893787,0.17996475,0.16110852
1301049,0.20049872,0.14552426,0.22692664
1301050,0.4074974,0.4456771,0.45273495
1301051,0.4788303,0.49395645,0.48319548
1301052,0.27183366,0.27387807,0.276906
1301053,0.19532342,0.17786396,0.23242901
1301054,0.30357265,0.24382748,0.2715527
1301055,0.42410526,0.57193863,0.4002846
1301056,0.5432732,0.57636094,0.4471363
1301057,0.7202065,0.6299398,0.6244894
1301058,0.5321108,0.59792775,0.49825254
1301059,0.23961702,0.2668338,0.25606936
1301060,0.27761754,0.3214619,0.24472404
1301061,0.29363146,0.32591844,0.2572916
1301062,0.35873628,0.38662645,0.35737967
1301063,0.4512942,0.52534604,0.45547318
1301065,0.14087568,0.10260019,0.12599987
1301066,0.3991578,0.4099789,0.35330832
1301067,0.7375701,0.6713264,0.734624
1301068,0.13543847,0.108242646,0.15193136
1301069,0.19142434,0.27273253,0.26163876
1301070,0.47088742,0.4432629,0.4500037
1301071,0.24817681,0.31755564,0.3311333
1301072,0.36485454,0.3758013,0.34286097
1301073,0.45945463,0.3637677,0.40278825
1301074,0.20985657,0.20683864,0.20473664
1301075,0.34985235,0.3140756,0.3455383
1301076,0.72226024,0.71575856,0.7653815
1301077,0.22157583,0.2264024,0.23843457
1301078,0.5772024,0.4681028,0.47176364
1301079,0.5463981,0.57143664,0.6001121
1301080,0.4574555,0.47017452,0.47606477
1301081,0.1472146,0.1689859,0.20617932
1301082,0.17073596,0.20203428,0.19014771
1301083,0.61667424,0.56112975,0.5588057
1301084,0.28851274,0.24756202,0.27483466
1301085,0.14269398,0.12035073,0.174042
1301086,0.36257723,0.36607677,0.4620412
1301087,0.11116273,0.072544485,0.11578843
1301088,0.3586637,0.26689702,0.31832457
1301089,0.18447822,0.22758102,0.2188663
1301090,0.19644374,0.1400433,0.18427485
1301091,0.41023445,0.39947733,0.3708795
1301092,0.34563556,0.31762528,0.35653475
1301093,0.2580055,0.23404823,0.26138365
1301094,0.25978738,0.3240522,0.26787618
1301095,0.40443125,0.49978408,0.44229066
1301097,0.13764247,0.09059171,0.19111803
1301099,0.35932913,0.38152468,0.35095066
1301100,0.22384393,0.16252127,0.26321673
1301101,0.269424,0.37058932,0.31604415
1301102,0.14685269,0.13701403,0.18823627
1301103,0.72573334,0.6143792,0.6303376
1301104,0.5213172,0.47421142,0.54142886
1301105,0.12293887,0.068191834,0.12358417
1301106,0.45004207,0.41604492,0.50427943
1301108,0.1359534,0.119645394,0.14179865
1301109,0.2682184,0.2895767,0.2627772
1301110,0.844179,0.8239112,0.7772661
1301111,0.24050033,0.24249056,0.22627088
1301112,0.22284259,0.20235898,0.24827224
1301113,0.39727148,0.39344168,0.43229243
1301114,0.30377293,0.31503645,0.32565778
1301115,0.18540417,0.15584786,0.212446
1301116,0.19005024,0.2623378,0.18577828
1301117,0.47338104,0.41867897,0.45175296
1301118,0.123099394,0.10276338,0.13044062
1301119,0.19644374,0.17947303,0.20101653
1301120,0.26988092,0.2479768,0.22040388
1301121,0.33789453,0.31827864,0.27946734
1301122,0.53689665,0.44761142,0.51169354
1301123,0.2272633,0.21860878,0.21243177
1301124,0.17949349,0.20536645,0.22136302
1301125,0.26916462,0.25223666,0.24399062
1301126,0.21345505,0.17121796,0.21872291
1301127,0.81776446,0.6665745,0.7814591
1301128,0.28550532,0.23768136,0.28752455
1301129,0.35493684,0.40165684,0.35660577
1301130,0.36246687,0.37457395,0.34267917
1301131,0.13223329,0.10612651,0.13803828
1301132,0.3556369,0.29772478,0.32390347
1301133,0.13738997,0.13590081,0.17590353
1301134,0.19233182,0.20057228,0.21328905
1301135,0.36079738,0.36022496,0.3627154
1301136,0.22103812,0.18164197,0.25394166
1301137,0.7351518,0.6350392,0.60746026
1301138,0.1046156,0.097823985,0.1406075
1301139,0.20350951,0.22206031,0.26443648
1301140,0.5720261,0.5778573,0.5892064
1301141,0.19753583,0.2467135,0.22540765
1301142,0.44603953,0.3650418,0.41164362
1301143,0.36361274,0.31840107,0.36274794
1301144,0.43623865,0.4188066,0.40195724
1301145,0.24100327,0.27602032,0.22767751
1301146,0.3679582,0.3201537,0.3450839
1301147,0.7794558,0.71792847,0.68513
1301148,0.22871047,0.17833969,0.25389174
1301149,0.65674925,0.5300057,0.6181545
1301150,0.4016025,0.39745417,0.32475954
1301151,0.3652858,0.26283202,0.2894533
1301152,0.32094458,0.26973927,0.27316654
1301153,0.39934644,0.45230767,0.3225946
1301154,0.46157452,0.486411,0.4147489
1301155,0.33102256,0.42069724,0.3389229
1301156,0.5905005,0.6200642,0.5115867
1301157,0.43246552,0.4386021,0.33856285
1301158,0.3282139,0.3063973,0.32568017
1301159,0.80356103,0.74244326,0.71190935
1301160,0.34342477,0.2962936,0.31817707
1301161,0.345579,0.3745482,0.30615157
1301162,0.516326,0.49998283,0.5260705
1301163,0.47106823,0.5633186,0.49171734
1301164,0.1868946,0.2098443,0.25014415
1301165,0.5868931,0.553524,0.62249595
1301166,0.44232512,0.46054137,0.41220894
1301167,0.36004356,0.40113863,0.337816
1301168,0.6994105,0.6124448,0.595756
1301169,0.29638037,0.25036725,0.27385142
1301170,0.78072125,0.70680845,0.669828
1301171,0.6178346,0.4527895,0.5244874
1301172,0.47575396,0.40925837,0.43850142
1301173,0.5081155,0.5089174,0.5190323
1301174,0.1522899,0.115197316,0.17064093
1301175,0.18310875,0.24542117,0.26009732
1301176,0.25543576,0.23040964,0.2531839
1301177,0.6312854,0.613433,0.52800995
1301178,0.22484654,0.18528278,0.28147689
1301179,0.31673494,0.34524325,0.32627445
1301180,0.6551931,0.5999658,0.5765038
1301181,0.2292254,0.1775049,0.25538713
1301182,0.18340524,0.22242765,0.22587799
1301183,0.22157967,0.22496662,0.23168546
1301184,0.74996394,0.68627644,0.62801224
1301185,0.38271627,0.39675793,0.41767505
1301186,0.21832159,0.22408397,0.23800628
1301187,0.5305531,0.5654283,0.54448026
1301188,0.46759516,0.45286274,0.4598187
1301189,0.11711487,0.086497106,0.16766366
1301191,0.13399869,0.07276065,0.12003693
1301192,0.20249164,0.22164138,0.22559138
1301193,0.10751896,0.058730997,0.089229345
1301194,0.40249324,0.40247425,0.4541312
1301195,0.7591634,0.6391173,0.60538465
1301196,0.21478006,0.2078125,0.27591968
1301197,0.42342296,0.43898085,0.4097913
1301198,0.4539824,0.4735476,0.46621805
1301199,0.28875,0.2930864,0.25850433
1301200,0.45248702,0.3673106,0.41367972
1301201,0.5561078,0.5126167,0.51669395
1301202,0.6868494,0.668698,0.7142333
1301203,0.58577377,0.5217499,0.53877556
1301204,0.15893787,0.1236577,0.20123434
1301205,0.22246984,0.25332445,0.21276219
1301206,0.07464313,0.07393635,0.09582102
1301207,0.20131028,0.19022234,0.2448635
1301208,0.1435946,0.1240761,0.19348845
1301209,0.55837715,0.42347178,0.5211046
1301210,0.5571106,0.49142206,0.51957566
1301211,0.24569583,0.16361067,0.2767066
1301212,0.51254165,0.5435309,0.49372482
1311001,0.2362248,0.25141257,0.27501595
1311002,0.2083097,0.16346115,0.19756325
1311003,0.34765878,0.33040226,0.28072986
1311004,0.24765761,0.19999184,0.23413858
1311005,0.22076835,0.22837828,0.26294708
1311006,0.25492084,0.2856571,0.25237644
1311007,0.2083097,0.14303006,0.17058954
1311008,0.48558766,0.40186283,0.4380735
1311009,0.13821313,0.13685115,0.16649045
1311011,0.19387655,0.20451428,0.18694487
1311012,0.35045436,0.35334006,0.29935363
1311013,0.123855464,0.058710933,0.10018684
1311015,0.30022684,0.20593871,0.24758682
1311017,0.50959355,0.5498536,0.51276433
1311018,0.27710846,0.28250945,0.23708159
1311019,0.5179483,0.61038595,0.65112394
1311020,0.18856296,0.14361507,0.17786197
1311021,0.40251982,0.4856115,0.39100868
1311023,0.17268695,0.13316365,0.14709394
1311024,0.31783533,0.3088393,0.325211
1311025,0.26535997,0.2763204,0.2834514
1311026,0.17762354,0.116371624,0.20431301
1311027,0.14307967,0.09506491,0.16106065
1311028,0.1964926,0.15381864,0.17591867
1311029,0.24868351,0.17795186,0.208673
1311030,0.4495805,0.38599336,0.403264
1311032,0.40659103,0.4409923,0.45380092
1311033,0.27147025,0.2629888,0.20946018
1311034,0.34235886,0.37714952,0.32299107
1311035,0.28911823,0.248889,0.2123768
1311036,0.2083097,0.22754365,0.2543227
1311037,0.24113736,0.2741413,0.25377795
1311038,0.19000444,0.12596278,0.18821514
1311039,0.1780062,0.13338879,0.17524847
1311040,0.2083097,0.20410487,0.22176081
1311041,0.09384934,0.09868436,0.15896209
1311042,0.29467133,0.32277623,0.30555212
1311043,0.35905632,0.42654794,0.3584479
1311044,0.18492915,0.15537648,0.21381992
1311045,0.27013734,0.26428807,0.23736294
1311046,0.3121048,0.2915247,0.35802862
1311047,0.25610062,0.27112886,0.2655236
1311048,0.31660086,0.23735596,0.2438711
1311049,0.58244586,0.61034536,0.6307729
1311050,0.11659994,0.06470163,0.118280984
1311051,0.19895184,0.12929246,0.19027047
1311052,0.2362248,0.17276742,0.17804201
1311053,0.2773342,0.23895338,0.24534148
1311054,0.24820396,0.17071286,0.2076375
1311055,0.32633212,0.27444214,0.29858398
1311056,0.31368515,0.3210066,0.28573272
1311057,0.24079564,0.3698415,0.24418768
1311058,0.29799002,0.35856616,0.3493173
1311059,0.10998179,0.04976066,0.100667305
1311061,0.16305268,0.15214653,0.16465902
1311062,0.2561278,0.22587277,0.19461948
1311063,0.21791956,0.18283412,0.23001374
1311066,0.3466318,0.3350188,0.26361424
1311067,0.2362248,0.21245122,0.20330729
1311068,0.22068557,0.13000366,0.21692048
1311069,0.38727933,0.34896412,0.346316
1311070,0.22176439,0.22443993,0.24876277
1311073,0.7328651,0.60739076,0.7080772
1311074,0.2197425,0.18556398,0.21254268
1311075,0.36331046,0.34853378,0.30104738
1311076,0.2083097,0.23232107,0.26588637
1311078,0.23182769,0.20985028,0.2011797
1311079,0.3203788,0.31221133,0.2781155
1311080,0.24168831,0.24680732,0.21481436
1311082,0.17049184,0.19315788,0.23374213
1311084,0.295098,0.31110838,0.24948949
1311085,0.427764,0.39217794,0.32128972
1311087,0.27949518,0.28741294,0.2840715
1311089,0.20113313,0.2539851,0.2431994
1311090,0.26638094,0.21202567,0.24389637
1311091,0.31500238,0.31675798,0.25916737
1311092,0.5777976,0.5029256,0.51741946
1311093,0.14372157,0.092253216,0.16928074
1311094,0.536256,0.40198398,0.49807587
1311095,0.20143725,0.1490225,0.21466626
1311096,0.27725837,0.34745535,0.30573562
1311097,0.33584616,0.42535755,0.27593613
1311098,0.3588142,0.40648457,0.3192294
1311099,0.563563,0.5124057,0.44200096
1311100,0.2083097,0.15425968,0.14295894
1311101,0.11188515,0.086154565,0.14133826
1311102,0.1955549,0.20590733,0.22475135
1311103,0.25599724,0.3085472,0.268185
1311104,0.45747843,0.41020954,0.47942463
1311105,0.1547615,0.11924146,0.15064503
1321001,0.22800563,0.18677647,0.21486744
1321002,0.37775782,0.3254024,0.3690754
1321004,0.18916065,0.16021454,0.22548127
1321005,0.15840131,0.117223516,0.13343908
1321006,0.2173541,0.23135081,0.23616868
1321007,0.15886515,0.13683407,0.16737774
1321008,0.34025434,0.24744876,0.3195016
1321009,0.26789987,0.2507066,0.24548796
1321010,0.14515825,0.103933625,0.12774791
1321012,0.3415507,0.38018864,0.34849694
1321013,0.16317204,0.15834303,0.14116628
1321014,0.37446278,0.28021944,0.33277
1321016,0.30135846,0.24035583,0.3092973
1321017,0.08984506,0.07393635,0.09538831
1321018,0.36267307,0.31313917,0.3070623
1321019,0.22556956,0.15999468,0.20961836
1321020,0.15295556,0.13708773,0.14726913
1321022,0.22177948,0.21507296,0.19142148
1321023,0.16326341,0.1496702,0.19707096
1321024,0.25107247,0.19948888,0.25586087
1321025,0.3065148,0.20101266,0.21918052
1321026,0.46035847,0.40614724,0.41994894
1321027,0.43550232,0.48139456,0.3951133
1321029,0.28017113,0.24485067,0.24252105
1321031,0.16612825,0.19757509,0.1428735
1321032,0.13104324,0.08184463,0.10872128
1321034,0.15838306,0.13025801,0.14002514
1321035,0.29030174,0.21220781,0.28008813
1321036,0.31145495,0.23282403,0.25725475
1321037,0.24108726,0.20445238,0.23723908
1321038,0.38028458,0.2613474,0.3409496
1321039,0.19116472,0.15998495,0.17896438
1321040,0.41543734,0.42429143,0.37551168
1321042,0.23100679,0.238516,0.2046923
1321044,0.27975604,0.19523798,0.22575507
1321045,0.2042726,0.2059435,0.19963089
1321046,0.30679756,0.53367704,0.27800745
1321047,0.14855346,0.17515828,0.1762029
1321048,0.1430559,0.10685679,0.09866405
1321049,0.23321229,0.2527585,0.29738688
1321050,0.24857077,0.18887947,0.24621846
1321051,0.3682976,0.24107316,0.31604683
1321052,0.30390412,0.26161695,0.27792272
1321053,0.2883491,0.19018352,0.27682889
1321054,0.33197507,0.22273684,0.2768034
1321055,0.18969484,0.24824178,0.21048863
1321056,0.09856414,0.07393635,0.09833003
1321057,0.30052438,0.20621361,0.25811052
