sim_sample,gb_census_mun,gb_gis_mun,gb_all_mun,gb_census_psu,bart_census_mun,bart_gis_mun,bart_all_mun,bart_census_psu,rf_census_mun,rf_gis_mun,rf_all_mun,rf_census_psu,lasso_census_mun,lasso_gis_mun,lasso_all_mun,lasso_census_psu,ols_census_mun,ols_gis_mun,ols_all_mun,ols_census_psu,eb,uc
1,.1932904,.1981335,.1933913,.1933527,.1932199,.197709,.1932981,.1934076,.1935546,.1965285,.1934098,.1934315,.1934907,.2002801,.1933892,.1935574,.1995367,.1991925,.1938986,.1960009,.193246,.1933994
2,.1935596,.1967999,.1934023,.1934058,.1933763,.1973124,.1931886,.1931623,.1932615,.1971267,.1933316,.1932733,.1936571,.2004159,.193722,.1935358,.1977053,.1999567,.1941878,.1954721,.1929144,.1929766
3,.1937239,.1987246,.1937456,.1936435,.1933947,.1979562,.1934554,.1933932,.1936349,.1981293,.1936827,.1933941,.1936048,.200582,.1937616,.1939002,.1969201,.1992015,.1938396,.1959529,.1931567,.1939133
4,.1931856,.1979069,.1931471,.1934644,.1930766,.1977467,.1932175,.1933448,.1931159,.1965761,.1930672,.1934179,.1936049,.2019374,.1937714,.1939142,.1971733,.1997837,.1938701,.1959778,.1933219,.1934393
5,.1936499,.1978187,.1936031,.1932845,.1935168,.19788,.1933957,.1932358,.193369,.198081,.193365,.1933983,.1936863,.2003897,.1933375,.1939403,.1985502,.1989441,.1934414,.1957673,.1930719,.1929664
6,.1934459,.1972841,.1935724,.1932731,.1930299,.1975571,.1932959,.1931979,.1932812,.197737,.193764,.1935149,.1932757,.2020816,.1933367,.193526,.196756,.1997848,.1932253,.1954296,.1935837,.1934765
7,.1934158,.1983943,.193609,.1933938,.1931855,.1981632,.1933095,.1933143,.1929847,.1969558,.1934908,.1934303,.1936952,.2008277,.1936296,.1936084,.197891,.1990822,.1941879,.19646,.193085,.1936595
8,.1936254,.1976611,.1935223,.1934986,.193459,.1973976,.1933382,.1933429,.1933482,.1971629,.1936611,.1932308,.1939836,.201002,.1938449,.1936411,.1969961,.1995071,.1937205,.1952289,.1932695,.193848
9,.1932481,.1981007,.1934164,.1932268,.193649,.1979928,.1933227,.1933416,.1933358,.1965824,.1932654,.1934495,.1936382,.2021174,.1936634,.1938154,.197062,.1996435,.1940327,.1955407,.1931012,.1935263
10,.1935072,.1984625,.1935384,.1933931,.1930934,.1979839,.1931925,.193584,.1935192,.196656,.1933098,.193614,.1933953,.2014507,.1932198,.1934686,.197455,.1991449,.1939373,.1957822,.1935135,.1934244
11,.1936028,.1983703,.1934179,.1931454,.1934187,.1979281,.1935441,.193259,.1932971,.1966286,.1935282,.1931915,.1936129,.2012163,.1933936,.1936904,.1967059,.1992282,.1937637,.1959017,.1932759,.193315
12,.1935976,.1982582,.193489,.1934577,.1934164,.1972358,.1934108,.193301,.1932606,.1969293,.193345,.1935075,.1934964,.2022416,.1936918,.1940194,.1976447,.1992234,.1939091,.1959713,.1932086,.1943745
13,.1935616,.1965431,.1933012,.1933746,.1932229,.1969707,.1932338,.1933407,.1930265,.1979552,.1931422,.1931989,.1937622,.2006907,.1937159,.1936905,.1967455,.1989678,.1935024,.1952252,.1929158,.1931398
14,.1937619,.1967847,.1935497,.1932314,.1932493,.1973064,.1934076,.1929765,.193225,.1970038,.1937044,.1930837,.1933743,.2019536,.1934195,.1935271,.1978604,.1994842,.1940306,.1958968,.1932078,.1934296
15,.1933596,.1978076,.1934966,.1934154,.1933463,.1975034,.1934739,.1935996,.1935941,.1981439,.1939701,.1933844,.1935985,.2018049,.1933471,.1938062,.1971322,.1987897,.1941114,.1957569,.193495,.1933422
16,.193599,.1973892,.1932852,.1929319,.1932593,.1971567,.1934086,.1931869,.1934668,.1959447,.1933521,.1932708,.1932345,.2009292,.1932165,.1935018,.1979545,.1997108,.1939556,.1958553,.1931784,.1934053
17,.1934838,.1969875,.1932423,.1933912,.1934872,.1979661,.193252,.1932765,.1935974,.1973761,.1935664,.1932494,.1936821,.2000995,.1935706,.1934956,.1968125,.1997006,.1940892,.1953054,.1932899,.1935196
18,.1936613,.198411,.1937086,.1934746,.1937137,.19848,.1938035,.1933358,.1936515,.197754,.1937688,.1934072,.1934381,.2012146,.1935093,.1939707,.1982751,.1996719,.1940266,.1966786,.1931963,.193304
19,.1937085,.1972583,.1935384,.1936019,.1932821,.197234,.1934158,.1933895,.1933581,.1982385,.1934023,.1935314,.1935747,.2010601,.193602,.1938727,.1977517,.2000794,.1944204,.1953581,.1931138,.1930666
20,.1936757,.1983736,.1938753,.1933829,.193488,.1975045,.1935898,.1933338,.1940378,.1964548,.1938286,.1935239,.1935062,.2018281,.1934812,.1935193,.1974072,.1991474,.1935878,.1960785,.1935925,.1937051
21,.1935309,.1983996,.1939277,.193618,.1935554,.1977547,.1935239,.1932176,.1934977,.1971657,.1938815,.1932696,.1935444,.2007035,.1935747,.1934451,.196145,.199699,.1941794,.195908,.1933032,.1933056
22,.1934466,.1971396,.1935478,.1932645,.1934801,.1974437,.1932401,.1933407,.1933231,.1976715,.1936586,.1932642,.1932667,.2015097,.1933893,.1935142,.1980686,.1995178,.1936056,.1959016,.1933244,.1934495
23,.1935348,.1973934,.1935148,.1933273,.1930568,.1976994,.1933824,.1933633,.1930442,.1970299,.1938747,.1933169,.1933022,.2021239,.1936151,.1936054,.1966106,.1997626,.1941991,.195885,.1930642,.1935083
24,.1935275,.198702,.1937836,.1933712,.1931704,.1983458,.1935682,.1932662,.1933299,.1971239,.1938832,.1933959,.1933635,.2018794,.1934239,.1935819,.1966452,.1990591,.193836,.1960634,.1932661,.1934253
25,.1936276,.1974761,.1937336,.1931815,.1931395,.1970921,.1934416,.1931557,.1932137,.1971652,.1934208,.1930708,.1935675,.2019992,.1936158,.1935617,.1979492,.1994966,.1935902,.1955326,.1930533,.1939419
26,.1930228,.1966067,.1933957,.19326,.1931998,.1969698,.1930281,.1931621,.1931457,.1974319,.1931591,.1932729,.1932971,.2016246,.1931914,.193449,.1968199,.1992235,.1935754,.1957406,.1928138,.192796
27,.193133,.1985071,.1934352,.1933422,.1932238,.1980131,.193124,.1933022,.1929959,.1979082,.1933743,.1932999,.1933192,.2007604,.1932611,.1937243,.1964055,.1990629,.1930483,.1962219,.1933403,.1938626
28,.19319,.1971712,.1933838,.1931859,.1931323,.1970489,.1932558,.1932093,.1931538,.1967177,.1933594,.1931871,.1932779,.2019524,.1934792,.1935387,.1965612,.198985,.1939438,.196078,.192951,.1929497
29,.1939515,.1981403,.1939984,.1933283,.1935551,.1979635,.1937794,.1933233,.1937685,.1974752,.1939961,.1932915,.1935351,.2018802,.1934895,.1935567,.1974039,.1996568,.1939532,.1949158,.1929204,.1936064
30,.1929876,.1967642,.1936025,.1930183,.1927814,.1972223,.1933287,.193018,.1927816,.196373,.1932371,.1930366,.1934272,.2012181,.1934564,.1935772,.195651,.1998692,.1934784,.1958894,.1932402,.1933163
31,.1935834,.1982645,.1938049,.1933457,.1934091,.1975126,.1937252,.1931499,.1936288,.1963917,.1932996,.193242,.1936519,.2008388,.1938332,.1935872,.1994083,.1997948,.194324,.1963223,.1934652,.1933994
32,.1931719,.1986437,.1934753,.1934895,.1934487,.1976734,.1935129,.1933985,.1933873,.1988647,.1938189,.1934534,.1937179,.2007649,.1935471,.1939762,.1977027,.1995677,.1940037,.1950824,.1929992,.1935451
33,.1936148,.1977689,.1939264,.1933636,.193391,.1976291,.1932224,.1932999,.1933677,.1965912,.1932246,.1932876,.1935344,.20173,.1936212,.1936367,.1972529,.1999269,.1941099,.1958453,.1931364,.1935283
34,.1931861,.1989609,.193648,.1931732,.1932742,.1976877,.1934684,.1931779,.1933275,.1986974,.1933666,.1934586,.1935875,.2005329,.1935199,.1937114,.1968859,.199641,.1939096,.1959146,.1930305,.1931737
35,.1935201,.1961517,.1934085,.1930278,.1931945,.1982167,.1933637,.1930178,.193409,.1965306,.193583,.1930255,.1934413,.2018763,.1935353,.1935792,.1981673,.1994735,.194221,.1961434,.1935335,.1935906
36,.1932531,.1980424,.1934753,.1932024,.1930895,.1977915,.1933918,.1932486,.1931006,.1979167,.1933116,.1932396,.1937177,.201576,.1936394,.1935623,.1973507,.1995349,.1938121,.1956132,.1935976,.1933409
37,.1932011,.1968679,.1930661,.1935178,.1931124,.1973904,.1931116,.1933167,.1930412,.1967949,.1935595,.1932638,.1934472,.2003779,.1933322,.1934983,.1974615,.1989314,.193764,.1956828,.1930926,.1934041
38,.1937822,.1986331,.1934989,.193289,.1934755,.1987825,.193619,.1932312,.1937442,.1985803,.1939183,.1934017,.1934084,.2005189,.1934405,.1936818,.1972474,.1995291,.1935005,.1964563,.1935265,.1935811
39,.1937418,.197984,.1938403,.1935418,.1933345,.1968079,.1934188,.1932351,.1936339,.1966626,.1934389,.1933572,.1937155,.2013735,.193585,.1936563,.198018,.1994065,.1938009,.1963485,.1936291,.193892
40,.1935364,.1976995,.1938168,.193263,.1935306,.1981561,.1934645,.1932262,.1940748,.1980915,.1940332,.1932811,.1935602,.2010431,.1936769,.1936592,.1969819,.2001198,.1945193,.1957461,.1933762,.1939426
41,.1933297,.1982427,.1934201,.1933717,.1930504,.1976579,.1932412,.1932131,.1931126,.1989937,.1930936,.1933349,.1935868,.2015629,.1932372,.193694,.1969404,.1999325,.1939302,.1955628,.1929154,.1937184
42,.1936141,.1961359,.193462,.1931127,.1934015,.1970484,.1934075,.1929471,.1929485,.1958499,.1931037,.193063,.1933782,.2001834,.1935739,.193578,.1967906,.1989539,.1934576,.1954204,.1929025,.1933464
43,.1935627,.1968703,.1935829,.1933934,.1932091,.1976736,.193396,.193372,.1933211,.1964739,.1935941,.1931101,.1932948,.2021805,.1933083,.1936397,.1968814,.1995402,.1935078,.1959782,.193224,.1933615
44,.1936029,.1977168,.1936815,.1935758,.1934465,.1977444,.1934174,.1934484,.1934261,.1982427,.1936952,.1933118,.1936515,.2012759,.1934294,.1937442,.1978941,.199759,.1942412,.1964836,.1928305,.1932302
45,.1933558,.1964401,.1934603,.1935418,.1930952,.1973665,.1933371,.1933465,.1930869,.1970309,.1937114,.1932969,.1935872,.2024202,.1935917,.1935095,.1970796,.2003057,.19393,.1956941,.1930288,.1932694
46,.1934599,.1971464,.1935935,.1932494,.1930831,.1976255,.1933492,.1931601,.1934849,.1971617,.1935942,.1930995,.1934851,.201816,.193279,.1935448,.196599,.1999324,.194013,.1954416,.1930221,.1934016
47,.193231,.1988526,.193264,.1933308,.1932556,.1982667,.1933293,.1932381,.1932085,.197184,.1935933,.1933072,.1935343,.2017285,.1935236,.1937576,.1983669,.1997237,.1949035,.1959326,.1930571,.1932484
48,.1941452,.1977766,.1937322,.193172,.1936144,.1978339,.1938461,.1932275,.193929,.1972541,.1937317,.1933414,.1935851,.2013156,.1935767,.1935588,.1977594,.1990405,.1938088,.1959444,.1931063,.1931777
49,.1932841,.1971629,.1930656,.1933445,.1932549,.1970481,.1935246,.1932618,.1932247,.1969629,.1932722,.1933385,.1934065,.2005821,.1933789,.19367,.1966322,.1995436,.1935896,.1962594,.193228,.1936337
50,.1934808,.1980241,.1936543,.1934141,.1932758,.1976984,.1932515,.1934171,.1933678,.1969969,.1934303,.1931462,.1932902,.2019268,.1933948,.1934941,.1981513,.1993096,.1937503,.1958773,.1933126,.1940581
51,.1939153,.1977649,.1936441,.1934205,.1932677,.1976958,.1932626,.193497,.1939828,.1977299,.1937394,.1933555,.1936536,.2007986,.1937984,.1934782,.1967893,.1990922,.1940801,.1953043,.1933718,.1935007
52,.1935028,.1973162,.1935144,.1931263,.1931391,.1975254,.1933732,.1930872,.1931472,.1971608,.1933713,.1932101,.1936051,.2016316,.1935016,.1934718,.1970548,.1984235,.1934004,.1956305,.1930996,.1931441
53,.1937813,.1975368,.1943208,.1932911,.1932528,.198098,.1935865,.1932771,.1933119,.1966221,.1939083,.1933854,.1935324,.2013172,.1934882,.1935878,.1975994,.2003089,.194167,.1963525,.1932415,.1936403
54,.1936473,.1960367,.192968,.1934138,.1932859,.1973188,.1934988,.1933826,.1931696,.1963225,.1930492,.1932142,.1934292,.2021713,.1934978,.1934527,.1972073,.1994297,.1941148,.1963554,.1930855,.1931686
55,.1936048,.1996219,.1936092,.1933145,.1933174,.1979109,.1932696,.193189,.1932256,.1995159,.193732,.1934294,.1935631,.2014478,.1934879,.193672,.1983073,.1989473,.1937769,.1966516,.1931397,.1931004
56,.1931937,.1979806,.1935429,.1934088,.1931066,.1967932,.1931199,.193183,.1929786,.1959607,.1938521,.1931806,.1935528,.200028,.1935209,.1935849,.1970185,.1990986,.1939113,.1956575,.1931044,.1932579
57,.1941373,.1979286,.1935803,.1931912,.1937664,.1981954,.1936312,.1931702,.1936994,.1976228,.193611,.1933359,.1933594,.2013441,.1934611,.1936408,.1978403,.1996787,.1940488,.1957557,.1930765,.1931207
58,.1938634,.1975181,.1936078,.1934915,.1934581,.1972093,.1934828,.193168,.1938029,.1974309,.1936488,.1931599,.1935977,.2020198,.1936578,.1934765,.196914,.1989882,.1936238,.196205,.1931334,.1935534
59,.193634,.1982849,.1938174,.1934983,.1932515,.1972043,.1930677,.1933571,.193235,.1971353,.1931843,.1932862,.1935178,.2021605,.1934758,.1934978,.1965749,.1993091,.1938698,.1956237,.1932165,.1935216
60,.1934703,.19799,.1940812,.1935357,.193476,.197736,.1931461,.1936287,.1935743,.1967481,.1931124,.1932022,.1936252,.201152,.1935913,.1936695,.1973294,.1997674,.1937369,.1956983,.1934125,.1933112
61,.1935804,.1974844,.1937635,.1934472,.1933559,.1974208,.1934839,.1932671,.1935734,.1967021,.1936445,.1933559,.1936983,.2011791,.1936464,.1935517,.1982564,.1998969,.1940187,.1956083,.1931086,.1932752
62,.1934808,.1970368,.1933847,.1934622,.1933185,.1973689,.1932942,.1932606,.1935002,.1962617,.1935212,.193402,.1935891,.20099,.1935015,.1939595,.1966549,.1988167,.1942398,.1958777,.1933782,.1934166
63,.1938534,.1980852,.193408,.1935598,.1934484,.1972952,.193349,.1933308,.1932119,.1972347,.1935864,.1931783,.1938162,.2011047,.1938542,.193563,.1972133,.1999279,.1943086,.1955416,.1932188,.1935323
64,.1935469,.1967084,.1936705,.1936277,.1935101,.1979829,.1935304,.1933053,.1933739,.1970875,.1936205,.1935201,.1937577,.2007956,.1936908,.193839,.198677,.1988995,.1939844,.1965489,.1932119,.1931488
65,.1934815,.1979967,.1935945,.1934571,.1933495,.1971315,.19348,.1934471,.1931956,.1963605,.1933803,.1930803,.1937468,.2015071,.1937723,.1936813,.1987975,.1995007,.1937808,.1962001,.1930672,.1934275
66,.1936008,.1970585,.1941534,.193177,.1931648,.1978601,.1933642,.1928946,.1937769,.1967602,.1939898,.19304,.1931583,.2013873,.1930377,.1934199,.1970214,.1994729,.193647,.1956478,.193871,.1935168
67,.1941584,.1980498,.1938095,.1934302,.1935628,.1972503,.1933886,.193288,.1934239,.1974808,.1934691,.1931736,.1933919,.2011216,.1934406,.1937068,.198095,.1989227,.1937795,.195921,.1933658,.1934776
68,.1933605,.1978653,.1935272,.193237,.1932776,.1972616,.1935538,.1931035,.1932847,.1962076,.1934775,.1937011,.1933037,.2016878,.1932978,.1934407,.1979491,.1999336,.1941993,.195782,.1930925,.1932669
69,.1934647,.1977285,.193674,.1933628,.1932243,.1976043,.1932994,.1933516,.1932336,.1982832,.1934368,.1934249,.1932991,.2017108,.1934728,.1934744,.1973693,.1991832,.1938437,.1963332,.1933697,.1931885
70,.1932873,.1987968,.1938001,.1935738,.1930904,.1982468,.1932327,.1935496,.1933619,.1972153,.1941294,.1933429,.1935984,.201254,.1936935,.1938997,.1993241,.1995509,.1944237,.1963652,.1933363,.193475
71,.1939493,.1978384,.1934813,.1933075,.1936774,.1977198,.1932355,.193262,.193682,.1969979,.1940537,.1932352,.1934202,.2017165,.1934986,.193832,.1984863,.1996417,.1941557,.1950415,.193286,.1935762
72,.1934521,.1989678,.1938506,.1935474,.1936197,.1971851,.1934661,.1933875,.1935444,.196565,.1934263,.1933135,.1933931,.2019613,.1934776,.1936913,.1975497,.1986923,.1939179,.1954864,.1934251,.1930276
73,.1934997,.1978467,.1937733,.1934125,.1935797,.1973183,.1934794,.1933918,.1936185,.1980618,.193533,.1933795,.1937205,.2015415,.1938753,.1936341,.1976551,.1982653,.193985,.1952875,.1935311,.193403
74,.1934333,.1985618,.1932026,.1935054,.1929868,.1973026,.1932745,.1933023,.1932604,.1961904,.1934234,.1930633,.1934867,.2001557,.1935334,.1938309,.1972158,.1990959,.1936882,.1958949,.1935626,.1934125
75,.1935986,.1977078,.1937818,.1933632,.1934764,.1978583,.1935275,.1933567,.1936813,.1974485,.1934275,.1935595,.1936598,.2019003,.193783,.1935469,.1990429,.1991534,.1938365,.1957414,.1930086,.1935956
76,.1936439,.1977733,.1933834,.1935534,.1932907,.1978844,.1934072,.1934244,.1933469,.1969652,.1935791,.1935508,.1935567,.2013013,.1933898,.193696,.1980468,.1989849,.1940967,.1957578,.1934739,.1930293
77,.1936966,.1984053,.1938321,.193318,.1934395,.1980475,.1937962,.1933533,.1935567,.1976255,.1935825,.1934411,.1936174,.2026205,.1938258,.1935821,.1981666,.1992711,.1938163,.1962007,.1930825,.1938493
78,.1935711,.1973535,.1935578,.1937065,.1931722,.1977422,.1931323,.1935663,.1933364,.1982236,.1933783,.193181,.193639,.2010896,.1935827,.1937432,.1974181,.1988729,.1935787,.1959671,.1932767,.1933731
79,.1934657,.1976113,.1932247,.1929806,.1931179,.1975284,.193158,.1929948,.1930102,.1976695,.1929933,.1930504,.1932955,.2001439,.1934261,.1934249,.1968568,.1999779,.1942062,.1954024,.1928934,.1936457
80,.1938345,.1981283,.1935307,.193507,.1930401,.1973065,.1930592,.1931582,.193674,.1971483,.1937154,.193173,.1934963,.2002411,.1935111,.1936006,.1975707,.1995186,.1941238,.1956325,.1929628,.1933972
81,.1934792,.1980825,.193581,.1932638,.1935814,.1978964,.1933184,.1930914,.1935697,.1983504,.1943516,.1932469,.1936638,.2007452,.1934603,.1935524,.1964814,.1992147,.1939213,.1960843,.1931451,.1930973
82,.1928996,.196738,.1934061,.1931321,.1930685,.1975601,.1928629,.1929581,.1930598,.1973066,.1938429,.1931812,.1936288,.2019748,.1936626,.1933554,.1979434,.1994372,.1934404,.1953458,.1931764,.1935286
83,.1935793,.1973549,.1936882,.1933078,.1939417,.1973972,.193516,.193258,.1941667,.198227,.1939033,.1930573,.1936485,.2008997,.1936841,.1934749,.1977537,.1994735,.1940921,.1958166,.1931119,.1932709
84,.1934466,.197822,.1935116,.1929982,.1934377,.1976862,.1933495,.1933101,.193377,.1968996,.1934863,.1932124,.19366,.2016074,.1936705,.1935315,.1984801,.1993135,.1944451,.1958307,.1934709,.1934367
85,.1932015,.1989013,.1938045,.1933622,.1935132,.1977951,.1937514,.1932258,.1938027,.197476,.1940081,.193209,.1937545,.200099,.1934301,.193651,.199108,.1998266,.1938724,.1964759,.1934545,.1943052
86,.1935425,.1985177,.1936141,.1935199,.1934547,.1972413,.1934596,.1934513,.1937012,.1991016,.193604,.1933324,.1937408,.202349,.1938389,.1936143,.1981197,.1995425,.1937493,.1959929,.1932821,.1933528
87,.1934886,.1976631,.1933513,.1933242,.1931737,.197354,.1931866,.1932883,.193493,.1967259,.1935617,.1931076,.1933422,.2012406,.1933313,.1936045,.1967844,.1992667,.1936286,.1955706,.193046,.1936451
88,.1932196,.1972644,.1934597,.1932727,.1929839,.1986517,.1934841,.1930694,.1932876,.1971079,.1935869,.1930383,.193532,.2024568,.1936502,.1936721,.1970047,.1993324,.1941512,.19619,.1931102,.1933447
89,.1935641,.1976491,.1937076,.193444,.1932456,.1969188,.1935446,.1934192,.1932428,.1959719,.1932763,.1932485,.1935713,.2012444,.1935974,.1937452,.1963286,.1988831,.1938398,.1957666,.1930707,.194013
90,.1935475,.1982311,.1933822,.192935,.193206,.197714,.1931552,.19312,.1932324,.1966264,.1930801,.1931491,.1933502,.2016129,.1933175,.1934804,.1964011,.1990714,.1937772,.1954677,.1932858,.1931262
91,.193539,.1987919,.1935721,.1933379,.1934396,.1982317,.1933609,.1934552,.193654,.1992272,.1933111,.1934449,.1934236,.2009434,.1935611,.1936341,.1990612,.1986085,.1942089,.1961965,.1932185,.1934136
92,.1933689,.1970579,.1935039,.1933957,.1933115,.1974528,.1934724,.1932121,.1933183,.1967009,.1937219,.1931257,.1934204,.2013518,.1933717,.1938582,.197775,.1991291,.1940678,.1957083,.193144,.1935961
93,.1935378,.1967823,.193438,.1932086,.193308,.1978959,.1932325,.193353,.1935342,.197396,.193426,.1930733,.1935146,.2015674,.1936864,.1935353,.1969379,.1990365,.1936376,.1958119,.1934,.1935134
94,.1933619,.1973912,.1935428,.1934632,.1933142,.1977312,.1932801,.1932265,.1930566,.1969632,.1931303,.1934478,.1934698,.2018807,.1935365,.1934405,.1968675,.1994623,.1932931,.1959639,.1931531,.1934962
95,.1935034,.1969307,.1938123,.193123,.1934132,.1979902,.1935481,.1932988,.1931589,.1964706,.1932858,.1931263,.1935937,.2025464,.1934877,.1935374,.1967364,.1996104,.1939557,.1957238,.1930948,.1936906
96,.1933547,.1973108,.1934223,.1932733,.1931697,.1974173,.1932245,.1932231,.1933118,.1982457,.1934597,.1932904,.1932176,.2009964,.193296,.193499,.1979983,.1993494,.1933293,.1964103,.1933196,.1935596
97,.1934364,.1979863,.1935949,.1935319,.1930426,.1978859,.1932242,.1933078,.1933006,.1979286,.1935821,.1933483,.1931891,.2006403,.1933705,.1936855,.1985093,.1998836,.1936404,.1957312,.1930316,.193634
98,.1932528,.1974634,.1932385,.1932309,.193055,.1973744,.193134,.1932109,.1933272,.1972015,.1933453,.1931567,.1934917,.2015025,.1934316,.1935405,.1967926,.1986942,.1938104,.1957847,.1932556,.193822
99,.1935827,.1976821,.1938951,.1936076,.1934768,.1975445,.1935045,.1932424,.1934687,.1964791,.1940716,.1931648,.1938547,.2021896,.1937795,.1938724,.1967092,.1991887,.1940227,.1958409,.1931957,.1938497
100,.1937099,.1975778,.1938261,.1931678,.1936347,.1976598,.1935538,.1933012,.1936789,.1971121,.1934089,.1933334,.1936365,.2011042,.1936803,.1936383,.1975581,.1997066,.194032,.1957443,.1930903,.1932507
101,.1939446,.1974082,.1931978,.1934693,.1932737,.1983927,.1934132,.1933963,.1936558,.1971908,.1935278,.1933293,.1939014,.2014328,.1939247,.193758,.196439,.1998342,.1945463,.1960319,.1931593,.1937364
102,.1938491,.1977319,.1935824,.19329,.1933192,.1982737,.193327,.1933226,.1937093,.1968664,.193158,.1932671,.1934815,.2012157,.193392,.1935815,.1980219,.1995698,.1939425,.1964195,.1930034,.1931349
103,.1936433,.1965321,.1938521,.193382,.1934158,.1976437,.1933285,.1931601,.193475,.197062,.1935006,.1931107,.1933678,.201427,.1935767,.1935649,.1973937,.1991431,.1938939,.1959024,.1933097,.1930385
104,.1936304,.1972497,.1936567,.1933524,.1932726,.1984044,.193609,.1933051,.1936023,.1975882,.1934888,.193417,.1935424,.2015911,.1936277,.1936119,.1971693,.1998725,.1943277,.1958926,.1936805,.1931294
105,.1932788,.1976861,.1933223,.1934534,.1931916,.197503,.1931215,.193216,.1932595,.1985243,.1933793,.1934799,.1934627,.2007471,.1935239,.1935342,.1983269,.1998811,.1938894,.1953734,.1928789,.1940641
106,.1935732,.1971711,.1935971,.1937093,.1930646,.1970776,.193549,.1934088,.1933401,.1968465,.1936684,.1933674,.1936303,.2018336,.1936136,.1937579,.1965713,.1995092,.1941376,.1953443,.1937791,.1941616
107,.1935232,.1969861,.1935578,.1932992,.1933879,.1980725,.1934129,.1931865,.1933175,.1974689,.1937442,.1933009,.1935814,.2020015,.1934683,.1935404,.1968469,.1993224,.1935477,.1961885,.1929799,.1939892
108,.1936435,.197614,.1939144,.1935587,.1934842,.1977275,.1936151,.1933541,.1933846,.197014,.1938239,.1935261,.1936806,.2010818,.1937175,.1936731,.1981844,.1998034,.1940306,.1957107,.1934732,.1934877
109,.193405,.1976991,.1937545,.1931528,.1930854,.1980829,.19367,.1931935,.1939295,.1973339,.1938511,.1931178,.1938987,.2014108,.1936735,.19384,.1968525,.1989087,.1939402,.1951409,.1930606,.1930948
110,.193465,.1977926,.1935626,.1934601,.1935408,.1980028,.1934132,.1932762,.1933581,.1968777,.1934985,.1932219,.1936541,.2012018,.193675,.1934661,.1982201,.1992728,.1936878,.1962427,.1928997,.1930936
111,.1932033,.1972857,.1933636,.1933068,.1933945,.1976178,.1932971,.1933147,.1932666,.1972583,.193395,.1933359,.193448,.2011938,.1935075,.1935708,.1966072,.1993282,.1936379,.1960126,.1932862,.1937547
112,.1935162,.1978467,.1931966,.1931393,.193163,.1972525,.1931642,.1933114,.193324,.1989397,.1931966,.1932498,.1936141,.2015862,.1934249,.1934514,.1985355,.199949,.1935945,.1962982,.1930418,.1937679
113,.1933874,.1983679,.193413,.1933272,.1930753,.197417,.1933764,.1934059,.1936334,.1987209,.1940578,.1934072,.193416,.2014065,.1935933,.1934135,.1974852,.1994081,.194213,.1956621,.1935541,.1937694
114,.1933772,.1985916,.1937291,.1933715,.1931603,.1982991,.1935479,.1931223,.1934354,.1987755,.1935669,.1933943,.1936373,.2021551,.1937866,.1936577,.195877,.2001256,.1941111,.1953325,.1931637,.1933598
115,.193474,.1987408,.1933365,.1936302,.1931414,.1981369,.1931045,.1932946,.1933764,.1981515,.193277,.19345,.1933897,.2013161,.1932562,.1935587,.1968999,.1990502,.1939263,.1963008,.1933924,.1934626
116,.1934179,.1977815,.1934716,.1931957,.193427,.1973974,.1933816,.1934092,.1933883,.1966009,.1934233,.1932747,.1938462,.2010635,.1937297,.1938256,.1984016,.1991725,.1937081,.1957287,.1930719,.1936777
117,.1936484,.1985938,.1934495,.1932479,.1935675,.197375,.193714,.1931732,.1935091,.1968438,.1930682,.193449,.1937926,.2006228,.193656,.1936799,.198463,.1998927,.1939507,.1963823,.1930417,.1933957
118,.1933134,.1979448,.1933411,.1931356,.1931121,.1983209,.1936885,.193058,.1936571,.198962,.1935382,.1931715,.1934709,.2017509,.1936435,.1935376,.1976409,.1996383,.1940054,.1957767,.1931313,.1937554
119,.1935967,.1982867,.1938773,.1934696,.1934878,.1971421,.193409,.1933892,.1937145,.1965867,.193752,.193294,.1937265,.2017236,.1936277,.1936687,.1976546,.1987445,.1938268,.1953204,.1933352,.193561
120,.1933426,.1967584,.1932154,.1930007,.192986,.1983254,.1933345,.1931011,.1933252,.1969869,.1934042,.193309,.1934552,.2024587,.1931483,.1936422,.1984859,.1994906,.1935817,.1952925,.1931634,.1933365
121,.1932981,.1977659,.1932485,.1933238,.1930275,.197934,.1932021,.1932294,.1932248,.196808,.1936211,.1931647,.1934767,.2012465,.1933566,.1934202,.1979481,.1993269,.1935291,.1957364,.1930069,.1932173
122,.1934817,.1976718,.1934533,.1933299,.1934256,.197578,.1933679,.193176,.1936436,.1969587,.193601,.1932278,.1931369,.2016061,.193334,.1936757,.1967541,.1993592,.1935982,.1966418,.192924,.1933687
123,.1935735,.1977683,.1934373,.1930891,.1933081,.1977856,.1931686,.1931624,.193391,.1967288,.1932698,.1932444,.1933684,.2018783,.1933789,.1936777,.1976195,.1992019,.1934929,.195511,.193113,.1936475
124,.1934263,.1987907,.1934897,.1931565,.1930394,.19815,.193168,.1932402,.1934606,.1991237,.1930661,.1934353,.1932609,.2021336,.1934498,.1937005,.1972691,.1996069,.1935659,.1958918,.1927677,.1933633
125,.1933733,.1976468,.1936587,.1933009,.1929323,.1971617,.1931146,.1930965,.1930816,.1966203,.1931718,.193193,.1934849,.2000966,.1936058,.1933981,.1972193,.1994289,.1938038,.1953587,.1931607,.1936638
126,.1930865,.1979425,.1932316,.1934918,.1930512,.1980144,.1932567,.1931271,.1929441,.1976456,.1932511,.193056,.1936094,.2012637,.1935902,.193828,.1972033,.199821,.1939581,.1962745,.1935705,.19351
127,.1939221,.1985816,.1937723,.1932806,.1934943,.1981371,.193341,.1932964,.1933521,.1982358,.1931441,.1931841,.1936601,.2014998,.193629,.1934766,.1971195,.1994797,.1943696,.1964512,.1930637,.1934514
128,.1935623,.1983745,.1934215,.1934169,.1932627,.1975883,.1933742,.1934569,.1929788,.1967866,.1933337,.1933815,.1935272,.2016495,.1935096,.1939376,.1975693,.1986833,.193557,.1952114,.1933048,.193233
129,.1935583,.1966801,.1933262,.1933021,.1937196,.1982683,.1935073,.1931688,.1936618,.1988719,.1934629,.1932889,.1936365,.2009144,.1937017,.1935676,.1977159,.1990495,.1940133,.1962271,.193225,.1933937
130,.1936466,.1992314,.1939451,.1934973,.1933205,.1981004,.1936441,.1931924,.193876,.1993736,.1941402,.1934927,.1936022,.2019681,.1935847,.1936438,.1978756,.1997038,.1941342,.1965752,.1929719,.1940775
131,.1939858,.1967384,.1933483,.1934093,.193244,.197293,.1932523,.1932938,.1933801,.1964819,.1932261,.1932928,.1936925,.2007507,.1938426,.1936018,.198548,.1994345,.1942056,.1951791,.1934204,.1936264
132,.1932076,.1980144,.1933169,.193367,.1932583,.1966674,.1930273,.1932636,.1930424,.1973715,.1930002,.1932788,.1935466,.2016793,.193432,.1935603,.198074,.1999377,.1937779,.1958064,.1929666,.1940229
133,.1932422,.1966997,.1934681,.1934313,.1931648,.1977857,.193533,.1932051,.1931729,.1965908,.1935128,.1935382,.1933487,.2014879,.1937324,.1937259,.1982587,.1997956,.193959,.1964046,.1934933,.1931417
134,.1931582,.1977376,.1933303,.1931609,.1931143,.1980452,.1930536,.193171,.1932972,.1967138,.1936845,.1930256,.1934509,.2009007,.1934097,.1936494,.1969532,.1991039,.1937222,.1958421,.1930568,.1936794
135,.1931615,.197918,.1932349,.1931988,.1932105,.1978482,.1931858,.1932181,.1931076,.1975731,.1930072,.1933125,.1934421,.2020186,.193754,.1936765,.1967478,.1996457,.1940393,.1957927,.1931085,.193529
136,.1935296,.1965088,.1935125,.1933921,.1933066,.1979383,.1935349,.1931203,.193654,.1970308,.193517,.1933154,.1936535,.2009812,.1936436,.19365,.1973278,.198984,.1938981,.1957196,.1934369,.1935516
137,.1931205,.1980666,.1932599,.193285,.1930453,.1977513,.1931276,.1930103,.1929219,.1964642,.1929075,.1932982,.1932369,.2012694,.1933493,.1935867,.1975379,.1991979,.1936983,.196143,.1928451,.193562
138,.1932989,.1971155,.193294,.1934382,.1931793,.1969845,.193257,.1932113,.1932555,.1966731,.19334,.1932116,.1933077,.2012892,.1931836,.1935356,.1969832,.1983213,.193475,.1956537,.1933229,.1943828
139,.193361,.1975118,.1930501,.1935502,.1932838,.1978576,.1931292,.1934192,.193231,.1966571,.1938564,.1934357,.1933826,.2013267,.1938612,.1939045,.1983762,.1995488,.1936022,.1955533,.1930993,.1930774
140,.1934666,.1976435,.1940256,.1934326,.1931324,.1973739,.1936434,.1930677,.1935656,.1987197,.1938484,.1934281,.1935382,.2013703,.1937839,.1938384,.1972421,.1995525,.1942337,.1965965,.1931895,.1932299
141,.1935751,.1973705,.1938232,.1935128,.1934722,.1978185,.1935221,.1935808,.1935938,.1982559,.1938137,.1933651,.1934493,.2016075,.1935491,.1936753,.1959856,.1995359,.1940926,.1960148,.1928868,.193616
142,.193197,.1978061,.1934319,.1933443,.1932198,.1971129,.1932601,.1932768,.1933113,.1964872,.193256,.1932518,.1935366,.2007014,.1933719,.1935847,.19643,.1993248,.1934037,.1954654,.1929439,.1946276
143,.1932673,.1982134,.1933691,.1932235,.1932389,.1973792,.1932744,.1932373,.1934623,.196652,.1934818,.1932236,.1935449,.2013624,.1935665,.1934859,.197875,.1996083,.1937148,.1955273,.1933451,.1940841
144,.193375,.197924,.1938253,.1932967,.193525,.1977388,.193482,.1932165,.1935538,.19818,.1935084,.193089,.193528,.2005676,.1933607,.193638,.1970161,.1987384,.1936529,.1957241,.193306,.1932201
145,.1931974,.1969143,.1932973,.1933855,.1931897,.1969843,.1929541,.1931245,.1927024,.1964094,.1930083,.1932195,.1934106,.2016529,.1933702,.193568,.1961197,.1992223,.1937118,.1955844,.1934758,.1932835
146,.1933361,.19777,.1931754,.1933472,.1929696,.1969612,.1932005,.1933067,.192928,.1989355,.1932443,.1935237,.1935436,.2010485,.1936122,.1938804,.1981462,.1988193,.19378,.1952275,.19362,.1935613
147,.1932969,.197656,.1935566,.1932459,.1933708,.198301,.1932258,.1931711,.1929478,.1965032,.1935755,.1932575,.1938601,.2015815,.193793,.1935584,.1984891,.1998245,.1940746,.195547,.1930152,.1934206
148,.1934695,.1972599,.1936224,.1935377,.1933303,.1984171,.1935111,.1934291,.1936646,.1979814,.1932135,.1933729,.1935143,.200125,.1935776,.1935343,.1987936,.1995188,.1940534,.1961044,.1930388,.1938279
149,.1933832,.197393,.1933853,.1935451,.193313,.1979279,.193011,.1933254,.1932382,.1975463,.1933697,.1935763,.1934817,.2012639,.193381,.1935134,.1980349,.1991214,.1940027,.1961736,.1933896,.1936137
150,.1931625,.1975952,.1934862,.1935777,.1934573,.1977437,.1935976,.193377,.1935078,.2011817,.1935274,.193391,.1934699,.2004983,.1935924,.1936463,.1977759,.1991713,.1944039,.1952894,.1928302,.193496
151,.1934451,.1965784,.1936229,.193431,.1933511,.19736,.193351,.1932737,.1934265,.1966579,.1932666,.1933279,.193541,.2021579,.1936555,.1937187,.1969997,.1999315,.193897,.1952627,.1935412,.1934155
152,.1930431,.1980703,.1929533,.1933151,.1928135,.197333,.1928943,.1932142,.1929829,.1974677,.1933103,.1933456,.1933983,.2019948,.1931087,.1935909,.1974924,.1995229,.1933013,.1956489,.1934557,.1929981
153,.1934003,.1974534,.1935343,.1934223,.1932867,.1970228,.1932324,.1936095,.1932366,.1970094,.1935791,.1936234,.1937442,.2012433,.1937556,.1934869,.1985456,.1991044,.1940014,.1953614,.1929134,.1930603
154,.1932212,.1964703,.193359,.1929223,.1928716,.1975277,.1931857,.1930513,.1934589,.1962086,.1934277,.1934046,.1933492,.2016047,.1934395,.1936399,.196902,.199468,.1933349,.1956687,.1930425,.1930972
155,.1938431,.1980322,.1936913,.193309,.1934264,.1985639,.1939312,.1933409,.193849,.1989401,.1937971,.193212,.1937828,.2025491,.193688,.1938139,.1968617,.1998106,.1939898,.1960257,.1928664,.1933901
156,.1932097,.1970078,.1935925,.1935713,.1931571,.1978864,.1932932,.1932238,.1932199,.1973368,.1932612,.1932688,.193465,.2011942,.1934024,.1934877,.1988567,.1996851,.1939736,.1961643,.1930251,.1933855
157,.1932601,.1973849,.1935368,.1933576,.1930769,.19741,.1935918,.1933329,.1931168,.1971143,.1935874,.1933313,.1935725,.2026209,.1938665,.1936162,.1964453,.1994142,.1937641,.1955877,.1928765,.1929212
158,.1937992,.1970651,.1937856,.193464,.1933573,.1974458,.1935629,.1934724,.1931809,.1987759,.1937985,.1934749,.1935548,.2002507,.1936169,.1937233,.1982613,.1997186,.1940199,.195411,.1930082,.1932986
159,.1931815,.1986299,.1936725,.1933691,.1934059,.1977623,.1932333,.1934221,.1932979,.1973443,.1932973,.1931601,.1934869,.2008921,.1934475,.1936892,.197959,.2001979,.1942286,.1956867,.1929717,.1934966
160,.1935155,.1983712,.1934681,.1936579,.1936629,.198001,.193188,.1934649,.1934019,.1972361,.1934226,.193376,.1935651,.2019585,.1938626,.1936911,.1965664,.1985276,.193569,.1958705,.1930927,.1933378
161,.1934235,.1964778,.1932429,.1931345,.1932923,.1971672,.1934263,.1933758,.1933604,.1989394,.1934885,.193286,.1934409,.2024473,.1934996,.1938116,.1967,.1994299,.1941753,.1955877,.1931415,.1933331
162,.1936039,.1971069,.1935728,.1931907,.1930369,.1974588,.1932121,.1931263,.1934586,.1973988,.1930967,.1933344,.193518,.2011072,.193647,.1938092,.1982755,.2000931,.1941595,.1961092,.1927737,.1929458
163,.193542,.1968782,.1934894,.1934828,.1932502,.1980509,.1932672,.1932386,.1935701,.1968696,.1933112,.1932461,.1934917,.2012271,.1933779,.1935345,.1965029,.1990213,.1934156,.1959398,.1932477,.1933906
164,.1936894,.1983898,.1934258,.1935257,.1933128,.197843,.1936257,.1933722,.1937637,.1964525,.1933101,.1934531,.1935648,.200624,.1933567,.19379,.1974994,.199411,.1938165,.1962022,.1933345,.1932005
165,.1932059,.1973163,.1933883,.1933247,.1933029,.1970251,.1933334,.1933452,.1928972,.1970236,.1930316,.1932801,.1935971,.2004113,.1936416,.1935429,.1970555,.1998244,.1939237,.1955864,.193549,.1935514
166,.1932003,.1980205,.1932477,.1933625,.1931946,.1973407,.1931364,.1931307,.1932456,.1967995,.193775,.1933587,.1932845,.202131,.1934645,.1935319,.1978897,.200278,.1941102,.196547,.1928695,.1943586
167,.1938318,.1989285,.1935971,.1935759,.1934984,.198709,.1935125,.1933463,.1936751,.1981232,.19377,.1934325,.1933982,.2015438,.1935315,.1937462,.1974687,.199562,.194577,.1961117,.193306,.1936497
168,.1937519,.1986034,.1939946,.1934285,.1936325,.1985783,.1938621,.1934948,.1936975,.1977861,.1938212,.1935518,.1938073,.202351,.1938847,.193749,.1984171,.1998505,.1946051,.196744,.193172,.1944757
169,.1933251,.1973196,.193723,.1936569,.1932279,.1982899,.1934032,.1934395,.1935294,.1986848,.1936954,.1933778,.1935248,.2003873,.193346,.1935582,.1973582,.1996972,.1934338,.1949795,.193618,.1932442
170,.1937137,.1968432,.1938432,.1935031,.1936154,.1978156,.1936033,.1932891,.1936343,.1973795,.1936093,.1933855,.193747,.2020921,.1936843,.1937505,.1957972,.1987575,.1942602,.196059,.1929845,.1931323
171,.1932797,.1975941,.1936529,.1934256,.1933348,.1982136,.1932886,.1933669,.1935435,.1982932,.1936439,.1933967,.193753,.2007794,.19393,.1935807,.1976151,.1997416,.1938073,.1956374,.1934776,.1936484
172,.1934372,.1980857,.1934756,.1931939,.1932105,.1972786,.1931006,.1931504,.1931965,.1980522,.1929513,.1931078,.1936292,.2023652,.1932987,.193721,.1969108,.1992481,.193841,.1967519,.1932829,.1938692
173,.1936092,.1981897,.1937266,.1934161,.1938697,.1977998,.1936574,.1932427,.1937275,.1975786,.1937187,.193483,.1936304,.2007029,.1936909,.1935041,.1981967,.2003679,.1945484,.1964297,.1932474,.1932268
174,.1936263,.1984155,.1937303,.1937376,.1934853,.1978784,.1935286,.1932212,.1936221,.1969833,.1938051,.1935018,.1937804,.2010628,.1938655,.1940432,.1976441,.1995489,.1938858,.1950457,.1932341,.1931704
175,.1933153,.1977252,.1935107,.1933914,.1931522,.1979717,.193194,.1933037,.1931988,.1978443,.1935039,.1933112,.1934905,.2010919,.1935382,.1935849,.198811,.1993839,.1941417,.1963994,.1931879,.1938367
176,.1933927,.1983153,.1933105,.1934275,.1932986,.197722,.1933968,.1932415,.1933079,.1966784,.1935901,.1935076,.193695,.2012789,.1938266,.1936046,.1975109,.1995672,.1938093,.1962269,.1930566,.1940086
177,.193722,.1975408,.193719,.1932819,.1939082,.1980157,.1936739,.1934334,.193524,.1979631,.1934037,.1934339,.1938636,.2007239,.1936834,.1940562,.1976577,.1985778,.1939827,.1957666,.1930527,.1935236
178,.1935484,.1973885,.1936138,.193268,.193815,.1985121,.193541,.1933602,.1935889,.1969207,.1935525,.1933227,.1935662,.2017729,.1937229,.1936863,.1982513,.1987339,.193883,.1960353,.1930105,.1937506
179,.1934874,.1979943,.1936329,.1932871,.1934482,.1975109,.1933283,.1931883,.1934442,.1978542,.1933702,.1931568,.1934799,.2009654,.1935994,.1935166,.1963952,.1992586,.1937877,.1953902,.1932766,.1934254
180,.1933867,.1978583,.1933994,.1932316,.1933436,.1972573,.1930706,.1930985,.1929646,.1964025,.1931941,.1933689,.1932904,.2016523,.1934618,.1935212,.1959452,.1990764,.1939815,.1956171,.1932669,.1932344
181,.193315,.1968079,.1934709,.1939202,.1933218,.1979945,.1933738,.1935574,.193681,.1981179,.1934509,.1935272,.1934989,.2017998,.1935049,.1939087,.1968887,.1994116,.1942443,.1955126,.1934517,.1937378
182,.1932861,.1978573,.1934833,.1933775,.1931908,.197378,.193606,.1932757,.1932538,.1969337,.1933789,.193173,.1935042,.2020602,.1936974,.1938448,.1963547,.1993323,.1939392,.1955839,.1935204,.1936937
183,.193499,.1966092,.1936334,.1932502,.1932397,.1967558,.1930905,.1933187,.1932575,.1968184,.1933066,.1934718,.1934676,.2018342,.1936061,.1936607,.196539,.1987717,.1937447,.195872,.1932196,.1933163
184,.1940331,.1996872,.1937636,.1934825,.1936668,.1985744,.1937257,.1934681,.1938515,.1986061,.1938189,.1934019,.1939309,.2027949,.1940205,.193871,.1991612,.1994421,.1938937,.1955265,.1930568,.1933237
185,.1937166,.1987017,.1936072,.1934203,.1936186,.1971959,.1935108,.1935757,.1936203,.1986072,.1935951,.193583,.1935612,.2021687,.1937192,.1938835,.1966349,.1987396,.1942342,.1957374,.1931625,.1935347
186,.1939069,.1989289,.1935267,.1934129,.1930584,.1976364,.1933185,.1932477,.1930804,.1977687,.1936575,.1934312,.1933293,.2014993,.193387,.1935028,.1997552,.1996285,.1942385,.1957505,.1933502,.1931619
187,.1938,.1982017,.1938991,.1936191,.1938745,.1978921,.1937392,.1933523,.1936272,.1989356,.1936675,.1935306,.1941119,.2011699,.1937651,.1939723,.1990722,.1995049,.1943682,.1972228,.1936036,.193474
188,.1938412,.1986547,.1936736,.1933236,.1932397,.1980818,.1935466,.1931939,.1934415,.1975266,.1937612,.193274,.1934721,.2015911,.1934778,.193772,.1976721,.1995757,.1936807,.1952122,.1931098,.1936488
189,.1933416,.1976326,.1935667,.1932829,.193125,.1978751,.1931828,.1931394,.1933749,.1978917,.193578,.1931915,.19333,.2016014,.1931873,.1935197,.1960258,.1990821,.1937438,.1952079,.1933738,.1932343
190,.1934181,.1976155,.193569,.1933711,.1932178,.1977383,.1935183,.1933596,.1932801,.1969716,.1937026,.1936061,.1935523,.2006992,.1933699,.1937309,.1977206,.1996255,.1939255,.196014,.1933937,.1939744
191,.1936757,.1970931,.19352,.1935163,.1935292,.1971509,.193408,.1932585,.1934603,.197144,.1937106,.193507,.1933009,.2010381,.1933805,.1933843,.1964692,.2000593,.1940514,.1962329,.1936392,.1933131
192,.1938714,.1971671,.194054,.1931383,.1934178,.1974276,.1933893,.1931992,.1936603,.1976033,.1938022,.1933703,.1934725,.2003336,.1937986,.1935188,.1976368,.2001496,.1938109,.1965611,.1930226,.1931846
193,.1934089,.1976275,.193404,.1934805,.193427,.1978835,.1935587,.1934028,.1934527,.1963279,.193836,.1935055,.193624,.2013498,.193615,.193595,.196614,.1995453,.1942965,.1951928,.1935323,.1934821
194,.1934117,.1975078,.1932245,.1933442,.1935807,.1974149,.1934269,.1933407,.1936342,.1960126,.1933218,.1932366,.1935366,.2002748,.1934942,.1938904,.1975459,.1993522,.1942747,.1966608,.1933744,.1935415
195,.1937267,.1966878,.1934265,.193448,.1933465,.197108,.1931907,.1931735,.1933936,.1967347,.1935822,.1931802,.1934071,.2023119,.1933969,.1935204,.1964861,.1993483,.1936709,.1954649,.1932716,.1934292
196,.1932084,.198386,.1937836,.1931836,.1931444,.1978186,.1932683,.193253,.1933878,.1975778,.1937139,.1930967,.1934267,.2015937,.1936312,.1936125,.1973121,.1998751,.1938982,.1956552,.1936141,.1937679
197,.1936482,.1975714,.1936051,.1936201,.1931854,.1980538,.1933539,.1931367,.1932415,.1967063,.1938356,.1932619,.1934197,.2009551,.1937262,.1935583,.1970371,.1990962,.1941002,.195705,.1933014,.1935127
198,.1934109,.1976978,.193639,.1932863,.193386,.1969172,.1933842,.1931438,.1937279,.1980164,.1948975,.1930646,.1937425,.2010108,.1936873,.1934385,.1976977,.1995397,.1941092,.1961131,.1935918,.1934962
199,.1936192,.1983172,.1936166,.1929923,.1933226,.1974435,.1933958,.1929678,.1937347,.1964671,.1935566,.1930775,.1937488,.201222,.1935201,.193974,.1963984,.1991896,.1939791,.1958611,.1935094,.193651
200,.1934712,.1979471,.1933125,.1932462,.1933607,.1979658,.1931904,.19331,.1933678,.1972139,.1933208,.1932404,.193518,.201684,.1935266,.1935413,.1977288,.1997604,.1938805,.1956382,.1930068,.1932463
201,.1937025,.1980046,.1936948,.1934032,.1933368,.1979085,.1935325,.1933697,.1936109,.1978621,.1932798,.1935137,.1935827,.2005945,.1933081,.1936974,.1966518,.1989208,.1936731,.1962021,.1931331,.1934693
202,.193779,.1967001,.1936254,.1934761,.1933466,.1972515,.1933986,.1933253,.1932933,.1964058,.1934788,.1933,.1936437,.2021769,.1937463,.1937648,.1967067,.1995574,.1937321,.1957891,.1931459,.1935613
203,.1934148,.1975006,.1933785,.1933918,.1932569,.1972509,.1932104,.1931107,.1936947,.1974763,.1935392,.193437,.1937938,.2019935,.1939431,.1937283,.1976659,.2001142,.1936023,.1959462,.1932614,.1943
204,.1934399,.1964556,.1934778,.1932585,.1932054,.1984383,.193548,.1931687,.1933801,.1970336,.1931063,.1933519,.1933994,.2009488,.1933077,.1938177,.1968053,.1995598,.193551,.1954458,.1929873,.1930272
205,.1938085,.1968643,.1932109,.1933341,.1931549,.1972094,.1932937,.1930867,.1932737,.1971131,.1933949,.1932995,.1934964,.2013894,.1935633,.1939602,.1976415,.199103,.1938598,.1962049,.1933927,.1933752
206,.1934454,.1985472,.1938083,.193315,.1935705,.1987102,.1940141,.1933082,.1932546,.1980757,.19344,.1933429,.1932799,.2011505,.1937089,.1936503,.1967984,.2003237,.1940183,.1963601,.1934551,.1934932
207,.1938113,.1969646,.1940493,.1932954,.1936488,.1975679,.1936885,.1933276,.19371,.1976801,.1940583,.1932242,.1933781,.2017654,.1935244,.193481,.1987356,.2000024,.1937669,.1955448,.1936066,.1934851
208,.193505,.1977432,.1936179,.1934262,.1933035,.1975264,.1934784,.193326,.1934993,.1984181,.1938542,.193377,.193276,.2020564,.1936251,.193497,.1978939,.1989816,.1935955,.1961638,.193434,.1933486
209,.1937508,.1978864,.193969,.1932932,.1938045,.1977142,.1936306,.1934031,.193396,.1974894,.1937555,.1934122,.1933589,.2022085,.1934611,.1938538,.1972992,.1996925,.1935517,.1968068,.1934855,.1936854
210,.1938667,.1975801,.1938293,.1931208,.1934729,.1977086,.1932969,.1930994,.1936928,.1970072,.1935817,.1931817,.1937998,.2010286,.1935247,.1935397,.1974917,.1994824,.1940613,.1960372,.193666,.1931317
211,.1937964,.1971799,.1937099,.193508,.1937875,.1978834,.1933432,.1933041,.1934354,.1986399,.1934331,.1934644,.1937014,.2007111,.1936759,.1939859,.1965383,.199258,.1940325,.1957962,.1936873,.1932031
212,.193403,.1975401,.1932968,.193023,.193087,.1981185,.1931042,.193094,.1932178,.1969616,.1933812,.1930892,.1933803,.200968,.1932796,.1934765,.1976061,.1987083,.1938903,.1952006,.1931616,.1935305
213,.1934237,.1981888,.1934478,.1933082,.1930077,.1972243,.193061,.1932507,.1931098,.1981848,.1930853,.1933281,.1933044,.2015861,.1933613,.19365,.195869,.1992456,.1935567,.1955914,.1928854,.1932823
214,.1933689,.1979451,.1937183,.1934093,.1930745,.197318,.1933372,.1933385,.1934081,.1981667,.194092,.1935665,.1932937,.2012507,.1932232,.1936918,.1969332,.1995716,.1940026,.1957682,.1937321,.193558
215,.1933927,.1983764,.1934691,.1932617,.1935699,.1973677,.1934177,.1930564,.1936103,.1970036,.1936792,.1932425,.1937598,.2016953,.1937386,.1936128,.1976556,.1997836,.1941441,.1958006,.1931221,.1931249
216,.1933504,.198212,.1937694,.1936533,.19322,.1981683,.1936898,.1933295,.1932624,.1977545,.193671,.1935167,.1938767,.2005273,.1936698,.1934951,.1969328,.1997024,.1943336,.1962657,.1934312,.1935265
217,.1932836,.1976615,.1935868,.1931804,.1932601,.1974433,.1935713,.1933346,.1935834,.1974425,.193557,.1933564,.1936316,.2012502,.1936275,.1934998,.1976129,.1991926,.1935845,.1956354,.1932261,.1933483
218,.1936867,.1970162,.1937236,.1932423,.1937366,.1980889,.1933698,.1931238,.1935316,.1962408,.1936774,.1933777,.1933148,.2004137,.1932928,.1935891,.1976829,.2004801,.1940016,.1961699,.193563,.1934246
219,.1934204,.1978233,.1935086,.1934363,.1935268,.1976056,.193598,.1932649,.1937205,.1979163,.1933977,.193391,.1936601,.2015968,.1937956,.1937229,.1972232,.1995053,.1943019,.1964648,.1936245,.193692
220,.1935329,.1975056,.1937523,.19328,.1931678,.1971621,.1934854,.193228,.1933192,.1976569,.1932718,.1933051,.1934534,.20134,.1935358,.1935803,.196115,.1994423,.1933148,.1952602,.1930033,.1930784
221,.1938516,.198931,.1939372,.1939648,.1938644,.1977651,.1941597,.1936173,.1939434,.1972844,.1938028,.1937321,.1936725,.2022499,.1937447,.1937474,.1978985,.1993843,.193901,.196272,.193388,.1942497
222,.1934774,.1970882,.1933705,.1934601,.1932958,.1973829,.1935856,.1933405,.1932744,.1963239,.1933689,.1934188,.1936705,.2007305,.1936988,.1938739,.1975021,.1993529,.1943575,.1956442,.1930833,.1934402
223,.1936307,.1975079,.1940091,.1929324,.1933772,.1978279,.1931591,.1932711,.1936014,.196953,.1931287,.1928331,.1936509,.2011081,.1937586,.1935676,.1980327,.1998865,.1941673,.1962509,.193302,.1934295
224,.1934976,.1980996,.1932123,.193501,.1932513,.1972595,.1931817,.1936644,.1933474,.1972514,.1933163,.1938295,.1936649,.2006683,.1935886,.1940582,.197044,.1987655,.1941134,.1952188,.1933656,.1936681
225,.1936086,.1983362,.1934378,.1932147,.1933569,.197874,.1933169,.1930509,.193314,.197283,.1935225,.1931913,.1934868,.2005329,.1934203,.1934874,.1961293,.1994159,.1938541,.1963495,.1932712,.1932017
226,.1934093,.1986613,.1934277,.1933497,.1934127,.1979243,.193576,.1934406,.1933918,.1969018,.1935394,.193294,.1936065,.2011731,.1935598,.1935087,.1972036,.199252,.1944014,.1957066,.1931383,.1940079
227,.1939348,.1980158,.1936832,.1932979,.1936956,.198051,.1937907,.1933973,.193636,.1976463,.1936409,.1933963,.1935427,.2010968,.1933535,.1934917,.1976275,.1995578,.1937483,.1963191,.1933902,.1938146
228,.1933783,.1979693,.1934086,.193362,.1929586,.1979031,.1934365,.193093,.1931234,.1980521,.1934472,.1931825,.1934731,.2020947,.1934845,.1937274,.1965297,.1990391,.1942849,.1952008,.1933902,.1935503
229,.1932492,.1981196,.1931196,.1931291,.1931438,.196986,.1931389,.1931674,.1931387,.1974011,.1929181,.1933652,.1935913,.2006488,.1936659,.1935168,.1977337,.1993537,.1935901,.1958485,.1935135,.1932631
230,.193678,.197232,.1934436,.193372,.1934204,.1974971,.1933865,.1934055,.1930541,.1988668,.1933744,.1933827,.1936425,.2008986,.1936113,.1935831,.1974377,.2007647,.1940133,.1956753,.1933502,.1935371
231,.1933417,.1977341,.193391,.1935931,.1934127,.1976453,.1933086,.1935587,.1933578,.1972809,.1939533,.1933762,.1932616,.2021594,.1933715,.1938683,.198468,.1991739,.1936553,.1967389,.1932781,.1936425
232,.1938052,.1975826,.1935928,.1933403,.1932638,.1980105,.1935752,.1930288,.1937088,.1969021,.1940238,.19348,.1933872,.2014262,.1935863,.1934307,.197594,.2000491,.1940847,.1956153,.1936462,.194139
233,.1936156,.1980529,.1939221,.1933127,.1936718,.1973494,.1934721,.1933071,.1936012,.1973993,.1941939,.1935431,.1937109,.2011216,.1938289,.193756,.1976948,.1990415,.1943071,.1960138,.193354,.1930273
234,.1935945,.1980465,.1934457,.1934395,.1935552,.1980562,.1932931,.1932492,.1933362,.1974275,.1933347,.1936069,.1934787,.2026306,.1936601,.1937225,.1965283,.1991511,.1940006,.1959051,.1930962,.193147
235,.193376,.1968493,.1934076,.1934907,.1934597,.19728,.193326,.1933596,.1932652,.1980337,.1932794,.1933261,.1937197,.2019595,.1937417,.1938559,.1981466,.2004364,.1935363,.1964048,.1935971,.1932662
236,.1933384,.1973075,.1932903,.193418,.1932365,.1971326,.1929767,.1931288,.1934956,.1994379,.1933613,.1933572,.193311,.2001151,.1935699,.1936039,.1975858,.1986421,.1938615,.1955125,.1930258,.1935637
237,.1935647,.1978597,.1935049,.1934252,.1934676,.1969709,.1932136,.1934305,.1934063,.1973736,.1938047,.1933149,.1934168,.2010256,.1935001,.1936864,.19692,.1990235,.19409,.195495,.1932144,.1936511
238,.1932214,.1977966,.1932002,.1932574,.193142,.1971104,.1930329,.1932552,.1931727,.1963653,.1929393,.1931689,.1935799,.2017655,.1934744,.1935562,.1963662,.1996198,.1938443,.1953583,.1931609,.1934727
239,.1934687,.198068,.193327,.1932986,.1934397,.1970508,.1933154,.1932556,.1932119,.1968009,.1930861,.1931676,.1933621,.2003684,.1933767,.1935504,.1981737,.2006344,.1939563,.1962886,.1930971,.1932405
240,.1938123,.1983335,.1941044,.1933465,.1934377,.197292,.1932288,.1936746,.1935675,.1969518,.1935597,.1935936,.1936535,.2006107,.1935454,.1935537,.1988476,.1988828,.193719,.1963724,.193553,.1931466
241,.1932908,.1970429,.1933544,.193156,.1934634,.1974088,.1932699,.1930842,.1933758,.1970894,.1935261,.1930806,.1937125,.2015856,.1933702,.1934171,.1960147,.1993871,.1937591,.1955063,.1927955,.1934885
242,.1934691,.1978559,.1934338,.1934358,.1932833,.1970703,.1932466,.193282,.1932844,.1974543,.1940113,.1932812,.1933119,.2020242,.1933027,.1936321,.1958852,.1992793,.1934604,.1959078,.1929482,.193488
243,.193536,.197327,.1934362,.1935448,.193278,.1975011,.1934172,.193509,.1933566,.198031,.1937035,.1933117,.1935569,.201744,.1935392,.1939078,.1960768,.1994111,.1940478,.1950068,.193519,.1937159
244,.1934141,.1973818,.1933316,.1934118,.1934205,.1976118,.1934466,.193368,.193016,.1970952,.1935057,.1933779,.1936291,.2020017,.1936734,.1937044,.1963734,.1995968,.1946122,.19557,.1930328,.1935721
245,.1933286,.197132,.1933153,.1933574,.1931159,.1971088,.1933242,.1933746,.193116,.1961379,.1934801,.1933119,.193612,.2029289,.1935846,.1936576,.1970708,.1988685,.1937369,.1951716,.1931528,.193515
246,.1937063,.1971293,.193731,.1932704,.1935011,.197626,.193383,.1931363,.1934812,.1967602,.194276,.1932683,.1936448,.2016624,.1937442,.1936541,.1968571,.1994843,.1936584,.1957427,.192986,.1931038
247,.1930846,.1978734,.1932423,.1931065,.1931241,.1974831,.1930491,.1930094,.1931221,.1967762,.1930987,.1929154,.1931808,.2020397,.1931569,.1936229,.1961801,.1994292,.1933527,.1957384,.1933202,.1933782
248,.1933032,.1973322,.1931995,.1931651,.192842,.1980815,.1929916,.1932134,.1929353,.1967295,.1927656,.1931702,.1933344,.2023503,.1933671,.1935871,.1966976,.1988719,.193286,.1953653,.1933354,.1933641
249,.1934361,.1974351,.1933358,.1933092,.1933888,.197317,.1933849,.1932113,.1932693,.197467,.1933251,.1932756,.1935084,.2016367,.193334,.1934106,.1969049,.199541,.1933017,.1951718,.1927928,.1933939
250,.1935318,.1971926,.1934077,.19326,.1934065,.1975364,.1934463,.1931909,.1932314,.197291,.1932675,.1932822,.1934215,.200408,.1936811,.1935294,.1968666,.1998304,.1935943,.195684,.1931156,.1934028
251,.1934687,.197728,.1935074,.1933813,.1932217,.197906,.1934245,.1934358,.1932484,.1988562,.1937998,.1934415,.1933375,.2015461,.1935311,.1938609,.1979144,.198433,.1939787,.1958609,.1932713,.194067
252,.1936501,.1982527,.1935813,.1930957,.1932853,.1976005,.1935368,.1932203,.1932942,.19705,.1930547,.193192,.1936173,.2012234,.1936498,.19372,.1981537,.1994081,.1941564,.1957213,.1931552,.193326
253,.1937622,.1978846,.1935567,.192968,.193168,.1975861,.1934141,.1932899,.1934567,.1972715,.1933538,.1930985,.193433,.2015616,.1935985,.193662,.1972864,.1991983,.1937274,.1957864,.1931832,.1937756
254,.1941539,.1989764,.1939809,.1935891,.1930338,.1981983,.1935799,.1934385,.1935085,.1973573,.1942667,.1932187,.1935299,.2020839,.1936704,.1935314,.1975552,.1997157,.1941425,.1961597,.1931509,.1936355
255,.1933788,.19722,.1933658,.1932417,.1931634,.1977478,.1931819,.1933638,.1935168,.1972246,.1932764,.193434,.1936486,.2004419,.193544,.1935755,.1978256,.199901,.1943689,.1965259,.1931954,.1932539
256,.193082,.1963146,.1936577,.1934423,.1931014,.1969789,.1933535,.1932405,.193507,.1965952,.1932304,.193258,.1933545,.201865,.1933823,.1935778,.1976064,.1992659,.1936089,.1952792,.1928492,.1932551
257,.1933256,.197499,.1934297,.1933798,.1934305,.1968521,.1934459,.1933264,.1937046,.1960842,.1939831,.193319,.193549,.2007639,.1934741,.1935642,.197637,.1990123,.1938966,.1957771,.1933782,.1932078
258,.1934751,.1988775,.1936961,.1933472,.1933763,.1978283,.1932601,.1933967,.1933023,.1991009,.1930788,.193378,.1935209,.2019663,.193535,.1935717,.1971149,.1991927,.1936154,.1956961,.1934863,.1937598
259,.1933531,.1986181,.1936383,.1933669,.193305,.1980484,.1933955,.1933805,.1933757,.1973762,.1933811,.1932524,.1936149,.2009491,.1937098,.193834,.1983467,.1993027,.1936487,.1958362,.1932449,.1934557
260,.1936667,.1964404,.1939074,.1933532,.1934364,.1976997,.1935606,.1932917,.1933394,.1974787,.1934274,.193286,.1937707,.2013733,.1936932,.1935315,.1954345,.1988362,.1938217,.1956851,.1930754,.1933196
261,.1932461,.1985178,.1934493,.1934455,.1931317,.1977173,.1934078,.1932844,.1931829,.1970361,.1936679,.193362,.1932108,.2013587,.1933777,.1935379,.1983927,.1998863,.1939537,.1964146,.1931699,.1932907
262,.1933467,.197062,.1934731,.1933306,.1933434,.1972292,.1933514,.1933959,.1932982,.1971797,.193511,.1933282,.1932764,.2012632,.1935135,.1935778,.1980684,.1991811,.1936168,.1962682,.1927682,.1941024
263,.1933283,.197366,.1936595,.1934679,.1931781,.1972919,.193111,.1930813,.1937295,.1970799,.1941272,.1932393,.1934877,.2017929,.1935469,.1936215,.1971709,.1993095,.1934095,.1962409,.1930759,.1933154
264,.1933294,.1987691,.193376,.1932457,.1930013,.1972148,.1931339,.1931076,.1932902,.1979358,.192888,.1932193,.1935531,.2022223,.1936258,.1933635,.1969456,.1989823,.1933672,.1953051,.1931885,.1935093
265,.1935292,.1971369,.193751,.1934601,.1933749,.1983246,.1933566,.1931966,.1935518,.1974242,.1936789,.1932507,.1934828,.2025348,.1935101,.1936655,.1971091,.199866,.1934362,.1963783,.1932837,.1936281
266,.1930479,.1979087,.1936364,.1931034,.1929003,.1975223,.1931433,.1931948,.193038,.1967814,.1932583,.193231,.1933105,.2012973,.1932413,.1936303,.1960142,.2000155,.1936038,.1958841,.1932124,.1935868
267,.1937806,.1977953,.1933927,.193192,.1932893,.197497,.1936578,.193332,.1934632,.1970597,.1934126,.1931447,.1935614,.2013387,.193616,.1935269,.1966193,.1991699,.1937493,.1956389,.193116,.1934371
268,.1934753,.1973185,.1934187,.1935137,.1934726,.1972067,.1936053,.193207,.1934355,.197016,.1936976,.193339,.1935765,.2012985,.1938021,.1935522,.1987163,.1987689,.1941018,.1961195,.1928832,.1936266
269,.1930104,.1967007,.1935472,.1932559,.193004,.1980399,.1932918,.1931768,.192984,.1980496,.1934884,.1932606,.193515,.2015931,.193558,.1936174,.1976212,.1987768,.1935335,.1963072,.1930057,.1939396
270,.1931729,.1975755,.193344,.1932929,.1932592,.1976548,.1934516,.1933192,.1937007,.1962931,.1934562,.1932315,.1933026,.2018261,.1936271,.1935071,.19796,.198768,.1939339,.1959849,.1935889,.1933999
271,.1936383,.1976829,.1935328,.1933453,.1932546,.1976682,.1930533,.1932079,.1932513,.1986937,.1931474,.1931079,.1933472,.2004561,.1934075,.1937653,.1971276,.1992868,.1939128,.1965134,.1934929,.1933151
272,.1935428,.1971166,.1937101,.193208,.1936794,.1971775,.1937028,.1932078,.1937053,.1997817,.1943916,.1933159,.1931048,.2003966,.1933799,.1933453,.1972662,.1999208,.1937599,.1963952,.1932381,.1930678
273,.1930486,.1968935,.1934216,.193249,.1932576,.1980091,.1935428,.1932033,.1936384,.1968568,.1935927,.1933486,.1933968,.2015789,.1933832,.1935966,.1977922,.1999601,.1941273,.1957252,.1933184,.194154
274,.1937204,.1979791,.1938092,.1933427,.1935631,.1976106,.1937395,.1933147,.1936142,.1971324,.1939933,.193177,.1934729,.2011851,.1934917,.1935084,.1979529,.2001672,.1939218,.1966392,.1932652,.19384
275,.1936347,.1972585,.1938058,.1931498,.1938701,.1982602,.193829,.1932708,.1934707,.1975763,.1940614,.1933035,.1936328,.2013992,.1937156,.1935668,.1979477,.1998865,.1938413,.1961023,.1933627,.1934691
276,.1932865,.1976508,.1933376,.1934544,.1934347,.1975247,.1936312,.1931833,.1932341,.1967319,.1931991,.1934837,.1936313,.2007582,.1936297,.1936541,.1977239,.1987796,.1935387,.1960256,.1929553,.1939399
277,.1935453,.1984438,.1933518,.1931355,.1932727,.1977623,.1932313,.1929467,.1929135,.1970453,.1929821,.1929274,.1932421,.2018292,.1931758,.1935336,.1975492,.1996811,.1933777,.1963127,.19343,.1935857
278,.1937728,.1972122,.1937946,.1933998,.1938473,.1975027,.1939352,.193193,.193844,.1983188,.1936096,.1932765,.1933648,.2007522,.1935124,.1937232,.1970658,.1998312,.1935872,.1953796,.1929365,.1929797
279,.1935575,.1980927,.1937252,.1932431,.1934108,.1978575,.1934077,.1932515,.1935897,.1988297,.1935153,.19339,.1936959,.2006441,.1936547,.1936661,.1964746,.1991713,.193392,.1952511,.1931133,.1935399
280,.1935706,.1981134,.1936972,.1930968,.1932639,.1982915,.1939101,.1931387,.193428,.1987969,.1936753,.1930994,.1932513,.2019771,.1933575,.1933734,.1983552,.2003231,.1935073,.1960325,.1932818,.1934922
281,.1937261,.1977488,.1934943,.1930772,.1933247,.1978585,.1933085,.193142,.1936252,.1981577,.1933547,.192816,.1933635,.2018888,.1935371,.1935345,.1974304,.2002122,.1942517,.1964514,.1929876,.1932235
282,.1934408,.1990465,.1935631,.1931733,.1931565,.1977053,.193451,.1933205,.1930655,.1978743,.1934023,.1932394,.1934653,.2002327,.1935982,.1935386,.1991116,.1991894,.1943174,.1962654,.1928991,.1934329
283,.1935873,.1965084,.1935145,.1933548,.1934537,.1972542,.1933777,.1932388,.193546,.1971353,.1937614,.1932837,.193492,.2019828,.1935938,.1936765,.1975029,.1999509,.19384,.1955751,.1933224,.193485
284,.1934784,.1975913,.1935186,.1936048,.1931742,.1970332,.193495,.1934076,.1937224,.1969191,.193699,.19367,.1937052,.2016299,.1937781,.1937397,.19746,.1994483,.1937962,.1958491,.1932878,.1943313
285,.1934848,.1977659,.1939369,.1932197,.1933138,.1979243,.1932172,.193134,.1936177,.1964194,.1937034,.1931158,.1937557,.200751,.1935372,.1938222,.1967599,.1998647,.1937454,.1959284,.1932399,.1932616
286,.193576,.1976532,.193396,.1933329,.1931282,.1974045,.1931638,.1931753,.1933143,.1966895,.1935375,.1931256,.1931818,.2020129,.1932824,.1938654,.1960261,.198903,.1934633,.1954556,.1928292,.1931404
287,.193719,.1971895,.1940401,.193337,.1936254,.1980628,.1934822,.1933512,.1940033,.1967566,.1933842,.1932843,.1937999,.2025969,.1938448,.1938354,.1974805,.1992046,.1942379,.1953473,.1934177,.1934998
288,.193884,.197943,.1937707,.1934201,.1934581,.1973604,.1936885,.1932793,.1935671,.1982834,.1940064,.1933005,.1936818,.2005617,.1935543,.193625,.1969776,.1997953,.1939484,.1960563,.1932062,.1932536
289,.1931377,.1982479,.1933103,.1931423,.1932498,.1973896,.1930875,.193002,.1931517,.1984204,.1932062,.1931058,.1931936,.2000488,.1932116,.1935814,.1967119,.1991933,.1936859,.1955351,.1933026,.1939218
290,.1936522,.1973151,.1939797,.1933873,.1933871,.1980548,.1932699,.1933252,.1936501,.1970922,.1937212,.1933869,.1935572,.2028994,.1935855,.193846,.1963775,.1991909,.193746,.1955015,.1934979,.1943641
291,.1936409,.1964643,.1935623,.1933729,.1932988,.1972298,.1933368,.1932952,.193435,.1978825,.1936695,.1935312,.1935497,.2023983,.193644,.1937318,.196871,.1995226,.1937169,.1954332,.1932247,.1936201
292,.1934873,.1976064,.1933586,.1931541,.1932519,.1974544,.1931763,.1930113,.1935552,.1986764,.1936189,.1931269,.1935149,.2017653,.1935861,.1937988,.198112,.1996025,.1938298,.1960051,.193166,.1936801
293,.193593,.1991453,.1934643,.1935148,.1935073,.1977249,.1935198,.1932969,.1933776,.1995911,.193353,.1935592,.1936461,.2019508,.1937674,.1938798,.1976956,.1998138,.1940691,.1954832,.1933661,.1938932
294,.1932795,.1974005,.1935376,.1932587,.1934673,.1976656,.1933458,.1931662,.1933617,.1972385,.1933886,.1933413,.1935789,.2006263,.1935039,.1935803,.1978533,.1993333,.1938054,.1955685,.1931321,.193279
295,.1934961,.1969362,.1937796,.1935772,.1935703,.1974144,.1935415,.1934939,.1933879,.1963589,.1935921,.1935067,.1935196,.2006251,.1933384,.1936289,.1964868,.1995555,.1939621,.1961818,.1931053,.19372
296,.1933946,.197807,.1934908,.1936491,.1935007,.1985037,.1933163,.1931213,.1933321,.1971222,.1933782,.1930411,.1934568,.2016741,.1934442,.193643,.1974544,.1997189,.1937349,.1964641,.1930811,.1934236
297,.1935004,.1973529,.1937388,.1933942,.193856,.1977367,.1936419,.1933035,.1939412,.1976485,.1936192,.193396,.1935778,.2014021,.1935098,.1936902,.1967893,.1994099,.1940363,.1959299,.193576,.1936617
298,.1932006,.1980695,.1933225,.1931182,.1932719,.197181,.1933671,.1930059,.1933269,.1984219,.1937616,.1932829,.1933852,.2020121,.1933409,.1934727,.1983058,.1993429,.1940347,.1966193,.1932715,.1938163
299,.1938344,.1968448,.1937841,.1932791,.1938462,.1975737,.1938217,.1930345,.1939033,.1985391,.1942183,.1933536,.1934811,.200623,.1934493,.1935654,.1995338,.2002428,.1941702,.1966995,.1929249,.1937888
300,.1934527,.1987571,.1935528,.1937699,.1935346,.1979927,.1935159,.1936449,.1936359,.1984161,.1933445,.1933625,.1935974,.2007467,.1936999,.1936144,.1974572,.1996462,.1942398,.1953415,.1934536,.1935238
301,.1934411,.1970899,.1935424,.1934154,.1932933,.1977956,.1931504,.1932449,.1931182,.1964278,.1936286,.1932281,.1936356,.2020877,.1936757,.19368,.1971114,.1993066,.1935235,.1963804,.1931241,.1933489
302,.1931147,.1989942,.1932899,.1932845,.192927,.1969387,.1931575,.1932958,.1933701,.1973827,.1932448,.1932322,.1935647,.2012354,.1935546,.1936389,.1971221,.2001044,.1938193,.1952104,.192975,.1930562
303,.1936569,.1981068,.1939468,.1934043,.1932464,.1982904,.1934403,.1930774,.1932703,.1980177,.1934542,.1932263,.1934599,.2006984,.1935258,.1935484,.1978149,.1996924,.1939883,.1957852,.1933125,.1947415
304,.1935577,.1973978,.1935768,.1935575,.1936833,.1973198,.193326,.1933036,.1933823,.1969808,.1934964,.1932688,.1934201,.2004507,.1935452,.1935184,.1990287,.1990988,.1939328,.1962128,.1932392,.1933553
305,.1939233,.1985042,.1941379,.1931767,.1937467,.1979366,.1938011,.1931052,.1939514,.1973201,.1938963,.1932949,.193875,.2010391,.1935667,.1935553,.1982747,.1997224,.194331,.1960335,.1933054,.1940876
306,.1933209,.1980166,.1935758,.1932128,.1929937,.1969948,.1933154,.1933735,.1932439,.1975294,.1932337,.19325,.1933491,.2023803,.1934925,.1936052,.1971563,.1994297,.1934474,.1960788,.1933413,.1931431
307,.1937542,.1985044,.1936349,.1935815,.1933247,.1975264,.1933116,.1931841,.1930692,.1979339,.1934383,.1934576,.1934724,.200921,.1936382,.193849,.1968718,.1989602,.1936934,.1948697,.1936766,.1941026
308,.1934174,.196731,.1933581,.1932497,.1931599,.197688,.1930955,.1931137,.1938085,.196959,.1932402,.1930622,.1936293,.1999753,.1936242,.1937301,.1989368,.1996311,.193901,.1963919,.1930468,.1934179
309,.1935886,.1966514,.1935349,.1935183,.1933425,.1976776,.1935979,.1933089,.1938506,.1967028,.1937949,.1933924,.1935168,.2012383,.1936549,.1935866,.19602,.2000925,.1939432,.1957447,.1932248,.1930972
310,.1936355,.1983174,.1935724,.1934577,.1934367,.1985979,.1935634,.1931147,.1935345,.1978174,.1936561,.1932261,.1934783,.2012982,.1934981,.1935701,.1965973,.1999844,.1935442,.1958602,.1934412,.193207
311,.1938453,.1979377,.1938291,.1936901,.1936102,.1980758,.193534,.1933735,.193984,.1972521,.1939325,.1933654,.1938218,.2024902,.1939579,.1937473,.197615,.1994192,.193951,.195265,.1934589,.193991
312,.1934073,.1983273,.1933044,.1932703,.1933308,.1980851,.1934854,.1931907,.1936088,.1965196,.1932271,.193218,.193274,.2015272,.1934874,.1934715,.1974396,.1992329,.1935663,.1956303,.1932997,.1933617
313,.1935431,.198297,.1933886,.1933186,.1934804,.1978174,.1931998,.1931894,.1933414,.196981,.1931623,.1934825,.1935632,.2019314,.1935349,.1937786,.1969583,.1997031,.1935147,.1950563,.1937769,.1941715
314,.193489,.1986599,.1938672,.1933461,.1935481,.1974927,.1938114,.1934168,.1937178,.1972874,.193671,.1935082,.1935589,.2008954,.1936593,.1938067,.197347,.1994845,.1941351,.1968205,.1930499,.1944871
315,.1934439,.1973072,.1937954,.1933399,.1932232,.1985527,.1932132,.1932415,.1930747,.1970573,.1932913,.1931008,.193328,.202043,.1933723,.1935161,.196158,.1995219,.1936105,.1957539,.1931653,.1930029
316,.1937682,.1968431,.1936564,.1937552,.1935505,.1973278,.1935818,.1933646,.1937394,.1974831,.1932232,.1934817,.1934911,.2009941,.1932743,.1936012,.197545,.1996031,.1942116,.1961363,.1931327,.1937844
317,.1930429,.1986321,.1935679,.1933422,.1932338,.1983736,.1932984,.1932256,.1934729,.1989002,.1933815,.1934046,.1934701,.2020519,.1931864,.1936952,.1976299,.1991913,.1934881,.1954324,.193284,.1937792
318,.1935132,.1983644,.1935073,.1931073,.193,.1984863,.1933661,.1931011,.1929577,.1991495,.1930668,.1929778,.1937583,.2005723,.1935661,.1935695,.1964463,.1993122,.1938113,.1954088,.1930486,.1935441
319,.1934639,.1972181,.1935447,.1932421,.1934506,.1977296,.1934476,.1932352,.1935891,.1988508,.1934297,.1933714,.1935899,.2012614,.1938626,.1935554,.1965948,.199057,.1943112,.1955952,.1930775,.1938874
320,.1935869,.1974397,.19367,.1934353,.1934793,.1978647,.193466,.1934187,.1935626,.1972752,.1937985,.1933485,.1932977,.2016879,.1934464,.1935063,.1966471,.1998296,.194007,.1959513,.1934399,.1932759
321,.1938784,.1978044,.1935944,.1932296,.1934786,.1977668,.1933882,.1932394,.1933297,.1961097,.1934559,.1933842,.1933602,.2005263,.1935463,.1937655,.1977906,.1989427,.1939371,.1968429,.1933288,.1936175
322,.1931393,.1966176,.1933065,.1932443,.1929645,.1980682,.1930972,.1933059,.1930589,.1972095,.1938453,.1930529,.193437,.2023075,.1932991,.1935937,.1974542,.1991303,.193474,.1951734,.1933779,.1932808
323,.193601,.1979796,.1933847,.1935118,.193354,.1979572,.1934617,.1933611,.1936441,.1972796,.1935432,.1934048,.1938636,.2014229,.1938794,.1937253,.1975885,.2000693,.1937385,.1956462,.1927983,.1932628
324,.1934835,.1985222,.1933078,.1934066,.1933346,.1969104,.1933044,.1931944,.1933888,.1965458,.1931869,.1931481,.1933485,.2016004,.1934599,.1934648,.1980839,.1988446,.1937767,.1956979,.1931526,.1934108
325,.1934476,.1985676,.1934393,.1932765,.1933586,.1984714,.1933527,.1932719,.1933772,.1999528,.1933932,.193279,.1932476,.2022931,.1933673,.193828,.2000469,.1996573,.1946998,.1955345,.1933326,.1935646
326,.1933983,.197826,.193548,.1933879,.19344,.1977539,.1939525,.1930488,.1931863,.1969544,.1936491,.1933736,.1934398,.2010301,.1936262,.1935863,.1973847,.1989746,.1936217,.1955185,.192995,.1936823
327,.1936713,.1978099,.1932297,.1935895,.1934137,.1977972,.193272,.1932899,.1935686,.1973961,.1936757,.193424,.193518,.201831,.1936757,.1934872,.1976348,.1990848,.1939141,.1955158,.1928374,.1931562
328,.19345,.1975486,.1933526,.193456,.1934006,.1973343,.1930942,.19331,.1933534,.1974782,.1932412,.1933113,.1935732,.2016531,.1937038,.1937295,.1992561,.1994829,.1938749,.1961774,.1934142,.1935003
329,.1937871,.1976647,.1935502,.1932876,.1933001,.198433,.1933131,.1930834,.1932141,.1968154,.193558,.1933261,.1933262,.2015964,.193564,.193504,.1975357,.1997086,.1937811,.1962849,.1929731,.1932006
330,.1936858,.1971059,.1934943,.1932117,.1933935,.1973975,.1936763,.1932282,.1932611,.1983851,.1933291,.1931835,.19342,.2010384,.1934908,.1935754,.1970952,.1992087,.1940995,.1957513,.1936165,.1936568
331,.1934143,.1973475,.1935829,.1931627,.1937013,.1978863,.1936244,.193176,.1935036,.1970841,.193548,.1930775,.1935723,.2018552,.1935891,.1934332,.1970569,.1996346,.1937599,.195851,.1933555,.1936814
332,.1939751,.1971732,.1938304,.1934061,.1935134,.1978644,.1936681,.1931578,.1933405,.1970794,.193356,.1934275,.1935186,.2013784,.1936522,.193582,.1966946,.1993942,.194134,.1952145,.1933041,.1933466
333,.1933809,.19765,.1935551,.1933179,.1934181,.197488,.1934718,.1933643,.1933432,.1968537,.1932817,.1930578,.1933694,.2010366,.1934924,.1936275,.1966692,.1994334,.1941407,.196153,.1934558,.1940131
334,.1936751,.1975005,.1931714,.193242,.1932126,.1977324,.1931095,.1931847,.1933889,.1967947,.1935075,.1933132,.1937438,.2019095,.1934151,.1938629,.1971394,.1995708,.1935684,.1953172,.1930306,.1935647
335,.1940706,.1970901,.1935864,.1932825,.1935366,.1978773,.1935925,.1932172,.1936836,.1968483,.1940115,.1933104,.1937569,.2009002,.1935928,.1937104,.1962487,.1991539,.193933,.1956881,.1930365,.1934643
336,.1935906,.1986133,.1933034,.1932809,.1935513,.1974145,.1929446,.1934485,.1933609,.1979011,.1940358,.1933264,.1932022,.2013235,.1933446,.1936105,.1982896,.1995455,.1936767,.1969441,.1932402,.1930416
337,.1933495,.1982269,.1936969,.1933633,.1931207,.1974514,.1933181,.1932582,.1931307,.1980431,.1934978,.1933043,.1932455,.2015015,.1932706,.1934986,.1961767,.199191,.1938549,.1957328,.1929815,.1936451
338,.1936589,.1974576,.1935941,.1933724,.1931875,.1977323,.1932916,.1933235,.1931514,.1970493,.193286,.1934279,.1933859,.2019073,.1935342,.1935631,.1980404,.1993645,.1932854,.1954465,.1932043,.1930671
339,.1931924,.1979126,.1935309,.1932268,.1928411,.1978117,.193098,.1930145,.1931504,.1974437,.1929222,.1932305,.1934323,.2014216,.1933868,.1936808,.1988162,.1992836,.1937454,.1961141,.1932674,.1931326
340,.1934921,.1975637,.1933229,.1932862,.1930049,.1978841,.1933215,.1932587,.1931196,.1973659,.1933639,.1932335,.1934594,.2021616,.1933856,.193487,.1983961,.1996569,.1937054,.1956723,.1936601,.1940223
341,.1935882,.1980314,.1934514,.1934585,.1931355,.1978315,.1933001,.193144,.1935248,.1964101,.1938199,.1934022,.193428,.2006538,.1935718,.1934645,.1969263,.1996709,.1945859,.1961019,.1930507,.1934226
342,.1941831,.1996545,.1935609,.193593,.1932301,.1984171,.1936053,.1935577,.1932876,.1990537,.1933867,.1935138,.1934817,.2011389,.1937189,.1938086,.1959506,.1992806,.193843,.1959432,.1938178,.1933787
343,.1936525,.1974761,.193645,.1933355,.1935947,.1976786,.1936384,.1933503,.1935768,.1983569,.1935092,.1932933,.1937215,.2015419,.1936649,.1935675,.199067,.1995748,.1942401,.1960778,.1935396,.1939198
344,.1931159,.1975253,.1934171,.1933717,.1930906,.1977184,.1932693,.1931973,.1933468,.1966181,.1932471,.1931847,.1933506,.2015294,.1935454,.1933681,.1978741,.1992842,.1935886,.1963806,.1931661,.1932803
345,.1932976,.1976741,.1932897,.1930622,.192986,.197494,.1933131,.1930216,.1934967,.1979988,.1935181,.1929311,.193382,.2021492,.1934092,.1934881,.1969912,.1994256,.1936702,.1957202,.1930494,.1942404
346,.1934428,.1979573,.1938648,.1933768,.1935959,.1970564,.1934642,.1931201,.1940123,.1969364,.1936816,.1932888,.1934468,.2006812,.1934683,.1935381,.1960036,.1990315,.1939358,.1953858,.1932634,.1932493
347,.1932084,.1986861,.193424,.1932109,.1930646,.1977512,.193298,.19323,.1933463,.1977518,.1939133,.1934597,.1936701,.2019307,.1937234,.1937765,.1971358,.1999921,.1937168,.1954047,.1930844,.1933026
348,.1936326,.1970398,.1935747,.1934498,.1934882,.1977249,.1936419,.1935047,.1933209,.1966431,.1934413,.1934114,.1938585,.2004708,.1938263,.1935329,.1971042,.1993662,.1937872,.196136,.193164,.1932788
349,.1933657,.1979971,.1934755,.1933339,.1932558,.1981413,.1935683,.1931622,.193395,.1992534,.193277,.1930691,.1937205,.2015447,.1936425,.1935848,.1979915,.1998353,.1939107,.1960417,.1934554,.1935391
350,.1933557,.1973574,.1935691,.1931527,.1931272,.1976637,.1934974,.1932639,.1930831,.1973067,.1933718,.1932222,.1934063,.2018037,.1933702,.1938296,.1969667,.1991335,.1939262,.1951044,.193194,.193687
351,.193628,.1981596,.1935269,.1933581,.1933537,.1980366,.1933275,.1931304,.1935728,.1968559,.193757,.1933153,.1937076,.2018704,.1934193,.1934703,.1974166,.19982,.1938119,.1960403,.1931114,.1934977
352,.1934872,.1988682,.1936745,.1934101,.1934681,.1985647,.1935527,.1933106,.193516,.1982394,.19397,.1934195,.1933321,.2016197,.193471,.1936236,.1980478,.1994711,.1941588,.196091,.1933375,.1937615
353,.1932521,.1965783,.1937619,.1933516,.1933072,.1981571,.1934969,.1934503,.1932907,.1970964,.1936356,.1934104,.1934423,.2020331,.1935396,.1936254,.1964671,.1995043,.1939036,.1954545,.1932791,.1932977
354,.1934258,.1980247,.1936123,.193318,.1932641,.1978053,.193376,.1932097,.1934717,.1978264,.1936245,.1934021,.1933188,.2005428,.1934447,.1937316,.196198,.1999535,.1934827,.1962409,.1931027,.193521
355,.1936074,.198156,.1933028,.1933167,.1935683,.1974655,.1931655,.1930597,.1934011,.1976344,.1938282,.1929803,.1933233,.2017975,.1931386,.1933458,.1978514,.1992002,.1932459,.1963964,.193279,.193602
356,.1935997,.1973885,.1934624,.1934764,.1928825,.1983718,.1933828,.1932227,.1934024,.1991831,.193211,.193216,.193616,.2006881,.1935394,.1940049,.1975657,.1997135,.1935829,.195705,.1933264,.1935561
357,.1937304,.197069,.193749,.1932969,.1935503,.1972758,.1935848,.1930118,.1936645,.1972773,.1934123,.1931588,.1939283,.2001216,.1937784,.1935711,.199036,.1997984,.1941126,.1957629,.1933364,.1931572
358,.1935193,.1969054,.1937298,.1934448,.1932622,.1976953,.1934679,.1931354,.1931254,.1995256,.1932546,.193243,.19373,.2001743,.1935772,.1938575,.1974143,.2000218,.1940941,.1958535,.193166,.1934839
359,.1933147,.1971388,.193705,.193689,.193109,.1973276,.193298,.1933959,.1935808,.1971037,.1931091,.1935284,.1935809,.2015536,.1936997,.1936053,.197779,.1989412,.1936766,.1961112,.1932265,.1936313
360,.1933974,.1992543,.1935333,.1935033,.1932712,.1981924,.1932933,.1933563,.193473,.1990374,.193444,.1932224,.1934882,.2020625,.1933586,.1936752,.1978312,.1997885,.1936658,.1957549,.1932738,.1931979
361,.1932204,.1968867,.1933705,.1933841,.1930363,.197761,.1931331,.1930841,.1932445,.1967281,.1935656,.1932018,.1934795,.2023675,.1934874,.1936356,.1968733,.1990827,.193961,.1961158,.1928817,.1947991
362,.1934342,.1964095,.193257,.1931048,.1932487,.1980491,.1933806,.1929284,.1930066,.1975447,.1942256,.1930417,.1933146,.2020835,.1934521,.1935761,.1959546,.1997535,.1930751,.1954724,.1929169,.1940441
363,.1934819,.1965212,.1932277,.1935052,.1929809,.1970579,.1929211,.1933037,.1931588,.1969492,.1932871,.1931447,.1932409,.2021683,.1931064,.1934769,.1991922,.1993261,.1939607,.19665,.1929989,.1933239
364,.1936948,.1979445,.193276,.193706,.193484,.1979439,.1931349,.1933147,.1931995,.1969155,.1932525,.1932835,.1934619,.2013297,.1936139,.1936221,.1975014,.1985245,.193395,.195925,.1934659,.1933151
365,.1934305,.1977227,.1934797,.1932247,.1934871,.19826,.1933836,.1931724,.1934413,.1978475,.1935538,.1933246,.1932446,.2017984,.1933458,.1937971,.1975871,.1998172,.1937333,.1958041,.1927419,.1934846
366,.1930865,.1966295,.1937104,.1930667,.1930486,.198098,.1934901,.1932202,.193624,.1971976,.1931385,.1932495,.1931852,.2014039,.193372,.193568,.1964288,.20002,.1938007,.1958893,.1933166,.1933984
367,.1936954,.1984238,.1936986,.1936533,.1934897,.197823,.1938277,.1934536,.1935399,.2010034,.193914,.1933685,.193824,.2017866,.1939462,.1939474,.1971122,.1999876,.194044,.1953055,.1930507,.1933635
368,.1935611,.1976304,.1937185,.1934133,.1933057,.1972573,.1932766,.1932858,.1932445,.1969071,.1930631,.1935132,.1935158,.2006644,.1933846,.1936096,.1970322,.1991761,.1939121,.1954559,.1928707,.1932723
369,.1933444,.1965601,.1935206,.1935327,.193257,.197832,.1931329,.1932969,.1933686,.1965946,.1935705,.1932499,.1934045,.2020729,.1931963,.1935077,.1964122,.1994376,.1942574,.1953935,.1929701,.1930516
370,.1935559,.1986955,.193532,.1933942,.1934568,.1978824,.1934295,.1934331,.1931374,.1979471,.1933981,.1935481,.1933613,.2011645,.1935693,.1936893,.1979157,.1991777,.1933388,.1961676,.1934361,.1932257
371,.1933994,.1980167,.1935734,.1935086,.1932123,.1979716,.1933435,.1935221,.1933313,.1987031,.1933746,.1934868,.193493,.2008387,.1936128,.1938401,.1976875,.1994577,.1934171,.1962015,.1932662,.1932373
372,.193494,.1968468,.1933973,.1931796,.1932079,.1981027,.1931141,.1932444,.1936554,.1972725,.1937191,.1933149,.1934709,.2006959,.193379,.1935088,.1966356,.1995464,.193574,.1965831,.1932772,.1934115
373,.1939618,.1983594,.1937087,.1936547,.1936437,.1971251,.1937555,.1931925,.1933382,.1968138,.1937171,.1934145,.1936945,.2016798,.1936102,.1935508,.1976623,.1996426,.1937519,.1952702,.1932466,.1939254
374,.1934506,.1977695,.1934393,.193372,.1933022,.197999,.193244,.193393,.1934351,.1999169,.193714,.193405,.1936169,.2016021,.1935816,.1936516,.1976934,.1995953,.1942359,.1952957,.1930892,.1933862
375,.1935723,.1973255,.1934985,.1933752,.1930918,.1985458,.1933783,.1931225,.1936857,.1990674,.1937836,.192996,.1932956,.2015674,.1935717,.1936583,.198534,.1995566,.1939149,.1954924,.1932276,.193261
376,.1935023,.1982958,.193438,.1932911,.193377,.1977975,.1932285,.1931656,.1933202,.1981318,.1936986,.1935522,.1932574,.2021456,.193405,.193465,.196731,.199014,.1936288,.1957011,.1930474,.1935837
377,.19337,.1979281,.193076,.1933247,.1932137,.1972058,.1933116,.1932576,.1933712,.1963937,.1931768,.193311,.193352,.201967,.1933873,.1934431,.197312,.1989808,.1936303,.1962516,.193041,.1932416
378,.1936112,.1980866,.1934624,.1933026,.193321,.1971098,.1932323,.1931286,.1934098,.1969785,.1935593,.1932794,.1935927,.2019312,.1937447,.1935389,.1966286,.1997363,.1941117,.1954415,.1931555,.1936901
379,.1932142,.1972321,.1932433,.193412,.193389,.1978731,.1931663,.1931212,.19309,.1969309,.1933291,.1932945,.1933067,.2015344,.1932277,.1936516,.1968609,.1994522,.1935354,.1960349,.1932146,.1933953
380,.1935675,.1968009,.1933023,.1936843,.1936349,.197546,.1934997,.1934371,.1931526,.1973428,.1933203,.1936414,.193403,.2008614,.1933689,.1936146,.1963508,.1995695,.1941092,.1958051,.1929376,.1931161
381,.1933672,.1965256,.1933499,.1933007,.1934025,.1972526,.193373,.1931652,.1934421,.1968548,.193599,.1933268,.1935377,.2008751,.193673,.193554,.1962782,.199021,.1937459,.1959517,.1930615,.1930565
382,.1933647,.1988019,.1935784,.1935444,.1933104,.1985495,.1933077,.1933188,.1930732,.1980045,.1934341,.1932791,.1932888,.2013665,.1933793,.1935148,.1970451,.1995968,.1940255,.1957256,.1939439,.1935612
383,.1933391,.1976181,.1939885,.1931936,.1931243,.1968605,.1931375,.1932322,.1936081,.1968396,.193476,.193318,.1933025,.2015264,.1935123,.1934791,.1972371,.1993271,.1939069,.1954906,.1935044,.193767
384,.1937293,.1980437,.1937601,.1934707,.1933447,.1968646,.1934622,.1933241,.1933952,.1983697,.1935052,.1933729,.1933236,.2019219,.1934741,.1936646,.1968607,.1998873,.1942195,.1956599,.1929737,.1932151
385,.1934631,.1975261,.1937314,.1933241,.1934247,.1978269,.19337,.1931715,.1939559,.1965669,.193681,.1931663,.193686,.2023396,.193606,.1936744,.1981684,.1998502,.1938087,.1954773,.19332,.1935124
386,.1938848,.1983372,.1937789,.1936978,.1936536,.1974305,.1937192,.1935849,.1933777,.1966368,.1935923,.1934647,.1935814,.2008248,.1935114,.1936571,.195997,.199214,.1935178,.1956133,.193267,.1934589
387,.1935028,.1980599,.1933336,.1934193,.1932731,.1979031,.1933213,.1934231,.1933948,.1987418,.1933721,.1934173,.1937355,.2020738,.193715,.1937328,.1978728,.1997625,.1937176,.1959416,.1933332,.1930649
388,.1931564,.1978526,.1934494,.1934452,.1934076,.1980422,.1933222,.1934016,.1931634,.196994,.1931689,.1935634,.1938372,.2018996,.19367,.1938776,.1970329,.1999454,.1946484,.1957028,.1934855,.1940158
389,.1931213,.1974741,.1933887,.1932237,.1932192,.1977575,.1932713,.1932701,.1932747,.1983767,.1929732,.1935322,.1935969,.2023702,.1935637,.1937107,.1970757,.1997284,.1934747,.1961572,.193192,.1932942
390,.1938876,.1969984,.1936283,.1934173,.1933349,.1978607,.1938505,.1932049,.1931354,.1977475,.1934179,.1933753,.1933355,.2020571,.1933678,.1939877,.1973201,.1990116,.1939703,.1955734,.1929897,.1929701
391,.193317,.1979845,.193551,.193519,.1934243,.1984084,.1935897,.193313,.1934607,.1972029,.1938785,.1937429,.1937311,.2009231,.1938283,.1937945,.1984277,.2000274,.1938626,.1952463,.1933895,.1932042
392,.1930985,.1969627,.193155,.1931349,.193085,.1979177,.193061,.1931797,.1931051,.1971261,.1931628,.1933224,.1933618,.2027284,.1932457,.1936848,.196801,.1993413,.1934529,.1960085,.1932481,.1937035
393,.193813,.1962845,.1932734,.1933374,.1932811,.1978371,.1931733,.1933281,.1933045,.1970696,.1935955,.1933111,.1933088,.2013368,.1933403,.1935853,.1970319,.1996493,.1939051,.1956986,.1933584,.1933303
394,.1934502,.1990739,.1933864,.1937882,.1933498,.1976621,.1934908,.1934743,.1933283,.1972519,.1934229,.1936659,.1936563,.2006436,.1935483,.1938677,.1967943,.1995519,.1943941,.1957679,.1932896,.1932288
395,.1935758,.1976121,.1936837,.193294,.1933663,.1970924,.1933692,.1932555,.193444,.1994841,.1935472,.1932376,.193549,.2006218,.1940017,.1936747,.1981071,.1991675,.1936832,.1957822,.1930041,.1932901
396,.1935713,.1971112,.1939979,.1933258,.1934035,.197754,.1939456,.1932376,.1933468,.196578,.1936293,.1933278,.1937256,.200996,.193636,.193889,.1975988,.199367,.1937436,.1954252,.1936697,.1935508
397,.1936783,.1987736,.1936581,.1933385,.193542,.1980396,.1933772,.1931006,.1936361,.1975274,.1936288,.1932543,.1934761,.2017358,.1934692,.1934278,.1970613,.1996175,.1941002,.1953857,.1933054,.1939628
398,.1935797,.1973811,.193703,.1934191,.1932674,.1978954,.1935438,.1931539,.1936022,.1964826,.1936507,.1933702,.1932262,.2012598,.1933618,.1935466,.1983028,.19986,.1938006,.1956729,.1936552,.1936035
399,.1934777,.1978523,.1932653,.1932946,.1932633,.1975014,.1933118,.1932537,.1932482,.1965494,.1933142,.1934526,.1933434,.200271,.1935053,.1935944,.1969851,.1989215,.1939173,.1955068,.1933873,.1933929
400,.1940169,.1968331,.1935124,.1932796,.1935164,.1976829,.1935149,.1933196,.1931603,.1973593,.1935283,.19319,.1934521,.2006143,.1936038,.1935412,.1970534,.1987438,.1938387,.1957762,.1931338,.193394
401,.1935965,.1972971,.1939483,.1936803,.1934697,.1971945,.193259,.1935379,.19355,.1964116,.1936649,.1935556,.1935778,.2012746,.1936633,.1937685,.1984993,.1988888,.1944695,.1963449,.1932005,.1934433
402,.1936983,.1980692,.1936757,.1933166,.1932685,.1979199,.1933548,.1932896,.1933871,.1967355,.193344,.1934433,.1934496,.2011855,.1936216,.1935933,.1973266,.199528,.193626,.1958193,.1931625,.1933993
403,.1933573,.1981534,.1934043,.193212,.1933153,.1981343,.1934274,.1932686,.1935398,.198455,.1933592,.1931925,.1935115,.201523,.1936533,.1935873,.1979398,.1996302,.1938776,.1958591,.1933686,.1943665
404,.1933936,.1976564,.1934968,.1932835,.1930357,.1976924,.1935168,.1932214,.1933677,.1975302,.1936381,.1930187,.193677,.2023765,.1936372,.1935932,.197686,.1996473,.1941729,.1950542,.1928774,.1932437
405,.1934226,.196979,.1937561,.1934511,.1934043,.1975262,.1933879,.1935806,.1934612,.1973084,.1934177,.1934802,.1935452,.2017965,.1936105,.19368,.1972009,.1993959,.1942018,.1957998,.1931521,.1935533
406,.1932222,.196837,.1935833,.1933065,.1932319,.1980545,.1933844,.1932799,.1931622,.1981191,.1935965,.193597,.1935573,.2014979,.1933798,.1934255,.1979416,.1991801,.1935123,.1956267,.1937486,.1930855
407,.193785,.1972613,.1934374,.1933321,.19335,.1971483,.1933532,.1932546,.1933471,.1985478,.1934938,.1930506,.1934483,.2002686,.1935292,.1934482,.1971948,.1996326,.1940333,.1962195,.1930856,.1940909
408,.1934768,.1976247,.1933227,.1933071,.1934504,.1972809,.1931935,.193141,.1935199,.1969421,.1939839,.1932928,.1934011,.2007941,.1935009,.193369,.1973675,.1991076,.1938358,.196297,.1930071,.1931334
409,.193128,.197251,.1934354,.1934123,.1932196,.1978296,.1932582,.193216,.1932283,.1961768,.1935199,.1933851,.1936745,.2012513,.193486,.1935879,.1986265,.1997886,.1943494,.1957881,.1928372,.1931793
410,.1935468,.1976294,.1935899,.1935028,.1933637,.1980064,.1933848,.1931405,.1930678,.1970411,.1934061,.1933741,.193532,.2017564,.193534,.1935598,.1971538,.2000076,.1940623,.1959406,.1936988,.1929377
411,.1932957,.1980146,.1932143,.1932402,.1930262,.1978796,.1932497,.1934591,.1933332,.1985948,.1937141,.1930892,.1936204,.2010753,.1933957,.1935582,.1974203,.1992292,.1938744,.195647,.1929104,.1932999
412,.193344,.1972652,.1933994,.1933644,.1932522,.1980061,.1932497,.1935243,.1934674,.1963658,.1936874,.193411,.1934495,.2012396,.1932888,.1936878,.1967072,.1988896,.1934766,.1961752,.1932076,.1936036
413,.1933153,.1987673,.193494,.1933583,.1933428,.1982373,.1933638,.1934114,.1934604,.1987682,.1940828,.1932004,.1934109,.2019077,.1933993,.1938068,.197183,.1996114,.1937565,.1960496,.1935765,.1935699
414,.1935229,.1971081,.1935149,.1932964,.1933954,.1983255,.1932783,.1932868,.1934132,.1969416,.1938618,.1932616,.1936937,.2014366,.1935814,.1936734,.1972649,.1987011,.1938572,.1954599,.1933153,.1937395
415,.1932227,.1960078,.1934941,.1932785,.193318,.1969247,.1933401,.193206,.1933191,.1958229,.1931256,.1931602,.1937142,.2017827,.1935324,.1935403,.197045,.1989827,.1938448,.1955595,.193004,.1935127
416,.1939527,.1986157,.1940212,.1932226,.1936381,.1980145,.1935481,.1934432,.1942874,.1986219,.1939979,.1931588,.1935124,.2012578,.1934556,.1932813,.1985497,.1996968,.1947446,.1959413,.1940153,.193519
417,.193429,.197284,.1936158,.1935189,.1932094,.1971123,.1936278,.1933473,.1932726,.1971564,.192936,.1936066,.1936787,.2013401,.193632,.1937761,.1974788,.1994224,.1939811,.1961169,.1935708,.1936054
418,.193846,.197378,.1931144,.1933305,.1932413,.1972369,.1931111,.1933902,.1933404,.1970422,.1933122,.1933058,.1934723,.2019137,.1934843,.1935477,.1964896,.1988449,.1936906,.1953533,.19307,.1938211
419,.1933711,.1977063,.1936625,.1932062,.1935313,.1974926,.1934122,.193547,.1935539,.1972518,.193812,.1934704,.1940619,.2022873,.1936965,.1937629,.1970424,.1989459,.1943126,.1955993,.1936065,.193969
420,.1937023,.1970492,.1933438,.1932639,.1931475,.1975491,.1934073,.1931725,.1934581,.1967754,.1935257,.193349,.1934346,.2017656,.1934259,.1934954,.1969456,.1996056,.1939593,.1960353,.1934393,.1933507
421,.1934906,.1978716,.193475,.1934928,.1933826,.197826,.1935565,.1932423,.1936828,.1977663,.1934479,.193378,.1932969,.2011311,.1934353,.1934879,.1989336,.199807,.194012,.1957942,.1930903,.1935345
422,.1933844,.197879,.1932919,.193173,.1931327,.1974943,.1935569,.1931707,.1934074,.1978552,.1934409,.1932243,.1933871,.2020528,.1935516,.1935776,.198522,.1994288,.1942771,.1957416,.1931967,.1931497
423,.1937212,.1979346,.194065,.1932666,.1935041,.197971,.1934572,.1934868,.1942158,.1992845,.1940547,.1934019,.1934943,.2003735,.1934026,.1937461,.1974188,.199186,.193617,.1957496,.193356,.1934396
424,.1936668,.1979434,.1936199,.1934832,.1935214,.1977951,.1931954,.1932616,.193371,.1981412,.1934823,.1931826,.1934219,.2016253,.1936083,.1935852,.1990647,.1997617,.1935347,.1964623,.1937011,.1934233
425,.193422,.1976289,.1936011,.1932093,.1936071,.1975457,.1932612,.1931603,.1941279,.1973988,.1933795,.1933651,.1936692,.2013901,.193494,.1936785,.197113,.1994343,.1941411,.1963,.1930633,.1933578
426,.1932874,.19823,.1936592,.1934656,.1934213,.197844,.1939335,.1933246,.1931942,.1974408,.1936836,.193384,.1932219,.201667,.1938662,.1936908,.1972055,.1994902,.1941482,.1963623,.1933332,.1931157
427,.1936501,.1975217,.1933896,.1933903,.1935969,.197771,.1933819,.1934313,.193599,.1972291,.1940982,.1934398,.1935028,.2012313,.1935868,.1936155,.1984106,.1998901,.193553,.1963634,.1932304,.1933721
428,.1932623,.1979128,.1932111,.1932736,.1930702,.1975279,.1930775,.193088,.1931884,.1970899,.1930685,.1931249,.1932433,.2011832,.1933381,.1934313,.1982058,.1999194,.1941795,.1964767,.1929603,.1931371
429,.1935056,.1972117,.1935123,.1930903,.1937137,.1974367,.1934625,.1932871,.1936404,.1977039,.1939551,.1934582,.1934217,.2017759,.1934958,.1935211,.199045,.1990995,.1944704,.1964264,.1929798,.1932489
430,.1938473,.1978454,.193785,.193258,.1934848,.1974349,.1935309,.1935127,.1940133,.1975086,.1938,.1933393,.1935899,.2015326,.193671,.1934513,.1979873,.1998739,.1937919,.1963118,.1929289,.1930739
431,.193258,.1976499,.1935018,.1934031,.1931209,.197739,.1931761,.1930056,.1932798,.1969116,.1933094,.1930843,.193463,.2002171,.1934397,.193608,.1963029,.1986826,.193585,.1954659,.1931075,.1931423
432,.1932635,.1973857,.1933527,.1933999,.193164,.1972072,.1930767,.1931957,.1935514,.1980217,.1930297,.1933563,.1935,.200515,.193683,.1939429,.1960744,.1996172,.1936203,.1956761,.1931379,.1929333
433,.1936939,.1980233,.193501,.1934782,.1934738,.197999,.1936459,.1934253,.1932438,.197431,.1936769,.1933637,.1935799,.2018059,.1935485,.1939373,.1984037,.1998204,.1936969,.1967788,.1932511,.1932974
434,.1930777,.1960651,.1932998,.193286,.1930705,.1969096,.1934854,.1932541,.1931552,.1960301,.1935734,.1932889,.1934228,.2010333,.1933311,.1934784,.196788,.1997004,.1937589,.1955775,.193114,.193297
435,.1934904,.1977305,.1935047,.1935233,.1935376,.1977906,.1934177,.1935067,.1931154,.1970238,.1934911,.1935382,.1939616,.2021099,.1936486,.1938724,.1960451,.1995913,.1941755,.1956827,.1932851,.1933196
436,.1930544,.1978786,.1932308,.1932654,.1931557,.1972053,.1933225,.1930631,.193595,.1969748,.1934629,.1932251,.1934971,.200605,.1935533,.1934603,.196881,.1996264,.1938989,.195632,.1930344,.1938367
437,.1935054,.1970399,.1934413,.1931389,.1932467,.197298,.193646,.1930663,.1932994,.1965396,.1936834,.1935865,.193605,.2014764,.1937534,.1937511,.197515,.1993341,.1943146,.1955769,.1930845,.1935329
438,.1934619,.1986293,.1937001,.1931549,.1932891,.1966483,.1936409,.1931818,.1937957,.1978542,.1934471,.1934699,.1934218,.2019485,.1933283,.193517,.1965943,.1982415,.1936504,.1955223,.193618,.1935668
439,.1929268,.1975324,.1935232,.1931722,.192945,.1983671,.1935307,.1931658,.1932682,.1966359,.1937794,.1930697,.1934726,.200424,.1934474,.1934073,.1974315,.198882,.1939791,.1969555,.1934841,.1929371
440,.193546,.1962904,.1936359,.1931713,.193791,.1970512,.1937498,.1933276,.1938383,.1967759,.1935594,.1933429,.1937315,.2004853,.1934735,.1935763,.1972293,.1989098,.1941263,.1964476,.1933441,.1938333
441,.1930465,.1977845,.1931823,.1932129,.1932018,.1973453,.1930506,.1932644,.1930148,.198483,.1927751,.1933719,.1933133,.200051,.1931764,.1934983,.1966484,.199271,.1939236,.1963027,.1929339,.1937047
442,.1935674,.1976001,.1937981,.1935091,.1935348,.1970682,.1934054,.1935208,.1933081,.1973113,.1937851,.1933295,.1935652,.2007958,.193707,.1935062,.1973682,.1988951,.1936331,.1963951,.1931482,.1939098
443,.1935154,.1983929,.193656,.1931727,.1936374,.1977157,.1935283,.193078,.1934207,.1977299,.1936421,.1931289,.1939471,.2012237,.1934443,.1935289,.1983633,.199822,.1939474,.1962133,.1940065,.1933818
444,.1934372,.1981412,.1933064,.1931242,.1931465,.1980828,.1932995,.1931879,.193425,.1977109,.1934396,.1931282,.1935707,.2021599,.1935376,.1937073,.1961756,.1987721,.1937683,.1962203,.1929866,.1937296
445,.1937618,.1985323,.1936712,.1932475,.1934733,.1982596,.1937457,.1928152,.1932644,.1975842,.1944856,.1932023,.1933088,.2014392,.193371,.1934089,.1974591,.1995277,.1939286,.1963597,.1932442,.193613
446,.1933537,.1982374,.1932491,.1936758,.1932343,.1979492,.1932122,.1932314,.1930615,.1974623,.193298,.1932242,.1931858,.2023646,.1933159,.1937258,.1978127,.1990087,.1933699,.1968445,.1934199,.1934097
447,.1933268,.1974882,.1932577,.1932994,.1932242,.1970342,.1933662,.193292,.1935207,.1968642,.1934949,.1931811,.1935924,.2008502,.1932999,.1935988,.1967261,.2000102,.1943112,.1960424,.1932284,.1932226
448,.1934918,.1970628,.1936427,.1931606,.1933386,.1970786,.193302,.1931766,.1935152,.1972219,.193656,.1933259,.1932456,.20098,.1931638,.1936569,.1974529,.1992159,.1937044,.1952119,.1931835,.1932689
449,.1930287,.1978889,.1935605,.1933538,.1930267,.1979016,.1931993,.1932392,.1930382,.1972144,.1933886,.1933785,.1936944,.2021064,.193575,.1934567,.1963305,.1999773,.193519,.1955645,.1931595,.1933853
450,.1934926,.1978773,.1932113,.1932228,.1932658,.1977256,.1933054,.1933501,.1932667,.1965349,.1934068,.1933416,.1935178,.200922,.1935668,.1936412,.1977406,.1997247,.1939749,.1959905,.193359,.1938085
451,.1934152,.1987615,.1932261,.1929922,.1931179,.1976785,.1933233,.1930349,.1934692,.1979133,.193328,.1929987,.1934244,.2017876,.1935479,.1936041,.1972655,.199756,.1941861,.1959151,.1930532,.1933471
452,.1935188,.1988537,.19386,.1934139,.1932866,.1973765,.1936144,.1930831,.1934128,.1983706,.1934712,.1933374,.193952,.2022299,.1939391,.1939028,.1966169,.198994,.1938517,.1955191,.1932448,.1938314
453,.1932597,.1979497,.1936912,.1935541,.1934509,.196862,.193209,.1932952,.193185,.1976332,.1932945,.1932451,.1933316,.2009294,.1934433,.1935595,.197757,.1992872,.1939263,.1960077,.1930973,.1934875
454,.1931852,.1969158,.1931179,.1933643,.1933797,.1974162,.1936961,.1931431,.1930546,.1968679,.1933126,.1932817,.1935599,.2013189,.1935976,.1934592,.1977894,.1984449,.1942319,.1959451,.1933919,.1933919
455,.1935013,.1987838,.193273,.1932901,.193234,.1973685,.1933228,.1932963,.1933355,.1969418,.1933176,.193424,.1935622,.2020168,.193395,.1935832,.1972931,.1996401,.1933465,.1958334,.1928623,.193504
456,.1936511,.1981063,.1933194,.1933239,.1937983,.1979702,.1934431,.1932494,.19348,.1964794,.1933526,.1933968,.1933385,.2009401,.19353,.1938314,.1972095,.1992165,.1934658,.1962738,.193343,.193501
457,.193292,.1973595,.1936027,.1932235,.1930686,.1984065,.1933733,.1931323,.1936714,.1987926,.1934417,.1932001,.1933515,.2023944,.1937324,.1935143,.1966299,.1994934,.1934069,.1961389,.1935753,.193429
458,.1935927,.1974144,.1937618,.1934753,.1931702,.1978496,.1935454,.1933433,.1933805,.1977702,.1933465,.1935768,.193706,.2019985,.193611,.1937245,.1978044,.1991041,.1939151,.1964616,.1932449,.1939465
459,.1934537,.1978272,.1933456,.193525,.1934101,.1977743,.1934684,.1932819,.1934287,.1970815,.1935279,.1936497,.1934771,.2013121,.1935497,.1937851,.1973925,.1995516,.1938162,.1960157,.1929526,.1937473
460,.1932152,.1985487,.193618,.1933022,.1930652,.1975835,.1933715,.1932326,.1933633,.1985102,.1938266,.193128,.1938018,.201917,.1938601,.1936874,.1984061,.1994737,.1938614,.1960099,.193106,.1931968
461,.1936159,.1975581,.193519,.1936488,.1938127,.1976651,.1935196,.1936361,.1934453,.1969026,.1933939,.1935726,.1934872,.2017183,.193561,.1936939,.1986823,.200065,.1939799,.1962081,.1934063,.1943447
462,.1935147,.1967652,.1935206,.1932508,.1934897,.1973655,.1934822,.1933847,.1933522,.1972433,.1935051,.1930787,.19351,.2012281,.1934423,.1936515,.1960898,.1994569,.1938949,.1961872,.1932706,.1936183
463,.1931496,.197984,.1935526,.1930053,.1933416,.1973079,.1929715,.1929168,.1930772,.1985937,.1940669,.1929963,.1933508,.2013533,.1932174,.1933912,.1971534,.1994099,.1935021,.1960717,.1931356,.1930706
464,.1932721,.1995591,.1930996,.1931895,.1932053,.1978348,.1931021,.1933924,.1932495,.1963428,.1930542,.1932452,.1934316,.2009811,.1933644,.1937812,.1966861,.1990851,.1933489,.1952017,.193046,.1929948
465,.1933292,.1968195,.1933332,.1931988,.1931873,.1971019,.1932089,.1932285,.1933787,.1966856,.1930744,.1933437,.1935232,.2010355,.1934258,.1936359,.1964238,.1991138,.1934665,.1953114,.1932546,.1932374
466,.1937383,.1973581,.1937564,.1934402,.1933788,.1971749,.1934727,.1931801,.1935431,.197127,.1933223,.1935198,.1937209,.2010289,.1937488,.1939865,.1964857,.1992464,.1937815,.1954804,.1932399,.1930898
467,.1937034,.1971776,.193787,.1934369,.1934573,.1976311,.1936016,.193362,.1932536,.1974936,.1934712,.1936589,.1935872,.2021654,.1934589,.1938979,.1967254,.1982607,.1937728,.1953754,.1933741,.1935703
468,.1935227,.1975846,.1931929,.1931627,.1935423,.1978125,.1932712,.1930897,.1932146,.1967683,.1933493,.1934367,.193696,.2007083,.1936496,.1937099,.196502,.199645,.1939342,.1955063,.1929495,.1932525
469,.1934356,.1968048,.1932694,.1933692,.1932768,.1975717,.1934379,.1932012,.1930483,.1971317,.1931466,.1932649,.1935383,.2020553,.193592,.1935368,.1969467,.1992968,.1937738,.1955553,.1928339,.1932226
470,.1937161,.1986471,.1934531,.1935996,.1935165,.1980563,.1935848,.1934122,.1938413,.1990391,.1938208,.1934495,.1938271,.2014764,.1939529,.1937017,.1989996,.1992052,.1937704,.195854,.193918,.1939389
471,.1931169,.1978655,.1932676,.193296,.1932963,.1974833,.1931269,.193149,.1933672,.1975065,.1934058,.1931949,.1934725,.2000278,.1936064,.1936277,.1971153,.1993133,.1937436,.1959147,.1934429,.1935662
472,.1932407,.1975612,.1934713,.1933909,.1932454,.1975549,.1933668,.1935196,.1932917,.1994772,.1931662,.1932459,.193771,.2019244,.1936785,.1936511,.1971344,.1992089,.193637,.1955845,.1934399,.1932953
473,.193481,.1973006,.1939627,.1931814,.1933924,.1977623,.1935932,.1931581,.1936183,.1966224,.1937828,.193273,.1936985,.2016693,.1938503,.1934846,.1981073,.1991339,.1942632,.1962259,.1932724,.1933025
474,.193256,.1982117,.1933996,.1933597,.1931754,.1970646,.1932878,.1932606,.1932219,.1986582,.1933167,.1932376,.193819,.199715,.193902,.1937087,.1964284,.1995312,.1938747,.1961643,.193591,.1939469
475,.1934741,.1978882,.1936569,.1932715,.1933937,.1975785,.1934685,.1933278,.1934729,.1966752,.1936182,.1936667,.1935173,.2022281,.1935729,.1936085,.1959709,.1991937,.1935085,.1955666,.1937968,.1935468
476,.1932869,.1980426,.1935142,.1933123,.1933443,.1979277,.1936674,.1930716,.1936167,.1970451,.1934149,.1930027,.1936584,.2024442,.1937054,.1937169,.197147,.1989935,.1935567,.1948814,.1930159,.193596
477,.1936504,.197882,.1936726,.1934601,.1935448,.197689,.193494,.1935252,.193303,.1992802,.193828,.1935062,.1938157,.2022502,.1938965,.193931,.1968225,.1993725,.1940943,.195735,.1931726,.1933317
478,.1934448,.1974347,.1935175,.1931254,.1932278,.1981374,.1932582,.1930451,.1934201,.1968576,.1932718,.1932442,.1933859,.2018266,.1935004,.1935725,.1962093,.1995613,.1943238,.1957936,.1931352,.1933742
479,.193359,.1958561,.1934388,.193365,.1928809,.1974696,.193212,.1933694,.1931241,.1969029,.1930561,.1930784,.1933352,.2010309,.1931996,.1935419,.195546,.1982271,.1934988,.195259,.1934023,.193287
480,.193371,.1976635,.1932992,.193201,.1934862,.1974155,.1933092,.1933275,.1934498,.196835,.193335,.1933463,.1938386,.2010169,.1936182,.1936021,.1982998,.1996143,.1941013,.1962068,.1929548,.1931283
481,.1936064,.1975735,.1936529,.193479,.1934063,.1972083,.1934974,.1934091,.1936314,.1971859,.193713,.1932124,.1935,.2007163,.1938258,.1939093,.1966422,.1995458,.1940562,.196066,.1933005,.1930437
482,.1931693,.1978669,.1934451,.1930141,.1929944,.1972284,.1930554,.193206,.1930255,.199082,.1932404,.1930424,.1933575,.2017493,.1934251,.1936078,.1985351,.1994734,.1936133,.1955739,.1930077,.1935183
483,.1935685,.1977654,.1937173,.1935133,.1936578,.1968288,.1936006,.1932971,.1937435,.1966685,.1935264,.1932028,.1936466,.2010541,.1939692,.1937477,.1962495,.1997605,.1939735,.1958721,.1930424,.1934105
484,.1936427,.1977975,.1937014,.1933189,.1934745,.1974745,.1932217,.1932059,.1933932,.1976909,.1940218,.1933625,.1935685,.2014349,.1935572,.1936852,.1986839,.1989842,.1937973,.1955934,.1931507,.1936389
485,.1935984,.1974229,.1935085,.1933726,.1934684,.1978287,.193457,.1933407,.193609,.1979801,.1938838,.1933759,.1934149,.2004448,.1933057,.1934638,.197471,.1989528,.1938637,.1958762,.1934885,.1934206
486,.1936588,.1977087,.1935496,.1933985,.1934569,.1974856,.1936503,.1933154,.1934405,.1969285,.1934666,.1934845,.1935325,.2016557,.1937439,.1938142,.1985483,.1996635,.1940815,.1961018,.1937044,.1936169
487,.1936723,.196828,.1935139,.1933375,.1934578,.1969788,.1936108,.1933126,.1937276,.1973337,.1935528,.193235,.1938847,.2014974,.1939518,.1935068,.1976279,.1994544,.194281,.1967701,.1932485,.193611
488,.1934274,.1974769,.1935523,.1931134,.1934334,.1971259,.1930692,.1932077,.1934992,.1960926,.1937877,.1930779,.1934913,.2020021,.1935527,.1934987,.1976736,.1990358,.1938433,.1958419,.193399,.1932388
489,.1932099,.1982482,.1934537,.1934586,.192905,.1970299,.1930429,.1933171,.1931837,.1993511,.1930998,.1933473,.1934044,.2010605,.1933961,.1935574,.1966879,.1996614,.1937038,.1961486,.1929314,.193609
490,.1935313,.1973586,.1935828,.1931161,.1933849,.1975951,.1932722,.1932882,.1933595,.1971454,.1932554,.1931039,.1936315,.2007743,.1935059,.1934879,.1980538,.1992226,.1936675,.1960707,.1930761,.1936234
491,.1935794,.1972526,.1934743,.1934953,.1931473,.1972807,.1932151,.1930972,.1935714,.1969596,.193252,.1934379,.1937281,.2014114,.1936973,.1937873,.1979932,.1996923,.1940923,.1957678,.1937241,.1935081
492,.1931867,.1971743,.1933904,.1930514,.1933887,.1976015,.1931146,.1930832,.1930244,.1982543,.1934831,.193164,.1937442,.2018135,.1935606,.1935879,.198532,.1998099,.1937848,.19594,.1932114,.1934368
493,.1932124,.1962869,.1934702,.1935276,.1934562,.1972745,.1935022,.1934264,.193245,.1971842,.1931907,.1933518,.1934578,.2015028,.1934205,.1936722,.1985794,.1995307,.194458,.1957209,.1930249,.1946319
494,.1933633,.1969646,.1933987,.193496,.193287,.1974375,.1932429,.1932107,.1935906,.1970278,.1935565,.1932338,.1935403,.2010363,.1934634,.1937384,.1975532,.199357,.1939429,.1955882,.1934788,.1937496
495,.1933515,.197163,.1934373,.1932579,.1932798,.1970214,.1933273,.1933226,.1934015,.1980213,.1933876,.1934498,.1934403,.2010835,.1933202,.1935679,.197555,.1993923,.1934267,.1956433,.1932313,.1939994
496,.1933538,.1966106,.1933493,.19334,.193078,.1975816,.1931641,.1932115,.1930237,.1971715,.1933499,.1933551,.1933442,.2017443,.1933739,.1936285,.1965331,.1995622,.1938902,.1959166,.1931912,.1930302
497,.1934758,.1987876,.1935785,.19324,.1933248,.1977331,.193731,.1931669,.1934074,.1973893,.1934309,.1932727,.1934438,.2018068,.1936869,.1935659,.1979126,.198863,.1938266,.1959462,.1929942,.1936044
498,.1934511,.1979183,.1934878,.1932423,.1934305,.1979957,.1931961,.1931588,.1932958,.1975497,.1931781,.1931783,.1935032,.2010467,.1933581,.1934618,.1973294,.1995032,.193289,.1962155,.1931858,.1932211
499,.1933285,.1972962,.1936399,.193339,.1932678,.1977726,.1934092,.1933552,.1933009,.1962648,.1940356,.1931883,.1933684,.2009699,.1934153,.1935649,.1969798,.1999728,.1936973,.1954513,.1932737,.1934741
500,.1932741,.1974394,.1932755,.1932407,.1930806,.1970493,.1929979,.1931635,.1930563,.1962042,.1933267,.19339,.1935632,.2021311,.1935821,.19369,.1967178,.1990746,.1933945,.1953642,.1931782,.1931073
